Price,Close,High,Low,Open,Volume,SMA_20,EMA_20,RSI,BB_upper,BB_lower,Returns,Log_Returns,Volatility,Momentum,Volume_Change,Target
Ticker,AAPL,AAPL,AAPL,AAPL,AAPL,,,,,,,,,,,
Date,,,,,,,,,,,,,,,,
2020-01-31,74.53990936279297,77.71166246110458,74.24609404973549,77.29020649112265,199588400,75.25865364074707,75.8579568081955,49.368872641654356,79.07901966820071,71.43828761329343,-0.044338356491192776,-0.045351357962615454,0.017679029107834456,-1.3799514770507812,0.5747464163757898,-0.002746442076561162
2020-02-03,74.33518981933594,75.4984048922783,72.78423148900761,73.28515870612867,173788400,75.39388160705566,75.6948969798741,42.98753591907876,78.84738281095377,71.94038040315755,-0.002746442076561162,-0.0027502204682761074,0.01751080136759441,-2.4251632690429688,-0.1292660294886877,0.033013789426990625
2020-02-04,76.78927612304688,76.97953543976107,75.53213292898627,75.9367288800473,136616400,75.62327499389649,75.81071286399816,54.73967061008534,78.78070563675998,72.465844351033,0.033013789426990625,0.03248053896127159,0.01880749805414441,0.549102783203125,-0.21389229660897968,0.008154159932057148
2020-02-05,77.4154281616211,78.21258127557842,76.81334832632962,77.91394467954083,118826800,75.90095481872558,75.97875700871752,57.61869270791307,78.61061529908413,73.19129433836703,0.008154159932057148,0.008121094396124571,0.0187408170833523,0.9031143188476562,-0.13021569884728335,0.011696861977363637
2020-02-06,78.3209457397461,78.32335641079244,77.12883215929374,77.68515330009288,105425600,76.16611099243164,76.22172506564402,57.52906338322327,78.72133191909862,73.61089006576466,0.011696861977363637,0.01162898249252961,0.018615840585190592,1.4401626586914062,-0.11277927201607718,-0.013592665972639084
2020-02-07,77.25635528564453,78.06988383321008,76.76630651671353,77.82123854389138,117684000,76.30048942565918,76.3281486003381,51.53375477853366,78.78367573317215,73.81730311814621,-0.013592665972639084,-0.01368589201430556,0.018515359048295776,0.5971450805664062,0.11627536385849346,0.0047497838516039614
2020-02-10,77.62330627441406,77.62330627441406,75.76450341427329,75.84416334192943,109348800,76.44478569030761,76.46036244992908,54.317888428945025,78.88046892080467,74.00910245981055,0.0047497838516039614,0.004738539220605348,0.018526020492900582,3.2182693481445312,-0.07082696033445501,-0.006033471584418804
2020-02-11,77.15496826171875,78.19059132825674,76.93770658748598,78.11817322586252,94323200,76.48583030700684,76.53078796856502,51.98197087443517,78.94124474169256,74.03041587232111,-0.006033471584418804,-0.006051746518708153,0.018029786785941495,0.64508056640625,-0.137409829828951,0.023747890803547556
2020-02-12,78.98723602294922,78.99206144129231,77.60399117788235,77.60399117788235,113730400,76.67002601623535,76.77832263157643,55.95840766137403,79.2985408384439,74.04151119402681,0.023747890803547556,0.023470295917864765,0.01840652852445805,0.87579345703125,0.20575213733206676,-0.007121210584549509
2020-02-13,78.42475128173828,78.75064746940821,78.05782062596876,78.26059867524006,94747600,76.84223251342773,76.94331953011822,54.8995936148797,79.4559634361101,74.22850159074537,-0.007121210584549509,-0.007146687427336048,0.018472782367062922,0.4265289306640625,-0.16691051820797254,0.00024641782131040735
2020-02-14,78.44407653808594,78.6927218682662,77.93712767417983,78.39337649475979,80113600,76.96844329833985,77.09297312413915,62.7960478133564,79.63782528387898,74.29906131280072,0.00024641782131040735,0.0002463874654257959,0.018322340794187483,3.9041671752929688,-0.1544524610649769,-0.01831066517198998
2020-02-18,77.0077133178711,77.1887659353896,75.94794846047884,76.12900107799734,152531200,76.98081130981446,77.0845090483996,51.646914927610055,79.64842534810961,74.3131972715193,-0.01831066517198998,-0.01848038032555145,0.018713365382618752,2.6725234985351562,0.9039364102973777,0.014482806107461554
2020-02-19,78.12300109863281,78.35233737517142,77.24912158938099,77.24912158938099,93984000,77.0749526977539,77.18718982954445,50.03950928168214,79.76530908247615,74.38459631303165,0.014482806107461554,0.014378931995666951,0.018891511609272164,1.3337249755859375,-0.3838375361893174,-0.010258856232454372
2020-02-20,77.32154846191406,78.37165530100644,76.81701596336808,77.8840228178166,100566000,77.11541442871093,77.20042638519425,47.79093579559238,79.79445930844355,74.43636954897832,-0.010258856232454372,-0.010311840984861102,0.01905988641516025,-0.09387969970703125,0.07003319713993861,-0.02263483145513079
2020-02-21,75.5713882446289,77.35778064143899,74.95581205860155,76.9160079617277,129554000,77.04994468688965,77.04046352522501,53.79005689654787,79.81572529306662,74.28416408071267,-0.02263483145513079,-0.02289493162898333,0.01972465579663682,-2.7495574951171875,0.2882485134140764,-0.04750056358756882
2020-02-24,71.98170471191406,73.43012593023869,69.82114748147725,71.75961758398634,222195200,76.81606941223144,76.54518470924408,43.07499521834432,80.39306480954414,73.23907401491874,-0.04750056358756882,-0.04866576367444171,0.022337813789822678,-5.274650573730469,0.7150778825817805,-0.03387262837758054
2020-02-25,69.54349517822266,73.03177760353739,69.07276292142255,72.65036343493304,230673600,76.5729923248291,75.86150630904767,28.659735994510115,81.31188593934975,71.83409871030845,-0.03387262837758054,-0.03445959878008989,0.022637102782135227,-8.079811096191406,0.038157439944697336,0.01586404255307472
2020-02-26,70.64673614501953,71.90927916190874,69.16210602316792,69.16934783382864,198054800,76.27983474731445,75.35353377603191,30.60977027722872,81.71013934448347,70.84953015014544,0.01586404255307472,0.015739523817309933,0.021887623084197866,-6.508232116699219,-0.14140673228319145,-0.06536808696594065
2020-02-27,66.02869415283203,69.04141300899963,65.89350875868202,67.85853712666133,320605600,75.67569732666016,74.44716683145695,20.96281541940698,82.70197048586161,68.6494241674587,-0.06536808696594065,-0.0676025031035521,0.025044917176195485,-12.958541870117188,0.618772178205224,-0.0005853593379546718
2020-02-28,65.99004364013672,67.20913548442363,61.88860137685158,62.103453983809466,426510000,75.07528839111328,73.6267501516907,22.030645680625796,83.2278907003561,66.92268608187045,-0.0005853593379546718,-0.0005855307276182274,0.02505766995140433,-12.434707641601562,0.330326107840911,0.09310109652096843
2020-03-02,72.1337890625,72.7686815326321,67.0425894386722,68.14338895911868,341397200,74.95498237609863,73.48217557839801,39.40953057174128,83.21120437193441,66.69876038026284,0.09310109652096843,0.08901869944675204,0.03235650437310701,-6.3102874755859375,-0.19955639961548377,-0.031759269444256444
2020-03-03,69.8428726196289,73.38667475068135,68.99312746023453,73.30701482551375,319475600,74.73036651611328,73.13031744339548,36.820222694975,83.29621284071287,66.16452019151369,-0.031759269444256444,-0.03227453403279758,0.03307432515762771,-7.1648406982421875,-0.06421142294078563,0.0463843520825129
2020-03-04,73.08248901367188,73.24181619852034,70.76260504877715,71.56164999828624,219178400,74.54502716064454,73.1256999262375,39.87080862919621,83.0836645895868,66.00638973170227,0.0463843520825129,0.045340747559397994,0.033955442271327574,-5.0405120849609375,-0.3139432244590823,-0.032436767334776184
2020-03-05,70.71192932128906,72.31242862903635,70.3474076125405,71.33957264179317,187572800,74.20985221862793,72.89297018258844,37.541982275697514,82.80019141582139,65.61951302143447,-0.032436767334776184,-0.032974499453938905,0.034529178468911466,-6.609619140625,-0.14420034090950573,-0.013280135825627704
2020-03-06,69.77286529541016,70.20497969740977,67.88992061879122,68.07579869358199,226176800,73.78244819641114,72.59249183612663,36.398096755825094,82.3621480413237,65.20274835149857,-0.013280135825627704,-0.013369105392632263,0.034384475861128395,-5.79852294921875,0.20580809157830982,-0.07909215136263348
2020-03-09,64.25437927246094,67.1319051551366,63.48912685930832,63.670179502443226,286744800,73.13234939575196,71.79035381314515,32.265910399194055,82.53466638600064,63.73003240550329,-0.07909215136263348,-0.0823953035010742,0.03813927992819574,-7.727325439453125,0.2677905072491962,0.07202156270222448
2020-03-10,68.882080078125,69.14762542571471,65.0268655374001,66.90257561810807,285290000,72.6952880859375,71.51084308717293,38.29360085824466,82.0310436474439,63.35953252443112,0.07202156270222448,0.06954617690734749,0.0421258832050219,-0.6614151000976562,-0.005073500896964789,-0.03473030771848118
2020-03-11,66.48978424072266,67.88751298901103,65.62797171834961,66.96294054735044,255598800,72.16202888488769,71.02869491292817,36.80995342692542,81.64247746118987,62.68158030858552,-0.03473030771848118,-0.03534774282183874,0.042644154548797296,-4.156951904296875,-0.10407374951803428,-0.09875496689653607
2020-03-12,59.923587799072266,65.17894285229022,59.86806602728879,61.78481034349421,418474000,71.20884647369385,69.9631634775574,32.945699918303546,81.59050695634471,60.82718599104299,-0.09875496689653607,-0.10397810151776068,0.0466702559279525,-6.105106353759766,0.6372299087476154,0.11980850755149608
2020-03-13,67.10294342041016,67.5736832780311,61.06302571813862,63.94538830639056,370732000,70.64275608062744,69.68892143378538,45.06857899401229,80.59347300071524,60.692039160539636,0.11980850755149608,0.11315769528859324,0.05529869128670383,1.1128997802734375,-0.11408594082308576,-0.1286472676311724
2020-03-16,58.470333099365234,62.54280456775261,57.93682983719696,58.4075658429193,322423600,69.64406890869141,68.61395850915872,40.05294063262431,80.28351293175642,59.0046248856264,-0.1286472676311724,-0.13770841009245544,0.06163883277603751,-13.663455963134766,-0.1303054497588555,0.04397021930371969
2020-03-17,61.04128646850586,62.1879493594709,57.550590391518064,59.74977632698614,324056000,68.84574756622314,67.88876841445104,41.59307411223685,79.5545994947737,58.13689563767258,0.04397021930371969,0.043030963482435416,0.0629048705749627,-8.801586151123047,0.005062904824584713,-0.024479853804683538
2020-03-18,59.54700469970703,60.350878847985236,57.24160039100893,57.88132191691277,300233600,67.91694774627686,67.09034692115608,43.99892829932575,78.45882887685644,57.375066615697285,-0.024479853804683538,-0.02478446695865545,0.06272074088482046,-13.535484313964844,-0.07351321993729476,-0.007662001461893664
2020-03-19,59.090755462646484,61.03646731467495,58.56691024737155,59.72081881991735,271857200,67.00540809631347,66.3250400403821,43.661309583932436,77.272479009024,56.73833718360295,-0.007662001461893664,-0.007691505397849369,0.06272637850166976,-11.621173858642578,-0.09451440478347528,-0.06348558938901516
2020-03-20,55.3393440246582,60.79264863512061,55.04000233501268,59.67012006159394,401693200,65.99380588531494,65.27450966136199,33.86071237081332,76.68531548979884,55.302296280831044,-0.06348558938901516,-0.0655903694844192,0.06376513740178476,-14.433521270751953,0.4775889695031068,-0.021244200250681078
2020-03-23,54.16370391845703,55.16070158535809,51.32479999006741,55.05931255400759,336752800,65.10290584564208,64.21242856743199,34.602428577101364,76.63032958925682,53.57548210202735,-0.021244200250681078,-0.021473106024878688,0.06329739874946916,-10.090675354003906,-0.1616666650070253,0.10032531170129078
2020-03-24,59.597694396972656,59.79323063321941,56.56083807077307,57.05812866753022,287531200,64.60561580657959,63.77146161712234,37.304556077250126,76.18445029113047,53.02678132202871,0.10032531170129078,0.09560587399275335,0.06783097436785711,-9.284385681152344,-0.1461653770956025,-0.005508610348035514
2020-03-25,59.26939392089844,62.34245973328567,58.97488132854125,60.53193331315153,303602000,64.03674869537353,63.3413975099054,38.796444493846394,75.48307765285283,52.59041973789424,-0.005508610348035514,-0.005523838692443781,0.06764474154825532,-7.220390319824219,0.05589236924549401,0.052622957825634975
2020-03-26,62.38832473754883,62.44625922344338,59.472169846872056,59.51079529315195,252087200,63.854730224609376,63.250380563265864,43.065690659091686,75.28345176962083,52.42600867959793,0.052622957825634975,0.05128510428836499,0.06739170045202297,2.4647369384765625,-0.16967872411907692,-0.041402347028152375
2020-03-27,59.805301666259766,61.767909526223264,59.638732669554486,61.01473181958192,204216800,63.54549312591553,62.9214665873383,45.578419301173554,75.06527216556515,52.02571408626591,-0.041402347028152375,-0.04228384065116655,0.06800420558480126,-7.297641754150391,-0.1898961946501052,0.028537975931394177
2020-03-30,61.51202392578125,61.683422027854625,60.206030134757754,60.529513617295876,167976400,63.01440486907959,62.786933745779805,42.22403230654382,73.82458811397201,52.20422162418717,0.028537975931394177,0.02813835303776564,0.06466708191678526,3.0416908264160156,-0.17746042441170362,-0.0020407431735848247
2020-03-31,61.38649368286133,63.366001623216455,60.83368129501873,61.702735358357586,197002000,62.59158592224121,62.65328867809949,44.34515831098317,72.92835625433376,52.254815590148645,-0.0020407431735848247,-0.0020428283272601417,0.06438340974932906,0.34520721435546875,0.1727957022534119,-0.052617119417781466
2020-04-01,58.15651321411133,60.04187380235648,57.726815314664734,59.505957782413006,176218400,61.84528713226318,62.22424061681632,47.88561580821102,71.09052469821478,52.60004956631159,-0.052617119417781466,-0.054051958549965445,0.06407404839708558,-1.3904914855957031,-0.10549943655394356,0.016686693497525606
2020-04-02,59.126953125,59.18006218576405,57.1884834576866,58.01891202578832,165934000,61.26603832244873,61.92877253382385,38.79085958233762,69.57665165385994,52.95542499103752,0.016686693497525606,0.01654900027935356,0.06408621920584504,0.036197662353515625,-0.05836166938299292,-0.01437123994566114
2020-04-03,58.277225494384766,59.31284498948773,57.68820030765842,58.61277624472143,129880000,60.69125633239746,61.580485353410694,49.65262395111949,68.06152814751842,53.3209845172765,-0.01437123994566114,-0.014475506378678966,0.06409235690337217,2.9378814697265625,-0.21727915918377183,0.08723727296381334
2020-04-06,63.36117172241211,63.51566611882468,60.20120105165565,60.568131689303875,201820400,60.64659595489502,61.750304278648485,53.82716102214369,67.93634389081734,53.3568480189727,0.08723727296381334,0.08363986671434906,0.06503033147144764,9.197467803955078,0.5538989836772406,-0.011582052012700239
2020-04-07,62.6273193359375,65.5893455207901,62.52351758063344,65.3720764386448,202887200,60.33385791778564,61.833931886421894,55.21243611346795,66.60091436400094,54.066801471570336,-0.011582052012700239,-0.011649646405170584,0.06289803436427746,3.0296249389648438,0.005285887848800241,0.025594467715181812
2020-04-08,64.23023223876953,64.54405384793799,63.06184016051964,63.42635444288139,168895200,60.220880317687985,62.06240399409953,58.37200819501501,66.08947664530642,54.352283990069544,0.025594467715181812,0.025272412976254356,0.06273583158399844,4.960838317871094,-0.1675413727430809,0.007216124417003256
2020-04-09,64.6937255859375,65.19584902236409,63.89951332637289,64.86512738575412,161834800,60.45938720703125,62.313257405240144,67.06599686795658,66.65568932659532,54.263085087467175,0.007216124417003256,0.007190212770970493,0.058258174993179306,2.305400848388672,-0.04180343787153218,0.01962760698226873
2020-04-13,65.96350860595703,66.07214313145124,64.17229133387406,64.77097468626023,131022800,60.4024154663086,62.66121582546879,71.45369632879215,66.35779087847656,54.44704005414063,0.01962760698226873,0.019437469440309975,0.05186378620933948,6.158206939697266,-0.1903916833709437,0.05050341957043791
2020-04-14,69.29489135742188,69.58457858630197,67.12225924197793,67.59299914714502,194994800,60.94364337921142,63.29351307684384,69.0904544048159,68.02141420805273,53.86587255037012,0.05050341957043791,0.04926949648128289,0.043131176994724296,7.782867431640625,0.4882508998433861,-0.00912787279441396
2020-04-15,68.6623764038086,69.12104145125336,67.74504630891909,68.17232773147242,131154400,61.32469787597656,63.80521313296866,68.27269235381632,69.20025291798514,53.44914283396798,-0.00912787279441396,-0.009169787079090807,0.04252089334007648,7.275882720947266,-0.3273953972105923,0.007946362745931301
2020-04-16,69.20799255371094,69.57251431493546,68.1603019063984,69.37456161234648,157125200,61.807747268676756,64.32010927358276,64.74272522562269,70.37863006942644,53.23686446792707,0.007946362745931301,0.007914956671815417,0.04188116406885177,11.05147933959961,0.19801699371122883,-0.013569052928875114
2020-04-17,68.26890563964844,69.27073604048029,66.83496828577375,68.72516178272222,215250000,62.26665477752685,64.69641371890842,69.69655164332127,71.20018420219905,53.333125352854644,-0.013569052928875114,-0.013661953869966683,0.04202071773871902,9.141952514648438,0.36992665721348317,-0.020756376016384137
2020-04-20,66.85189056396484,67.99855755048588,66.83258151937916,67.09812692651032,130015200,62.842282104492185,64.90181012064517,62.59682848902922,71.37084179620156,54.31372241278281,-0.020756376016384137,-0.02097481757956296,0.039181600353359415,8.574665069580078,-0.39598048780487805,-0.030910556466707595
2020-04-21,64.78546142578125,66.92912586019385,64.07573448825138,66.69496415132106,180991600,63.373369979858396,64.89072377946742,57.34556788108052,70.88917381175442,55.85756614796238,-0.030910556466707595,-0.03139836636329622,0.03964679749322697,1.4242897033691406,0.3920803106098363,0.02880354139875352
2020-04-22,66.6515121459961,67.0860355273564,65.71003990834832,66.05041238241853,116862400,63.72606086730957,65.0584933936093,69.50877491145368,71.15739399273858,56.294727741880564,0.02880354139875352,0.028396516756912214,0.03384537655045508,4.024192810058594,-0.354321416021517,-0.0038756215984002695
2020-04-23,66.39319610595703,68.01542772017612,66.35457066668404,66.59597413685326,124814400,64.0822509765625,65.1856597040415,67.25118488563041,71.29381602068474,56.87068593244027,-0.0038756215984002695,-0.003883151280883611,0.03381774309479816,2.1629638671875,0.06804583852462387,0.028869760588277504
2020-04-24,68.30995178222656,68.31960998543786,66.86877252729914,66.91705617630512,126161200,64.37833232879639,65.48332096131509,72.67061931374548,71.78078525067244,56.97587940692034,0.028869760588277504,0.02846087992815315,0.03249373613053888,3.6162261962890625,0.010790421618018353,0.0007070960455561881
2020-04-27,68.3582534790039,68.68897519756469,67.58093367390491,68.02752439339068,117087600,64.8059799194336,65.75721532814268,64.61860751529372,72.08322611162849,57.5287337272387,0.0007070960455561881,0.000706846170930669,0.030637406071623685,2.394744873046875,-0.07192068559905895,-0.01620986415736958
2020-04-28,67.25017547607422,69.0003506347447,67.15844834573424,68.81929803212363,112004800,65.09288749694824,65.8994448902705,63.23407166217688,72.2751699276596,57.910605066236876,-0.01620986415736958,-0.016342681259260933,0.030626736919241646,-2.0447158813476562,-0.04341023302211333,0.03284567732113097
2020-04-29,69.45905303955078,69.92737656274731,68.53206419889801,68.73484231712963,137280800,65.49651546478272,66.23854769078847,64.46687499525055,72.70903885787942,58.283992071686015,0.03284567732113097,0.032317786258160223,0.03119836125255037,0.7966766357421875,0.22566889990428973,0.02109568430264175
2020-04-30,70.9243392944336,71.10056648651737,69.60869475205328,69.99735081766806,183064000,66.13490676879883,66.68492372398077,66.33317346673061,72.85537220382156,59.414441333776104,0.02109568430264175,0.020876251052591485,0.02802037789806141,1.7163467407226562,0.33350038752687916,-0.016099275025964976
2020-05-01,69.78250885009766,72.17964374552773,69.0051893150792,69.10174923798432,240616800,66.66768455505371,66.97999772019124,60.07888918867765,72.70351890945084,60.631850200656594,-0.016099275025964976,-0.016230276273576198,0.028582726421514455,1.5136032104492188,0.31438622558231,0.01414918636383855
2020-05-04,70.7698745727539,70.89781817578982,69.11867496549594,69.80667664361658,133568000,67.29231700897216,67.34101130841916,54.44231259722564,72.14104995953645,62.44358405840788,0.01414918636383855,0.014050020938492667,0.02807824602399486,3.9179840087890625,-0.4448932909090304,0.015008491314473682
2020-05-05,71.83202362060547,72.66245223551824,71.08367131021836,71.2285148811078,147751200,67.71585960388184,67.76880496274694,59.30543634659733,72.59849844141685,62.83322076634683,0.015008491314473682,0.014896978285824985,0.021515988082180762,7.046562194824219,0.10618711068519415,0.010317182902862987
2020-05-06,72.57312774658203,73.2031872790944,72.14825527383692,72.53208591439893,142333600,68.21315002441406,68.22643519676463,59.76723823712948,72.93698936588447,63.48931068294365,0.010317182902862987,0.0102643240302327,0.02109992531320838,5.9216156005859375,-0.036667045682200916,0.010344916400388815
2020-05-07,73.32389068603516,73.66910326152602,72.89660917840814,73.19836352852457,115215200,68.66783294677734,68.71197980020813,64.8341629922709,73.52616124741046,63.80950464614422,0.010344916400388815,0.010291773941365425,0.020687198864909277,6.930694580078125,-0.19052704350905192,0.023802198152082177
2020-05-08,75.06916046142578,75.1224133124194,73.65554805604467,73.98232657864203,133838400,69.18660469055176,69.31750755357707,73.65828864037339,74.45651756521396,63.916691815889564,0.023802198152082177,0.023523342091279802,0.021032456359067992,6.759208679199219,0.16163839493400167,0.015734798589150945
2020-05-11,76.25035858154297,76.7441494175839,74.36957144120983,74.57774424961227,145946400,69.70094718933106,69.97785996418165,84.78143431086225,75.61496656610319,63.78692781255892,0.015734798589150945,0.015612290072654453,0.020933789517823462,7.8921051025390625,0.09046730983036255,-0.011428228947197527
2020-05-12,75.37895202636719,77.38318317958411,75.25792355724299,76.93295343320654,162301200,70.00515022277833,70.49230669586494,78.17720616018835,76.43465929017229,63.57564115538437,-0.011428228947197527,-0.011494032985098976,0.0186954140482805,8.128776550292969,0.11206031803456606,-0.012073902310408724
2020-05-13,74.46883392333984,76.47791143801962,73.39410026175051,75.55809041384309,200622400,70.29547309875488,70.87106155112347,75.01978437162283,76.98865848988254,63.60228770762722,-0.012073902310408724,-0.012147383941242535,0.018818663883369828,5.0097808837890625,0.2361116245597692,0.006143362123043561
2020-05-14,74.92632293701172,74.98683718466037,72.98744407851115,73.70877656980059,158929200,70.58138961791992,71.2573119608316,72.53649488029596,77.56137848686035,63.60140074897951,0.006143362123043561,0.006124568604938247,0.018804262608466415,4.001983642578125,-0.2078192664428299,-0.005911976313808465
2020-05-15,74.48336029052734,74.52935171327063,72.6679327201148,72.70182424718615,166348400,70.89211235046386,71.56457987871899,70.3169302437637,77.99093334300625,63.793291357921476,-0.005911976313808465,-0.005929521230037733,0.018500113605477944,4.7008514404296875,0.04668242210997109,0.023561146049707826
2020-05-18,76.23827362060547,76.61104348348049,75.11513293810333,75.80499689236754,135178400,71.3614315032959,72.00972662533543,78.58676429765286,78.57575674726962,64.14710625932219,0.023561146049707826,0.023287866444838386,0.01795844034412531,5.4683990478515625,-0.18737781667872966,-0.005778416510527684
2020-05-19,75.79773712158203,77.0999976554672,75.76626852775506,76.25522103808397,101729600,71.91204528808593,72.37051377040054,72.71540184430174,78.68031080057996,65.14377977559191,-0.005778416510527684,-0.005795176153194918,0.015952208433836636,3.9657135009765625,-0.24744189900161562,0.019448088422289622
2020-05-20,77.27185821533203,77.34204942619355,76.6158784313997,76.65460843756124,111504800,72.44306259155273,72.83733685732695,72.73266787837322,79.13963726774435,65.74648791536112,0.019448088422289622,0.019261391072206722,0.015438991443117717,4.69873046875,0.09609002689482704,-0.007455438426875793
2020-05-21,76.69576263427734,77.67367499164858,76.45854411277335,77.1338852173559,102688800,72.95819091796875,73.20482619082297,75.8044030723772,79.26919989855486,66.64718193738264,-0.007455438426875793,-0.007483369118237945,0.015598142758900042,3.3718719482421875,-0.07906386092796003,0.006438291450418188
2020-05-22,77.1895523071289,77.27185079219365,76.33266854723075,76.43432834001963,81803200,73.40217094421386,73.58434280162531,74.87877569363957,79.5843676249291,67.21997426349863,0.006438291450418188,0.0064176541838136605,0.01475317946422089,2.120391845703125,-0.20338732169428408,-0.0067734867167803525
2020-05-26,76.66670989990234,78.48455279572174,76.61103413521022,78.30543299444078,125522000,73.81759376525879,73.87791479026555,69.55366355795388,79.68108435198414,67.95410317853344,-0.0067734867167803525,-0.006796530896512093,0.014993488432429111,0.416351318359375,0.5344387505623251,0.004357111588489726
2020-05-27,77.0007553100586,77.14599099987917,75.78563172544763,76.52391007078806,112945200,74.30512275695801,74.17534028865275,68.51703660026112,79.44639687547358,69.16384863844245,0.004357111588489726,0.004347646860417471,0.014077612768337548,1.6218032836914062,-0.10019598158091814,0.0004399244083042042
2020-05-28,77.03462982177734,78.29090607267398,76.4004417495467,76.67638285095582,133560800,74.68390159606933,74.44766361406306,66.50881082688309,79.42235952532765,69.94544366681102,0.0004399244083042042,0.00043982766993236745,0.012733218844194321,2.5657958984375,0.18252745579272078,-0.0009739446531240592
2020-05-29,76.95960235595703,77.73660324937043,76.60377827424547,77.27669643163954,153532400,74.98566474914551,74.68690385271336,59.87854741690003,79.47834785527544,70.49298164301558,-0.0009739446531240592,-0.0009744192453938258,0.012235767679446029,2.0332794189453125,0.14953189858102078,0.012297703764425849
2020-06-01,77.9060287475586,78.02705721931588,76.78288098389504,76.91359380175058,80791200,75.39184074401855,74.99349642577093,58.86936193169743,79.3396868692316,71.4439946188055,0.012297703764425849,0.012222701284943295,0.011378392991502171,3.42266845703125,-0.47378403516130796,0.00462928369838167
2020-06-02,78.26667785644531,78.29088502405892,77.19920603150173,77.63975136630202,87642800,75.76668090820313,75.30523649991572,66.36496332691706,79.26474314007294,72.26861867633332,0.00462928369838167,0.004618601519140521,0.011198860243576945,2.0284042358398438,0.08480626602897345,0.005505055772880629
2020-06-03,78.69754028320312,78.95896587901703,78.0149380337886,78.58619617453675,104491200,76.10995674133301,75.62832102978139,75.34091002608774,79.3176688231305,72.90224465953551,0.005505055772880629,0.005489958336159104,0.010955570184895272,2.8998031616210938,0.1922394081430534,-0.008611790701038236
2020-06-04,78.01981353759766,78.81859867793425,77.64704369151033,78.52087329742372,87560400,76.38229103088379,75.8560873103271,68.06128194254885,79.23036717332563,73.53421488844195,-0.008611790701038236,-0.008649086447057606,0.011252125686402296,0.747955322265625,-0.16203086958518997,0.028480924463435198
2020-06-05,80.24188995361328,80.30240419943048,78.2400813612976,78.26912701737099,137250400,76.72819099426269,76.273791244658,77.83784621104158,79.69039357517046,73.76598841335492,0.028480924463435198,0.02808288299034638,0.012480813866283713,3.5461273193359375,0.5674939812974815,0.005912356256949858
2020-06-08,80.71630859375,80.75020011255444,79.2300827598663,79.93930785149966,95654400,77.0105484008789,76.69689587408884,74.70642065128355,80.35837551067426,73.66272129108354,0.005912356256949858,0.0058949468653427825,0.011644597246005983,3.5267562866210938,-0.3030665120101653,0.03157827179127315
2020-06-09,83.26519012451172,83.6573213064147,80.3653518160227,80.39682040985336,147712400,77.36128997802734,77.32245805993702,83.423872955858,81.697672332671,73.02490762338368,0.03157827179127315,0.031089932173601835,0.012970088725426055,6.598480224609375,0.5442300615549311,0.025727397632432814
2020-06-10,85.40738677978516,85.87455499385788,83.77350211039672,84.21162466782144,166651600,77.86271171569824,78.09246280060997,84.35927178991462,83.38970845334681,72.33571497804967,0.025727397632432814,0.025402017130222214,0.01322857562632947,8.406631469726562,0.1282167238498595,-0.04801055731122661
2020-06-11,81.30693054199219,84.97651490391192,81.20527075656385,84.55291522831224,201662400,78.20461654663086,78.39860673282739,65.00711378833438,83.69351059765557,72.71572249560614,-0.04801055731122661,-0.04920133386489494,0.017585507112832625,4.272300720214844,0.21008379157475843,0.008633430114228569
2020-06-12,82.0088882446289,84.18740070270101,80.90027071068629,83.44186857843707,200146000,78.55874481201172,78.7424472816647,65.4749189115033,84.07093107491599,73.04655854910746,0.008633430114228569,0.00859637517785762,0.017606182976733213,5.049285888671875,-0.007519497933179409,0.012367489686781141
2020-06-15,83.02313232421875,83.67426627857331,80.50331793854433,80.66549938713932,138808800,78.9857334136963,79.15013609248582,69.78610603551172,84.49172152573998,73.47974530165261,0.012367489686781141,0.012291637050331717,0.017501836592335444,5.117103576660156,-0.3064622825337504,0.026502185993614313
2020-06-16,85.22342681884766,85.4945368687229,83.4418908130573,85.07335265810912,165428800,79.4349910736084,79.7285505365163,72.93108686716012,85.44067581881903,73.42930632839777,0.026502185993614313,0.02615708703485093,0.01767231604355181,6.956748962402344,0.1917745848966348,-0.0013914446253291413
2020-06-17,85.10484313964844,86.02707997222016,84.9838146063766,85.96656570558426,114406400,79.90034637451171,80.24058305159836,72.40008385904058,86.15647059923803,73.64422214978539,-0.0013914446253291413,-0.0013924135833403985,0.017548674294242242,6.4073028564453125,-0.30842513516388925,0.00039794306733687
2020-06-18,85.13871002197266,85.55504835135272,84.53114459703605,85.06125001022909,96820400,80.29368896484375,80.7070751658968,72.75432884353337,86.8366291510283,73.7507487786592,0.00039794306733687,0.0003978639089940955,0.017292890369249882,7.118896484375,-0.15371517677332736,-0.005714694854095259
2020-06-19,84.65216827392578,86.30783714893171,83.54596609025744,85.8430918789263,264476000,80.69150924682617,81.08280111106752,69.26064461940062,87.2807167433366,74.10230175031575,-0.005714694854095259,-0.005731086200257449,0.01723115827170077,4.4102783203125,1.7316144118388275,0.026163691699602643
2020-06-22,86.86698150634766,87.00979422869749,84.99830144840965,85.04429286253834,135445200,81.17538070678711,81.63367913814535,72.20359107348901,88.0948267863464,74.25593462722782,0.026163691699602643,0.025827277589720622,0.01786526824102824,6.150672912597656,-0.48787337981518175,0.02134477867180329
2020-06-23,88.72113800048828,90.1371727058119,87.6899729783668,88.1087341820106,212155600,81.77810211181641,82.30867932628928,74.10652785397511,89.13042169677004,74.42578252686278,0.02134477867180329,0.02112016941879325,0.017907204786726073,5.4559478759765625,0.5663574641257128,-0.0176520357933716
2020-06-24,87.155029296875,89.26818923809188,86.78225950639512,88.35079128217394,192623200,82.28581581115722,82.77023900660943,71.06966601993273,89.65147875063997,74.92015287167447,-0.0176520357933716,-0.017809691022826847,0.018765050988208944,1.7476425170898438,-0.0920663890088218,0.013275868589052164
2020-06-25,88.31208801269531,88.35081802484417,86.55233602258699,87.3099757261986,137522400,82.84968872070313,83.2980367782129,69.57495624315519,90.24931394941227,75.45006349199399,0.013275868589052164,0.013188516512800695,0.01877065561462342,7.005157470703125,-0.2860548469758575,-0.030726096266497027
2020-06-26,85.59860229492188,88.42824869367755,85.4509437109353,88.20797597788908,205256800,83.28163871765136,83.51713924310783,60.68211910359485,90.22828420423797,76.33499323106476,-0.030726096266497027,-0.031208040642344587,0.020533928333237386,3.5897140502929688,0.4925335799840609,0.023046673761406344
2020-06-29,87.57136535644531,87.66577111516035,85.02976731524565,85.50661981464565,130646000,83.7649055480957,83.90325758969676,59.665274918496934,90.47780094974978,77.05201014644162,0.023046673761406344,0.022785110328929842,0.020858343134794583,4.5482330322265625,-0.3634997719929376,0.008347683782601312
2020-06-30,88.30238342285156,88.58801627360432,87.14051287267962,87.15987418081895,140223200,84.26669082641601,84.32222349989603,56.93733104729561,90.74534420506522,77.7880374477668,0.008347683782601312,0.008313034563936967,0.020861369618033393,3.0789566040039062,0.07330649235338238,-0.001891572209017256
2020-07-01,88.1353530883789,88.9220381809634,88.08694613026117,88.37983297329643,110737200,84.7385814666748,84.68537991055828,70.1643445391139,90.87508149776804,78.60208143558157,-0.001891572209017256,-0.0018933634909774333,0.020940848865660607,3.0305099487304688,-0.21027904084345528,0.0
2020-07-02,88.1353530883789,89.67483914156468,88.02159341265586,89.0406511103845,114041600,85.24435844421387,85.01394977657465,68.87393091881046,90.6762140532006,79.81250283522715,0.0,0.0,0.020714300529809677,2.99664306640625,0.02984001762731947,0.026750427650369613
2020-07-06,90.49301147460938,90.96017971455592,89.52962194946613,89.56109054157537,118655600,85.75691452026368,85.53576660169729,71.2533939283956,91.13559379382635,80.37823524670101,0.026750427650369613,0.026398890363204443,0.02062026011736145,5.840843200683594,0.04045892025366182,-0.0031029162556592826
2020-07-07,90.21221923828125,91.6476154008952,90.10087509241899,90.87061453958542,112424400,86.23171005249023,85.98114414393832,65.93468613914226,91.40963530317224,81.05378480180822,-0.0031029162556592826,-0.0031077402819217254,0.02072590776688082,3.3452377319335938,-0.05251500982675916,0.023290096932620852
2020-07-08,92.31327056884766,92.34473915860562,91.10056271828748,91.18770707353977,117092000,86.68411407470703,86.58420515186067,70.43628502992044,92.33060477578583,81.03762337362822,0.023290096932620852,0.023023021483974112,0.02026061559093632,3.592132568359375,0.0415176776571633,0.004300277238622252
2020-07-09,92.71024322509766,93.2572869587544,91.66455533300416,93.20403412942578,125642800,87.04925689697265,87.16763852959272,71.0326785417578,93.26403023350167,80.83448356044363,0.004300277238622252,0.004291057468718544,0.019685733130697464,5.555213928222656,0.07302633826392912,0.0017493001194810454
2020-07-10,92.87242126464844,92.93051996359854,91.69602787555728,92.30600881208682,90257200,87.62753143310547,87.71095216546762,73.25378370783727,93.74408513629704,81.5109777299139,0.0017493001194810454,0.0017477718760051369,0.015406228031876168,4.560333251953125,-0.2816365123986412,-0.004613334424274584
2020-07-13,92.4439697265625,96.77921054368312,92.2309584307968,94.17467542417103,191649200,88.14928550720215,88.16171648918458,67.55014364483833,94.02326862632313,82.27530238808117,-0.004613334424274584,-0.004624008693497654,0.015606012792000423,6.845367431640625,1.1233674432621443,0.01654857183603342
2020-07-14,93.97378540039062,94.16500509879575,90.89482027358295,91.82673375082925,170989200,88.69681816101074,88.71524769103287,66.87393232045216,94.60032258694321,82.79331373507827,0.01654857183603342,0.016413136354445693,0.0157216519305154,6.4024200439453125,-0.10780112831151922,0.006877544585142337
2020-07-15,94.6200942993164,96.09422076841606,93.4243319454073,95.8449023157505,153198000,89.16665153503418,89.27761479702339,75.48745894102355,95.39307851104628,82.94022455902207,0.006877544585142337,0.006854002156478052,0.014991949936524359,6.317710876464844,-0.10404867675853213,-0.01230506743041171
2020-07-16,93.4557876586914,94.31024858615012,92.85790656415841,93.49451766571708,110577600,89.58419876098633,89.675536509993,67.5530931633033,95.78371238782721,83.38468513414544,-0.01230506743041171,-0.012381401617221238,0.015442103246007392,5.3204345703125,-0.2782046763012572,-0.0020204193874380216
2020-07-17,93.2669677734375,94.06091431617955,92.79495374103925,93.90600170117715,92186800,89.99061164855956,90.01757796226048,81.61647579287488,96.02661490117009,83.95460839594904,-0.0020204193874380216,-0.002022463188042165,0.015487824022115914,5.131614685058594,-0.1663157818581702,0.021074075673751302
2020-07-20,95.23248291015625,95.37045717183655,93.01040144233045,93.35412562962276,90318000,90.51962738037109,90.51423607499116,81.60548212179164,96.43907661293254,84.60017814780964,0.021074075673751302,0.02085508863082347,0.01569819138453279,4.739471435546875,-0.020271882742431635,-0.013801850170064633
2020-07-21,93.91809844970703,96.09661104261261,93.6687800817764,96.02157397759412,103433200,90.87218322753907,90.83841373848891,72.10339660489657,96.71506098823903,85.0293054668391,-0.013801850170064633,-0.013897981253559451,0.015542363569129324,3.7058792114257812,0.14521136429061765,0.0028093344672592835
2020-07-22,94.18194580078125,94.86212529718233,93.53323489247579,93.62037185613211,89001600,91.14522361755371,91.15684562517859,73.61931413483059,97.07459403112999,85.21585320397743,0.0028093344672592835,0.0028053956624071955,0.014998326924730826,1.8686752319335938,-0.13952580022661965,-0.04551636114075963
2020-07-23,89.89512634277344,93.99314942038049,89.08665688068213,93.91568941051719,197004400,91.28222846984863,91.03668179464377,55.149474218136405,96.94398373088153,85.62047320881574,-0.04551636114075963,-0.046584777022185844,0.018017546878441787,-2.8151168823242188,1.2134927911408333,-0.0024773537279209057
2020-07-24,89.67242431640625,90.01614846898383,86.31267234298356,88.09663844239333,185438800,91.35024528503418,90.90675242358854,47.25592208120894,96.89320106795972,85.80728950210863,-0.0024773537279209057,-0.00248042744617518,0.017828413998417503,-3.1999969482421875,-0.058707318212182114,0.023700085693302286
2020-07-27,91.79766845703125,91.88965127303891,90.50993119389801,90.73261943445108,121214000,91.66019859313965,90.9916016212787,54.71960536715208,96.49729371313609,86.82310347314322,0.023700085693302286,0.023423598652974303,0.016872389337720728,-0.64630126953125,-0.34633960098965266,-0.016427301492739743
2020-07-28,90.28968048095703,91.54595685387366,90.28483461346657,91.36925259131361,103625600,91.79611434936524,90.92475195205088,43.75564434793009,96.29004884639355,87.30217985233693,-0.016427301492739743,-0.016563725727987373,0.01679113707728289,-3.6841049194335938,-0.14510205091821082,0.019168277289462354
2020-07-29,92.02037811279297,92.20434377285328,90.73505619988047,90.7713632677891,90329200,91.98201408386231,91.02909735268634,48.033124222359504,96.16421543633578,87.79981273138884,0.019168277289462354,0.018986880242910304,0.017187457318381998,-2.5997161865234375,-0.12831192292252103,0.012100193221374678
2020-07-30,93.13384246826172,93.23792519284922,90.78830982976133,91.19496376791191,158130000,92.23193855285645,91.22954935882434,50.70698842532126,96.02561755417297,88.43825955153993,0.012100193221374678,0.012027571124047605,0.017296323051244206,-0.3219451904296875,0.7505967062699548,0.10468870151555154
2020-07-31,102.88390350341797,103.03397765297315,97.62157959922047,99.61613418906329,374336800,92.9693660736084,92.33948830151859,68.77012456966307,98.66642643482457,87.27230571239222,0.10468870151555154,0.09956357719424815,0.028550557375948013,9.616935729980469,1.3672724973123378,0.02519740346434629
2020-08-03,105.47631072998047,108.09052270549662,104.4645145020522,104.7622398081077,308151200,93.71853103637696,93.5906147088062,69.9194717239393,101.5756060152953,85.86145605745861,0.02519740346434629,0.024885182793243435,0.028499342010764903,10.243827819824219,-0.17680762350909662,0.006678340694760587
2020-08-04,106.18071746826172,107.26997389606046,104.94380243901392,105.6651349105181,173071600,94.51695594787597,94.78967251482962,69.97987869198312,103.95926778307242,85.07464411267952,0.006678340694760587,0.00665613936807677,0.02838134454026074,12.262619018554688,-0.4383549374462926,0.003624692370707283
2020-08-05,106.56558990478516,106.88510690463526,105.43760344433963,105.90235611566642,121776800,95.22957191467285,95.91118879553648,73.28459948648151,106.02580782229944,84.43333600704625,0.003624692370707283,0.0036181390044996674,0.02818380066136608,12.383644104003906,-0.2963790708585349,0.03488911790826954
2020-08-06,110.2835693359375,110.77736760867772,106.30899814130089,106.89719478834881,202428800,96.10823822021484,97.27998731636895,76.85667992482442,108.74476508487257,83.47171135555712,0.03488911790826954,0.03429428852246273,0.028819951371850436,20.388442993164062,0.6622936388540346,-0.022735800709065224
2020-08-07,107.77618408203125,110.26174118969138,106.98080610359243,109.80585245809037,198045600,96.85342636108399,98.27962535077992,69.46434135618486,110.41073509233986,83.29611762982812,-0.022735800709065224,-0.022998244569723637,0.02965643137667112,18.103759765625,-0.021653045416462513,0.014534872197099924
2020-08-10,109.34269714355469,110.35874505613272,106.69709332777636,109.21902314455248,212403600,97.6983627319336,99.33325147154724,73.74886731604472,112.17384598076904,83.22287948309815,0.014534872197099924,0.014430253470296294,0.029540976022208443,17.545028686523438,0.07249845490129547,-0.029739879928265656
2020-08-11,106.09085845947266,109.10504953060087,105.83138875527999,108.60794103965802,187902400,98.3042163848877,99.97683321972764,66.79091031329838,113.1333023692625,83.4751304005129,-0.029739879928265656,-0.030191078412114783,0.030695171003554317,15.801177978515625,-0.11535209384398382,0.0332343775765358
2020-08-12,109.6167221069336,109.87376452711321,106.98566715289093,107.17965891895842,165598000,99.05404777526856,100.89491804380334,78.41611912799817,114.59813513157175,83.50996041896536,0.0332343775765358,0.03269405460175064,0.03127188704345146,17.596343994140625,-0.11870204957467279,0.01769756473608175
2020-08-13,111.55667114257812,112.55817011651827,110.50667052619417,110.99408465160128,210082000,99.95909194946289,101.9103232690935,80.04536743516454,116.22194320043816,83.69624069848761,0.01769756473608175,0.017542786303464314,0.030973164215038575,18.422828674316406,0.2686264326863852,-0.000891262427543893
2020-08-14,111.45724487304688,111.54696624880587,109.65066604650143,111.3820725095563,165565200,100.86860580444336,102.81955403436163,78.5809039162012,117.58393288358435,84.15327872530237,-0.000891262427543893,-0.0008916598380501833,0.030952400424349623,8.573341369628906,-0.21190201921154594,-0.0026108014525916268
2020-08-17,111.16625213623047,112.60181637912858,110.54062239475888,112.57756555807367,119561600,101.66529426574706,103.61447777094259,81.46349966631604,118.76402703245864,84.56656149903549,-0.0026108014525916268,-0.0026142155383320517,0.030934940904939204,5.68994140625,-0.2778579073380155,0.00833283976571475
2020-08-18,112.09258270263672,112.51694618501556,110.58427334354063,110.91891544512356,105633600,102.57401847839355,104.42191643496368,81.0029045514066,119.86980654382944,85.27823041295767,0.00833283976571475,0.008298313326027939,0.030499015514307982,5.911865234375,-0.11649225169285127,0.0012546113757374577
2020-08-19,112.23321533203125,113.64452867430332,112.13864675565405,112.49995954797271,145538000,103.47658195495606,105.16584974586398,80.41431325834014,120.81237478073923,86.14078912917289,0.0012546113757374577,0.0012538250085401606,0.030518439329420277,5.667625427246094,0.37776237863710027,0.022189733248714205
2020-08-20,114.72364044189453,114.837612647254,112.25747906222769,112.27445537799255,126907200,104.7180076599121,106.07611561788998,74.52406011473,121.5060596061604,87.9299557136638,0.022189733248714205,0.02194712352221957,0.027755530280462497,4.440071105957031,-0.12801330236776653,0.0515324241971018
2020-08-21,120.63562774658203,121.1181872782855,115.66935990258521,115.68148161330981,338054800,106.2661678314209,107.46273594666452,77.60394814859683,122.92243784703162,89.60989781581019,0.0515324241971018,0.05024855182128656,0.028816450157786302,12.859443664550781,1.6637952771789148,0.01196031888027993
2020-08-24,122.0784683227539,124.91807177754512,120.21612051624737,124.83319019483912,345937600,107.78020782470703,108.85471057315135,78.19046376982566,124.40386789488875,91.15654775452532,0.01196031888027993,0.011889359503909654,0.028756289987203188,12.735771179199219,0.02331811292133712,-0.008203764385991907
2020-08-25,121.07696533203125,121.42130925505194,119.35768781992573,120.95329871627834,211495600,109.31957206726074,110.01873492251585,75.18141005357901,124.78522991488245,93.85391421963902,-0.008203764385991907,-0.008237600443473598,0.02834309937016338,14.986106872558594,-0.3886307819676149,0.013598911139396819
2020-08-26,122.72348022460938,123.17936898693925,121.32671591454528,122.39126546065715,163022400,110.85472717285157,111.22871074703103,73.2589495354555,125.14056733631047,96.56888700939267,0.013598911139396819,0.013507275773422832,0.02832884728944209,13.106758117675781,-0.22919247492619232,-0.01195440994100816
2020-08-27,121.25639343261719,123.657076446734,120.11424426928406,123.32486169573068,155552400,112.26085472106934,112.18372820382923,76.22414509617668,124.60696726682787,99.9147421753108,-0.01195440994100816,-0.01202643851445621,0.02895616649598395,9.699722290039062,-0.045821923858316405,-0.0016198002204448336
2020-08-28,121.05998229980469,122.64588380173389,120.83688511649021,122.2287948592591,187630000,113.16965866088867,113.02908578336678,74.07812824334994,125.28319863809966,101.05611868367768,-0.0016198002204448336,-0.0016211135151969261,0.019619718874035158,9.602737426757812,0.20621732612290145,0.03391230442662496
2020-08-31,125.1654052734375,127.06656032182518,122.2166916072517,123.7492518971319,225702700,114.15411338806152,114.18492579243376,87.86828265374652,126.82261642272842,101.48561035339462,0.03391230442662496,0.03334996052298561,0.020104411043712002,13.999153137207031,0.20291371315887652,0.03983218007421829
2020-09-01,130.15101623535156,130.75240977324506,126.61061944886391,128.7736558625042,151948100,115.35262832641601,115.7055059032137,88.53291589726469,129.31444995748558,101.39080669534644,0.03983218007421829,0.03905933481924674,0.021255515449789323,18.058433532714844,-0.32677765928365055,-0.02071814346713796
2020-09-02,127.45452880859375,133.83695705739137,123.18665076532004,133.45866793446768,200119000,116.39707527160644,116.82446051130228,79.0089186076815,130.71199765208263,102.08215289113025,-0.02071814346713796,-0.02093577540254625,0.022335937135749575,15.2213134765625,0.3170220621383222,-0.08006078157660967
2020-09-03,117.25041961669922,124.97140947448622,116.88183227033254,123.09936731503697,257599600,116.74541778564453,116.86502804664772,57.72292415449611,130.77007392898267,102.72076164230641,-0.08006078157660967,-0.08344767805266436,0.02913811447100052,2.5267791748046875,0.2872320969023432,0.0006617540699338509
2020-09-04,117.32801055908203,119.98573625952378,107.56037630423063,116.46473461185484,332607200,117.22300910949707,116.90912162073376,58.26129046644662,130.59708101132017,103.84893720767398,0.0006617540699338509,0.0006615352072595014,0.028492837641342174,-3.3076171875,0.2911790235699123,-0.06729502783023766
2020-09-08,109.43241882324219,115.41715402612338,109.29662311428591,110.52848630276392,231366600,117.22749519348145,116.19705466611369,46.994994602292465,130.59049299924982,103.86449738771307,-0.06729502783023766,-0.06966634232135825,0.032580344259422404,-12.646049499511719,-0.30438487200517605,0.039886845117441894
2020-09-09,113.79733276367188,115.56268488982629,111.79918898360513,113.7391367002721,176940500,117.61281890869141,115.96850971677311,51.61294129457634,130.0350229120934,105.19061490528941,0.039886845117441894,0.03911190446213987,0.03289122944254452,-7.279632568359375,-0.2352374975471827,-0.03264605939911147
2020-09-10,110.0822982788086,116.88181506989982,109.12202651754133,116.74601936225844,182274400,117.63609771728515,115.40791813738034,45.33168481095146,129.99680211103203,105.27539332353828,-0.03264605939911147,-0.033190831261876955,0.03311143391851434,-12.641181945800781,0.0301451617916757,-0.01312868852351079
2020-09-11,108.6370620727539,111.77008060116817,106.69711453574045,111.12989436180371,180860300,117.49011726379395,114.7630746882165,36.74026199153224,130.21667731887334,104.76355720871454,-0.01312868852351079,-0.013215631558453574,0.032997947234146736,-12.619331359863281,-0.007758083417089834,0.029999908000946984
2020-09-14,111.89616394042969,112.44904864015743,109.41303369608222,111.27538137934282,140150100,117.51206321716309,114.49003556384875,39.18171355645913,130.1962635298802,104.82786290444598,0.029999908000946984,0.029558712922071465,0.03370868714270227,-9.163818359375,-0.2250919632445595,0.0015602953515552187
2020-09-15,112.07075500488281,115.26196916143692,110.1987055878256,114.7769823425134,184642000,117.5572883605957,114.25962788734346,40.26012451600213,130.15235894176107,104.96221777943033,0.0015602953515552187,0.0015590793554742031,0.033699726245507065,-13.094650268554688,0.31745892439605816,-0.029513583253377385
2020-09-16,108.76314544677734,112.51694623083202,108.6758513682307,111.77006975767836,154679000,117.39081649780273,113.73615336051397,35.42604282769379,130.37209652571863,104.40953646988682,-0.029513583253377385,-0.02995787261051139,0.03432049155544438,-21.38787078857422,-0.16227618851615555,-0.015963604435330625
2020-09-17,107.02689361572266,108.83104527474275,105.4458391619844,106.42551466292394,178011000,117.1305004119873,113.0971762323759,35.22806385036972,130.74082548993263,103.52017533404197,-0.015963604435330625,-0.016092395251430375,0.0344782006728651,-20.427635192871094,0.1508414199729764,-0.0317201836382911
2020-09-18,103.6319808959961,107.5506753180143,102.9045006607274,107.08509211161683,287104900,116.57591743469239,112.19572904524628,33.034301959498706,131.44489124339717,101.70694362598762,-0.0317201836382911,-0.03223416698785931,0.03461118038574154,-13.618438720703125,0.6128492059479471,0.030325729827123116
2020-09-21,106.77469635009766,106.88139403880808,100.00427732246104,101.4010416835348,195713800,115.88287086486817,111.6794402107962,31.755161257263666,131.23924606121744,100.52649566851889,0.030325729827123116,0.02987499479801387,0.033096121116282975,-10.553314208984375,-0.31831954104579896,0.015715847171021036
2020-09-22,108.45275115966797,109.47122644967507,105.8823269140235,109.29663089711133,183055400,115.20158500671387,111.37213648822649,26.96193370918509,130.60954585834418,99.79362415508358,0.015715847171021036,0.015593632057831389,0.03321117712715675,-0.9796676635742188,-0.0646781167194137,-0.041946324895345555
2020-09-23,103.90355682373047,108.7437221830897,103.56406020187804,108.2684372729303,150718700,114.34291458129883,110.66084317969501,25.94134622084337,130.2773461682229,98.40848299437475,-0.041946324895345555,-0.04285147428784398,0.03420508428032745,-9.893775939941406,-0.1766498010984653,0.010269004417187366
2020-09-24,104.97054290771484,106.93958810787352,101.84722676940335,102.01212050333626,167743300,113.4552677154541,110.11890981552942,34.57603619688881,129.40191001908198,97.5086254118262,0.010269004417187366,0.010216636397814852,0.03410723008573599,-5.11175537109375,0.11295612289649526,0.03751626516431528
2020-09-25,108.90864562988281,109.06384497371614,104.4370662899755,105.17424837255975,149981400,112.83788032531739,110.00364655880499,40.359865688067366,128.46575030007946,97.21001035055531,0.03751626516431528,0.036829650266639154,0.035510802422830806,0.27158355712890625,-0.10588738864681924,0.023868792116834125
2020-09-28,111.50816345214844,111.85735453793174,109.39362072171006,111.5566650919616,137672400,112.36028938293457,110.14693388304745,52.70474899811593,127.50657497013093,97.21400379573821,0.023868792116834125,0.023588385709216373,0.036081709333328355,-0.38800048828125,-0.08207017670191108,-0.007567736879462661
2020-09-29,110.66429901123047,111.84766814275456,110.1599159291002,111.11049343812664,99382200,111.63523406982422,110.19620675273015,45.50512443813098,125.53781716871664,97.7326509709318,-0.007567736879462661,-0.007596517494893685,0.034995526009368644,-1.4064559936523438,-0.2781254630557759,0.015075776331057389
2020-09-30,112.33264923095703,113.73911550361659,110.20841190929694,110.37330565840851,142675200,110.74431571960449,110.39967746618242,53.42994360137217,121.60095199690119,99.88767944230779,0.015075776331057389,0.014963266190894445,0.03372058229249727,3.5695037841796875,0.4356212681949081,0.008462295223369942
2020-10-01,113.28324127197266,114.18531720423022,112.35206730969273,114.10771752396202,116120400,110.03575134277344,110.67430259205787,57.19003635491236,117.67277708557417,102.3987255999727,0.008462295223369942,0.008426690725980053,0.03371723731609972,6.25634765625,-0.18612064325124478,-0.032280345826356416
2020-10-02,109.62641906738281,111.90586307346008,108.85044458473479,109.50032515653433,144712000,109.65455131530761,110.5745041606385,46.530244835254855,116.49482856148998,102.81427406912525,-0.032280345826356416,-0.032812847108616,0.029582349267270328,5.994438171386719,0.24622374707631045,0.030791037399103605
2020-10-05,113.0019302368164,113.14742776439395,110.14051092914185,110.4897020352033,106243800,109.43824729919433,110.80568759750858,51.29659497084624,115.4843306099458,103.39216398844286,0.030791037399103605,0.030326504957248115,0.030527269966207787,6.22723388671875,-0.26582591630272545,-0.02866955962064055
2020-10-06,109.76221466064453,112.63333559022071,108.87953514429641,112.22594105943094,161498200,109.45473709106446,110.70630922216326,51.39376775603711,115.50255216008402,103.4069220220449,-0.02866955962064055,-0.02908855923238073,0.027179254704641182,1.3094635009765625,0.5200717594814945,0.016967275381734925
2020-10-07,111.62458038330078,112.08046922763401,110.70310088509402,111.17839334850785,96849000,109.34609947204589,110.79376361878523,56.39158733943289,115.13811500815164,103.55408393594014,0.016967275381734925,0.01682493894963215,0.02588353463723552,7.7210235595703125,-0.4003091056123226,-0.0009559932135212446
2020-10-08,111.51786804199219,112.90493061170089,111.1492733309645,112.7594330889432,83477200,109.41787796020508,110.8627259450355,62.0658628042296,115.283422415948,103.55233350446215,-0.0009559932135212446,-0.0009564504664771039,0.02476729028471873,6.547325134277344,-0.13806853968548982,0.017395995175437662
2020-10-09,113.45783233642578,113.48693036528995,111.46938316049868,111.8185743074938,100506900,109.65891647338867,111.10987893543937,60.616323968208185,115.78000121533644,103.5378317314409,0.017395995175437662,0.01724641706640127,0.0247951817408568,4.549186706542969,0.20400420713679912,0.0635203274529299
2020-10-12,120.66471099853516,121.42128918284882,115.69844376260184,116.45502194691551,240226800,110.09734382629395,112.01986294393902,66.50060697726968,117.91432047312797,102.28036717945993,0.0635203274529299,0.06158446920650052,0.027715203024917808,9.156547546386719,1.390152317900562,-0.026527075990317228
2020-10-13,117.46382904052734,121.6250176489062,116.05736995065374,121.50861812548327,262330500,110.36699752807617,112.53833590680273,69.01527279761072,118.8170467819407,101.91694827421163,-0.026527075990317228,-0.026885267592437326,0.028551920261726413,6.799530029296875,0.09201179885008659,0.0007431045245589463
2020-10-14,117.55111694335938,119.33586502763562,116.028258506117,117.36681956932418,150712000,110.80639610290527,113.0157436256396,68.13987815962018,119.80164206354148,101.81115014226906,0.0007431045245589463,0.0007428285590973956,0.027536636433216542,5.218467712402344,-0.4254880770630941,-0.003960822084599469
2020-10-15,117.08551788330078,117.56080289760202,114.60238771843201,115.15527240046332,112559200,111.30932731628418,113.40334117477396,63.10225553725337,120.53660463796504,102.08204999460332,-0.003960822084599469,-0.003968686914723495,0.027201644952500017,3.802276611328125,-0.2531503795318223,-0.014000334796564151
2020-10-16,115.44628143310547,117.90032142742069,115.24258781782645,117.63842435040979,115393800,111.90004234313965,113.5979069140195,56.510624192599956,120.55265288455546,103.24743180172383,-0.014000334796564151,-0.014099263929827185,0.026218591168225867,5.819862365722656,0.025183192488930306,-0.02554207949827436
2020-10-19,112.49754333496094,116.80422116143153,112.18715207359088,116.35803418573154,120639300,112.18618469238281,113.4931103825067,52.83357110832233,120.49688439841141,103.87548498635421,-0.02554207949827436,-0.02587394157049855,0.026436227837606706,-0.5043869018554688,0.045457381592425294,0.013191884208626048
2020-10-20,113.98159790039062,115.40746025257594,112.15804282671203,112.71092747344602,124423700,112.46262702941894,113.53963300332738,52.56331645811625,120.6167772926529,104.30847676618498,0.013191884208626048,0.013105629054701987,0.026378009267565845,4.219383239746094,0.03136954541347636,-0.00544625910554597
2020-10-21,113.36082458496094,115.14557257156684,112.9534300225298,113.16682541230045,89946000,112.93549041748047,113.52260363012648,50.1218539827643,120.027448373476,105.84353246148493,-0.00544625910554597,-0.005461144044089735,0.024298645859901023,1.7362442016601562,-0.2770991378652138,-0.009583246682186464
2020-10-22,112.27445983886719,114.49570058030427,111.14928675399084,113.92341222842757,101988000,113.30068626403809,113.4037327927176,54.524386930997245,119.3397622442701,107.26161028380608,-0.009583246682186464,-0.00962946148625813,0.02446164712656739,0.756591796875,0.13388032819691809,-0.006133920012981742
2020-10-23,111.58577728271484,113.05043966735408,110.84859518576691,112.89524032049677,82572600,113.43454284667969,113.23059417252483,47.33578027371055,119.17502006852777,107.69406562483161,-0.006133920012981742,-0.006152809785528344,0.02319551068796656,-1.8720550537109375,-0.19036945523002702,8.690140164224758e-05
2020-10-26,111.59547424316406,113.05043475532885,109.490625744662,110.58670073335905,111850700,113.43890838623047,113.07486846481001,53.926074017480744,119.17334689106468,107.70446988139625,8.690140164224758e-05,8.689762593418518e-05,0.022588317598044434,-9.069236755371094,0.3545740354548603,0.013472306977719839
2020-10-27,113.09892272949219,113.75850508779021,111.10077943831497,112.02225141814819,92276800,113.56063957214356,113.07715934716278,53.206720597386436,119.14857285015515,107.97270629413197,0.013472306977719839,0.013382362390301345,0.022693373163729446,-4.364906311035156,-0.17500024586345908,-0.04631214760934588
2020-10-28,107.86106872558594,111.96406058991157,107.76407283902445,111.59547326085323,143937800,113.337060546875,112.58038881136541,43.49774288230592,119.463725956786,107.21039513696398,-0.04631214760934588,-0.04741885982697643,0.024790960936693248,-9.690048217773438,0.559848195862882,0.03705036637848402
2020-10-29,111.85736083984375,113.41901900582575,108.83104039265947,108.99594153712782,146129200,113.26576652526856,112.5115290045025,47.34808673440364,119.4281497949571,107.10338325558003,0.03705036637848402,0.036380497381810144,0.026194545078663676,-5.228157043457031,0.015224631750659023,-0.056018033242191345
2020-10-30,105.5913314819336,108.6273463236584,104.48556211975591,107.72527053869118,190272600,113.06401214599609,111.85246257333738,24.22026565536204,119.94983438633109,106.17818990566109,-0.056018033242191345,-0.057648216029897115,0.0281817926581961,-9.854949951171875,0.30208473049876416,-0.0008267301018123341
2020-11-02,105.50403594970703,107.356689266343,104.09757704674024,105.83383085542181,122866900,112.68911743164062,111.24785051357526,27.107248191909633,120.36076815134014,105.01746671194111,-0.0008267301018123341,-0.0008270720316117165,0.027142929492698798,-6.993507385253906,-0.35425857427711605,0.015353587214925524
2020-11-03,107.1239013671875,108.14236934595198,105.46524717293197,106.3673230400161,107624400,112.55720176696778,110.85509345179779,31.146955738696306,120.52575050620406,104.5886530277315,0.015353587214925524,0.015236913617975157,0.026740344807812733,-6.857696533203125,-0.12405700803064124,0.04083649931229694
2020-11-04,111.49846649169922,112.11924902667879,108.97653651830575,110.71279021468385,138235500,112.5508960723877,110.91636707467615,41.1493367676961,120.52275110708607,104.57904103768934,0.04083649931229694,0.040024716118083455,0.028077851899997272,-1.8623580932617188,0.28442527902594583,0.035493800022402766
2020-11-05,115.45597076416016,116.0282591074031,113.3608313760952,114.40839736997158,126387100,112.7478012084961,111.34871028339373,50.014298993531,120.8062929662742,104.689309450718,0.035493800022402766,0.03487841441153342,0.029153217003946755,3.1815109252929688,-0.08571170213150747,-0.0011361890485358517
2020-11-06,115.32479095458984,115.8203256136095,112.83736946099638,114.96527887670223,114457900,112.8411491394043,111.72738463318622,54.550739530633024,120.97715203650944,104.70514624229915,-0.0011361890485358517,-0.001136835000641685,0.028936496909824992,3.739013671875,-0.09438621504884592,-0.019967846997168692
2020-11-09,113.02200317382812,118.53124107554257,112.75966168887598,117.08348880826458,154515300,112.45901374816894,111.85068163710247,48.49509988556748,119.71853553605145,105.19949196028644,-0.019967846997168692,-0.020169898669166478,0.02526389546515695,1.4265289306640625,0.349974968962387,-0.0030090414350729677
2020-11-10,112.68191528320312,114.25597883957684,110.8940807658282,112.27382528066764,138023400,112.21991806030273,111.92984674628141,48.925832646884714,119.0899336554906,105.34990246511487,-0.0030090414350729677,-0.003013577702415051,0.024649144326070686,-0.4170074462890625,-0.10673311963281307,0.03035273365740787
2020-11-11,116.10211944580078,116.2381494579348,113.1385999950758,113.86733537997074,112295000,112.1474681854248,112.32720605111783,55.639610943632334,118.80813227750187,105.48680409334773,0.03035273365740787,0.02990120347711137,0.025676793117331193,8.241050720214844,-0.18640607317309965,-0.002343252482284286
2020-11-12,115.83006286621094,117.11263688524541,115.2082092456536,116.22844178007917,103162300,112.0846954345703,112.66081146217044,56.331188821375775,118.57078548376616,105.59860538537446,-0.002343252482284286,-0.0023460021947356757,0.025667217235252567,3.9727020263671875,-0.08132775279398019,0.00041937605642661246
2020-11-13,115.8786392211914,116.27701069114,114.52805029862242,116.0535360017511,81581900,112.1063133239746,112.96727124881981,56.38178271089497,118.64226864765534,105.57035800029387,0.00041937605642661246,0.00041928814286662974,0.025461577188220126,10.287307739257812,-0.20918882188551435,0.008720445048851388
2020-11-16,116.88915252685547,117.55958400464418,114.80010971790968,115.54827474511946,91183000,112.32589378356934,113.34078375157362,55.73151577423509,119.20334833597408,105.4484392311646,0.008720445048851388,0.00868264158431023,0.02476037382434107,11.385116577148438,0.11768664372857218,-0.00756450585948143
2020-11-17,116.00494384765625,117.24865091924097,115.5871353083196,116.16041093814378,74271000,112.42706108093262,113.59451328458535,64.18241776346383,119.4647254233323,105.38939673853294,-0.00756450585948143,-0.007593261842249407,0.0247107972187338,8.88104248046875,-0.1854731693407763,-0.011391252877342994
2020-11-18,114.68350219726562,116.42275133775613,114.65435397133162,115.24705927558566,76322100,112.49319496154786,113.69822651438345,55.42730654814231,119.59239514717392,105.3939947759218,-0.011391252877342994,-0.011456630158681319,0.02483007109990536,3.1850357055664062,0.027616431716282364,0.005168178173785787
2020-11-19,115.27620697021484,115.68429695756758,113.49809106564801,114.25597458875419,74113000,112.64328231811524,113.84851036734472,73.78058147228681,119.8491328950829,105.43743174114758,0.005168178173785787,0.00515486897747123,0.024721919355508354,-0.1797637939453125,-0.028944434180925294,-0.010957621779646542
2020-11-20,114.01305389404297,115.40250938194856,113.96447599254086,115.27619794234921,73604300,112.76464614868163,113.86418117941358,69.75272214626267,119.97726251806422,105.55202977929905,-0.010957621779646542,-0.011018098711866568,0.024824786832395994,-1.311737060546875,-0.0068638430504769365,-0.02974253273187577
2020-11-23,110.62201690673828,114.2851304944073,110.5248536828197,113.85760341347095,127959300,112.71597328186036,113.55540362959302,57.50345875401066,119.97480067593999,105.45714588778073,-0.02974253273187577,-0.03019381253174083,0.025783579664791056,-2.3999862670898438,0.7384758770887028,0.011594233684328215
2020-11-24,111.90459442138672,112.56531474410036,109.39774313111327,110.68032441615657,113874200,112.65625686645508,113.3981837049826,51.004370536351075,119.9214673538083,105.39104637910187,0.011594233684328215,0.011527535603998846,0.025734844677147897,-0.7773208618164062,-0.11007484411058832,0.007467159327601891
2020-11-25,112.74020385742188,113.43979090606146,111.90458681744444,112.27381743371453,76499200,112.90021362304688,113.33551895758889,42.05736726428882,119.80625241575841,105.99417483033535,0.007467159327601891,0.0074394181065418705,0.023365192658966964,-3.3619155883789062,-0.3282130631872716,0.004826324327587228
2020-11-27,113.2843246459961,114.15880846315034,112.92481998616722,113.26489496698315,46691300,112.9715618133545,113.33064330886528,44.173119240070584,119.86170281177256,106.08142081493644,0.004826324327587228,0.004814714963050485,0.02192194722282876,-2.5457382202148438,-0.3896498264034134,0.021099710184320886
2020-11-30,115.67459106445312,117.54015173092947,113.49809620715159,113.65356330256418,169410200,113.47572479248046,113.55387642846541,57.53723526024793,119.51518564926374,107.43626393569718,0.021099710184320886,0.02088019375238408,0.017781511074871744,-0.20404815673828125,2.628303345591149,0.03082714998977698
2020-12-01,119.24050903320312,119.96924420990891,116.60734681760889,117.57899371988326,127728200,114.16254844665528,114.0954604861041,65.74889932405893,119.46412805317648,108.86096884013408,0.03082714998977698,0.030361538205303427,0.01864939842400883,2.3513565063476562,-0.24604185580325155,0.002933759683543924
2020-12-02,119.59033203125,119.87211059203429,117.46242241782213,118.56038101970898,89004200,114.7858699798584,114.61878158568082,59.82484030581174,119.50212925350313,110.06961070621368,0.002933759683543924,0.002929464609030619,0.018538595603966496,3.58538818359375,-0.30317502321335466,-0.0011374841275350045
2020-12-03,119.45429992675781,120.27047995352808,118.74499426371094,120.01784962535093,78967600,115.18366165161133,115.07930714200494,60.2867868765272,120.0713946206712,110.29592868255146,-0.0011374841275350045,-0.0011381315536096903,0.01662660004762484,4.7707977294921875,-0.11276546500052809,-0.005612528592434107
2020-12-04,118.78385925292969,119.3765645833526,118.07455360054387,119.12393425897255,78260400,115.35005607604981,115.43212162878122,57.96481111881299,120.49655642843118,110.20355572366844,-0.005612528592434107,-0.005628338012666632,0.014928208271561855,3.5076522827148438,-0.008955571652171312,0.012269900428010683
2020-12-07,120.24132537841797,121.03807568238211,118.78385476777048,118.84215122001115,86712000,115.59588279724122,115.89014103353382,58.970320785086805,121.18771847062179,110.00404712386064,0.012269900428010683,0.012195235334822056,0.015102280550245538,6.228271484375,0.10799331462655437,0.005090902307453904
2020-12-08,120.85346221923828,121.43645640289948,119.6000365852931,120.84375108576852,82225500,115.98745574951172,116.36283828933881,63.166214536961036,121.90756726988243,110.06734422914101,0.005090902307453904,0.005077987477847363,0.014177750407749806,10.2314453125,-0.051740243564904476,-0.02090368962353162
2020-12-09,118.32717895507812,122.37894545635208,117.5692954268489,120.99920839659741,115089200,116.26971893310547,116.549918352751,59.28676933272249,122.0631985487957,110.47623931741524,-0.02090368962353162,-0.021125265011942448,0.015138929321104064,6.422584533691406,0.39967771555052867,0.011988938307011532
2020-12-10,119.74579620361328,120.35793867044406,116.74340998030307,117.0834850101648,81312200,116.4519027709961,116.8542876718932,60.93157553754933,122.44878149175113,110.45502405024106,0.011988938307011532,0.011917640278866713,0.013867818506707348,7.005592346191406,-0.2934854008890495,-0.006734809692646615
2020-12-11,118.9393310546875,119.27940607418536,117.13206676469383,118.95876073591047,86939800,116.60736618041992,117.05286323216669,62.32383062393572,122.69686310070544,110.51786926013439,-0.006734809692646615,-0.006757590865633821,0.013968569441387151,5.655006408691406,0.06920978647730602,-0.005146759227424247
2020-12-14,118.32717895507812,119.85266455789507,118.09398573402578,119.12392925566253,79184500,116.72979316711425,117.17422663435279,72.38843259180439,122.85594618310178,110.60364015112673,-0.005146759227424247,-0.005160049413233028,0.014044756191373988,2.652587890625,-0.08920310375685248,0.05009033243108374
2020-12-15,124.25422668457031,124.27366377761385,120.61055011219938,120.81459511068267,157243700,117.098046875,117.84851235344154,78.25695168168812,124.08895532689648,110.1071384231035,0.05009033243108374,0.04887619135573392,0.017771895936277326,5.0137176513671875,0.9857888854510668,-0.0005473328728221594
2020-12-16,124.18621826171875,124.73033828648967,122.97165933994127,123.79756533721344,98208600,117.50711059570312,118.45210339234161,77.14283853375133,125.15524681855251,109.85897437285374,-0.0005473328728221594,-0.0005474827141368746,0.01761661182635774,4.59588623046875,-0.3754369809410488,0.0069633016115167035
2020-12-17,125.05096435546875,125.90601844904018,124.40967378529018,125.24529078778322,94359800,118.02548370361328,119.08056634122646,77.48520930451386,126.25136318724557,109.79960421998098,0.0069633016115167035,0.006939169786867677,0.017271493439308682,5.5966644287109375,-0.039190050565836354,-0.01585059314195625
2020-12-18,123.06883239746094,125.43965383144652,122.54414204339464,125.3036238225863,192541500,118.41511497497558,119.4604012037335,67.60762660810406,126.82876035820324,110.00146959174792,-0.01585059314195625,-0.015977557217989158,0.017856773853383065,4.28497314453125,1.0405034771163142,0.012395171546148998
2020-12-21,124.59429168701172,124.67202522679207,119.94982017477122,121.47530568083864,121251600,118.94417686462403,119.94934315453182,64.12100098723914,127.52145086945924,110.36690285978881,0.012395171546148998,0.012318980363105695,0.017628799284712914,4.35296630859375,-0.37025732114894716,0.028464640147039644
2020-12-22,128.1408233642578,130.59908932336018,125.97403967211778,127.87847449783371,168904800,119.8201171875,120.729484126901,69.29826917738917,128.39707862861644,111.24315574638356,0.028464640147039644,0.028067049497544176,0.016425548846988432,7.287361145019531,0.39301089635105857,-0.006976022516274161
2020-12-23,127.24691009521484,128.67521768491736,127.07200590849821,128.4128836440795,88223700,120.58723297119141,121.35019136198882,67.00596694752622,128.92437485988313,112.25009108249968,-0.006976022516274161,-0.007000468719195847,0.016704663162243755,8.919731140136719,-0.47767203773960243,0.007712261055500935
2020-12-24,128.228271484375,129.67603102914552,127.3829432351903,127.59670678746939,54930100,121.36163635253907,122.00524661174973,70.33477276400916,129.50480633337318,113.21846637170493,0.007712261055500935,0.007682673596974648,0.0167054417052882,8.482475280761719,-0.37737705401156374,0.03576552245427189
2020-12-28,132.81442260742188,133.44598718799116,129.7245776284665,130.19097883452193,124486200,122.33814125061035,123.0346919446849,73.85695908860733,131.06595998848684,113.61032251273387,0.03576552245427189,0.035140788543520915,0.01792197652656445,13.875091552734375,1.2662656721906567,-0.013314834826609778
2020-12-29,131.0460205078125,134.85487480481046,130.53104880605997,134.1358655444837,121047300,123.10671272277833,123.7976756173731,68.52702574142967,132.06792284481685,114.1455026007398,-0.013314834826609778,-0.013404272021347221,0.018260562928972105,12.718841552734375,-0.02762474876733323,-0.00852655121566348
2020-12-30,129.92864990234375,132.13429294527648,129.61771571736733,131.7359140805847,96452100,123.64111976623535,124.38157793023395,72.22643830442556,132.90133564066028,114.38090389181043,-0.00852655121566348,-0.008563110216613313,0.01759977413336038,5.6744232177734375,-0.2031866881789185,-0.007702756217143336
2020-12-31,128.92784118652344,130.9197204767935,127.98534242224186,130.27842990655225,99116600,124.10799522399903,124.81455538321825,67.87743081478585,133.44948365420117,114.76650679379689,-0.007702756217143336,-0.007732575670498301,0.017807363883822896,4.7416229248046875,0.02762511132468859,-0.024719166948244387
2021-01-04,125.74085235595703,129.82176713240116,123.16598610776015,129.7343224533574,143301900,124.42232284545898,124.90277414252752,62.11913961339535,133.52448550758052,115.32016018333742,-0.024719166948244387,-0.025029815558853186,0.018906272799461204,0.6898880004882812,0.4457911187429755,0.012363916133050434
2021-01-05,127.29550170898438,128.0048148809108,124.78865000861988,125.23561427002338,97664900,124.84790496826172,125.13065295838243,65.46072187283312,133.63036316135995,116.06544677516348,0.012363916133050434,0.012288107146345007,0.018915827937201212,4.2266693115234375,-0.31846751508528504,-0.033661562723031335
2021-01-06,123.01053619384766,127.33437075749549,122.79677262000745,124.09878374563415,155088000,124.9863655090332,124.92873707604427,47.727297442367885,133.54756179358947,116.42516922447695,-0.033661562723031335,-0.03424115697955041,0.020531450237322918,-1.5837554931640625,0.5879604648138685,0.034123048616106155
2021-01-07,127.2080307006836,127.89790663345559,124.23479308365204,124.72061661130184,109578200,125.30409393310546,125.14581265934471,54.7979024054017,133.689328678582,116.91885918762893,0.034123048616106155,0.033553771536081335,0.021798028385177092,-0.9327926635742188,-0.2934450118642319,0.008631047360375232
2021-01-08,128.30596923828125,128.86952618923627,126.53756485844092,128.67518495872093,105158200,125.80303344726562,125.4467799525786,55.13016605942547,133.6077266131005,117.99834028143073,0.008631047360375232,0.00859401281647175,0.02109762859165458,1.0590591430664062,-0.040336490287301685,-0.02324859133322077
2021-01-11,125.32303619384766,126.47929859092635,124.85664974689551,125.527088604103,100384500,126.08189544677734,125.4349948326994,53.44416501702948,133.3558267266129,118.80796416694179,-0.02324859133322077,-0.023523102850117113,0.021875732421438535,-2.9052352905273438,-0.04539541376706713,-0.0013955633820094127
2021-01-12,125.14813995361328,126.0129052139805,123.26314235039197,124.85664288048969,91951100,126.39233589172363,125.40767532040535,50.88264346087087,132.86903209437125,119.91563968907603,-0.0013955633820094127,-0.0013965380875337824,0.021789460494065164,-7.666282653808594,-0.0840109777903959,0.016226862976171263
2021-01-13,127.17890167236328,127.72302173327904,124.8469543181073,125.1092883878033,88636800,126.8349220275879,125.5763635444021,48.38920685164238,132.08459068165237,121.58525337352343,0.016226862976171263,0.016096614561591803,0.02190452967886827,-3.8671188354492188,-0.03604415825368046,-0.015127063990104661
2021-01-14,125.25505828857422,127.28579760816623,125.10930229637951,127.0914711114013,90221800,126.88496360778808,125.54576304384693,46.77574564802973,132.0494424356919,121.72048477988426,-0.015127063990104661,-0.01524264510585707,0.019363973609923146,-4.673591613769531,0.017881963247770694,-0.01373071097420786
2021-01-15,123.53521728515625,126.52789226757409,123.39918727805356,125.12871800814145,111598500,126.85241355895997,125.35428249539949,42.580631154382424,132.09610914805796,121.60871796986196,-0.01373071097420786,-0.013825849065735972,0.01962692767491114,-5.3926239013671875,0.23693497580407397,0.0054271835834072135
2021-01-19,124.2056655883789,125.06071988412404,123.34090015787666,124.15708026227341,90757300,126.81014862060547,125.24489040901621,34.46708740561111,132.12808174471897,121.49221549649198,0.0054271835834072135,0.005412509491301687,0.019600901328966323,-1.535186767578125,-0.18675161404499163,0.032855944621230426
2021-01-20,128.28656005859375,128.73352422939956,124.90523244341398,125.0121142129877,104319500,127.0710350036621,125.53457323278637,45.40455021797664,132.12137256278055,122.02069744454366,0.032855944621230426,0.03232772699692953,0.020551192770181175,0.991058349609375,0.14943370946469314,0.03665835334351164
2021-01-21,132.9893341064453,135.7099489572785,129.80233279797613,130.00638521290585,120150900,127.49078712463378,126.24455045885107,54.55333773718966,133.04475658974664,121.93681765952093,0.03665835334351164,0.03600241820809225,0.0218546498318142,9.978797912597656,0.1517587795186901,0.016073841939999722
2021-01-22,135.12698364257812,135.88486727485233,131.19180950505606,132.41607964346215,114459400,127.8400951385498,127.09049647635098,58.920636119587954,134.360829166787,121.3193611103126,0.016073841939999722,0.015946025590097033,0.02127744625233456,7.918952941894531,-0.04736959939542695,0.027683807977748165
2021-01-25,138.86781311035156,140.97628571065687,132.6686993609781,139.0135690829673,157611700,128.42114028930663,128.21214567959163,68.59347142785202,136.58365143663715,120.25862914197612,0.027683807977748165,0.0273075399324258,0.02183726717887178,10.561843872070312,0.3770096645622816,0.0016790755931237467
2021-01-26,139.10098266601562,140.2086596098709,137.36172630104042,139.5285097015661,98390600,128.96477584838868,129.2491777735389,67.3720176521492,138.41923551996965,119.51031617680773,0.0016790755931237467,0.0016776675216519836,0.02183375162624354,13.777946472167969,-0.37574050657406777,-0.007683640039042872
2021-01-27,138.0321807861328,140.20867556656404,136.4289690465183,139.36333253146313,140843800,129.2256637573242,130.08565425093033,74.4156913825717,139.38879773938726,119.06252977526117,-0.007683640039042872,-0.007713311287683436,0.02066900432946832,12.884040832519531,0.4314761776023319,-0.03498566284589444
2021-01-28,133.20303344726562,137.96411084778632,132.82409185319253,135.56414247660643,142621100,129.33351440429686,130.38254750772467,59.54802891467886,139.6229803953798,119.04404841321393,-0.03498566284589444,-0.035612320599004016,0.022043644171431568,6.024131774902344,0.012618943822873208,-0.037420182427728044
2021-01-29,128.2185516357422,132.86302336292994,126.51816929301403,131.9788209864335,177523800,129.2480094909668,130.17645266277364,49.87611049672143,139.54507098516842,118.9509479967652,-0.037420182427728044,-0.03813828891066517,0.023596227509026575,2.9634933471679688,0.2447232562362791,0.016520307021442804
2021-02-01,130.33676147460938,131.54160940158948,127.21776727973175,129.95781964029345,106239800,129.3184555053711,130.19172016866278,57.2840566968178,139.62556729177538,119.01134371896683,0.016520307021442804,0.016385331281153416,0.023822113888720492,6.801544189453125,-0.4015461588812317,0.006336523546111694
2021-02-02,131.1626434326172,132.4452098565485,130.79341280132044,131.8816527763116,83305400,129.5895450592041,130.28418905094426,58.5757964017321,139.78506133311657,119.39402878529165,0.006336523546111694,0.006316532186822269,0.023070520195266835,6.956977844238281,-0.2158739003650233,-0.007778498407666423
2021-02-03,130.14239501953125,131.92051071941538,129.82174974648763,131.91078476116337,89880900,129.73188972473145,130.27068485747634,54.35088400801377,139.87189274087373,119.59188670858914,-0.007778498407666423,-0.007808908726798604,0.023050756108212632,1.8558349609375,0.0789324581599753,0.02575773137615478
2021-02-04,133.49456787109375,133.50427900274144,130.77395356806818,132.43547630144383,84183100,130.25609130859374,130.57772133496402,61.609995719228706,140.0096741653327,120.50250845185478,0.02575773137615478,0.02543158960266693,0.022109427114836495,0.5052337646484375,-0.06339277866599025,-0.003097831677849272
2021-02-05,133.08102416992188,133.7232731231055,132.20524094162676,133.65516390896917,75693800,130.54974098205565,130.81613112876977,63.9647378059615,140.27051383055493,120.82896813355637,-0.003097831677849272,-0.003102639890992447,0.021008770122060955,-2.04595947265625,-0.10084328089604688,0.001096473375636009
2021-02-08,133.22694396972656,133.27560187343457,131.29047224928507,132.3706123790497,71297200,130.79578971862793,131.04573235171824,63.40309054896316,140.52654262130153,121.06503681595433,0.001096473375636009,0.00109587268775635,0.020959957740312462,-5.640869140625,-0.058084017449249514,-0.006573123551381066
2021-02-09,132.35122680664062,134.17093254443628,132.1955422076444,132.94481795724369,76774200,131.14719924926757,131.17006515694902,56.67464805389791,140.54780899968733,121.74658949884783,-0.006573123551381066,-0.006594821663171019,0.020217368816833517,-6.749755859375,0.07681928603086807,-0.004558571417042412
2021-02-10,131.74789428710938,133.30485887781032,130.78452077617774,132.80856880476307,73046600,131.4771869659424,131.2250965026786,47.644246778027764,140.44448118568278,122.50989274620203,-0.004558571417042412,-0.004568993388653739,0.020265269635642003,-6.2842864990234375,-0.048552769029179044,-0.0019207271522764247
2021-02-11,131.49484252929688,132.72094164331565,130.17142759822354,132.24411789704274,64280000,131.69298400878907,131.2507866004518,42.57671336600749,140.42950655787772,122.95646145970042,-0.0019207271522764247,-0.0019225741140585326,0.02003591488614106,-1.70819091796875,-0.12001379941023949,0.0017761230851209842
2021-02-12,131.7283935546875,131.88409294253404,130.09359452723146,130.7358433658653,60145100,132.01665077209472,131.2962729770457,32.96669052381115,140.211791661986,123.82150988220343,0.0017761230851209842,0.001774547643690319,0.019634097977079674,3.5098419189453125,-0.06432638456751716,-0.016103993164794606
2021-02-16,129.60704040527344,132.35117148769072,129.21779194968602,131.84517076789257,80576300,132.3202419281006,131.13539368449588,29.221338274121564,139.5900749646396,125.05040889156159,-0.016103993164794606,-0.016235071625406362,0.019745520698623818,-0.7297210693359375,0.3396984958043132,-0.01764390016537698
2021-02-17,127.32026672363281,128.66314806479286,125.98712587517291,127.7192408682256,97918500,132.4759719848633,130.7720482596516,27.74229590277345,139.12044906874385,125.83149490098273,-0.01764390016537698,-0.017801409238161595,0.020238632067435355,-3.842376708984375,0.2152270580803537,-0.008636262366730096
2021-02-18,126.22069549560547,126.50288771185818,123.98256451257895,125.72440543319924,96856700,132.37267875671387,130.33858609164704,32.83071807557651,139.34740050571543,125.39795700771231,-0.008636262366730096,-0.008673770992929283,0.01893256838520854,-3.9216995239257812,-0.010843711862416172,0.001233317289247804
2021-02-19,126.3763656616211,127.19378012757379,125.33515742569439,126.73642239782728,87668800,132.04203033447266,129.96123176497778,44.05937987601063,139.50366513266246,124.58039553628286,0.001233317289247804,0.001232557378223255,0.016795871769665224,-7.118202209472656,-0.0948607582129063,-0.0297988403204148
2021-02-22,122.6104965209961,126.23042665376691,122.22125536466936,124.56642052486617,103916400,131.41620597839355,129.2611617417412,27.4779348937588,139.82753595034174,123.00487600644536,-0.0297988403204148,-0.03025184787222464,0.017264198681278813,-10.470527648925781,0.1853293303889183,-0.001111145472942443
2021-02-23,122.47425842285156,123.30139120748287,115.2052066551197,120.43075171253977,158273000,130.59652824401854,128.61478999708484,23.6124087050013,139.14434159300325,122.04871489503384,-0.001111145472942443,-0.001111763252744683,0.015534969954192563,-10.752685546875,0.5230800913041638,-0.004052091123959434
2021-02-24,121.97798156738281,122.18233150568985,118.94191685635538,121.57901476139983,111039900,129.74037818908693,127.98271300377971,24.388630465229596,138.13025969447276,121.3504966837011,-0.004052091123959434,-0.004060323090508993,0.015435579169011615,-10.373245239257812,-0.298428032576624,-0.03478274629973244
2021-02-25,117.7352523803711,123.05810538980377,117.29736077604736,121.32599026278942,148199500,128.72553176879882,127.00676437297865,3.179761084986609,137.77654300270913,119.67452053488852,-0.03478274629973244,-0.03540206961371195,0.016689666345499694,-14.012641906738281,0.3346508777475483,0.00223156152605708
2021-02-26,117.99798583984375,121.49140765726709,117.93959485190196,119.29220185674814,164560400,127.96527938842773,126.14878546506085,4.783767786061361,137.9399459037104,117.99061287314507,0.00223156152605708,0.002229075290739155,0.015532163669136748,-13.496856689453125,0.11039780835967727,0.05385131944225319
2021-03-01,124.35233306884766,124.48856634693102,119.4868376397081,120.42101187120407,116307900,127.771968460083,125.97769476065956,30.612295920527302,137.87499791100345,117.66893900916256,0.05385131944225319,0.05245137702106162,0.018846593620754717,-7.376060485839844,-0.29322060471413536,-0.020893718791622273
2021-03-02,121.754150390625,125.25730532990295,121.64710890595583,124.95564701355688,102260900,127.34283790588378,125.57545243970382,28.46969903647029,137.71274507562586,116.97293073614169,-0.020893718791622273,-0.02111508135479453,0.018834954373165937,-7.8528900146484375,-0.12077425523115803,-0.024456655237063973
2021-03-03,118.77645111083984,122.3282636330786,118.56236816181614,121.45247312532506,112966300,126.72352828979493,124.92792850362144,25.964607519735765,137.59998582374084,115.847070755849,-0.024456655237063973,-0.02476068652533981,0.019265165617581216,-8.543815612792969,0.1046871287070621,-0.015811843411986715
2021-03-04,116.89837646484375,120.2750310748952,115.42900236715201,118.47479946720621,178155000,126.06132736206055,124.16320926183299,24.48979265292887,137.65067880488817,114.47197591923292,-0.015811843411986715,-0.01593818416461238,0.019414292838921977,-9.322319030761719,0.577063248066016,0.010738472993004011
2021-03-05,118.1536865234375,118.65970219404976,114.40725661331615,117.72552798386944,153766600,125.29428329467774,123.5908737629381,27.09360899661462,136.8427865447179,113.74578004463756,0.010738472993004011,0.010681225064119561,0.01841983203556633,-8.222679138183594,-0.13689427745502514,-0.04167359737166998
2021-03-08,113.22979736328125,117.74497601487798,113.08383103215061,117.67685938357114,154376600,124.30172195434571,122.60410458201828,24.752476179140203,136.4300930585497,112.17335085014172,-0.04167359737166998,-0.04256684648495071,0.020055218733697297,-9.380699157714844,0.003967051362259388,0.04064965930107256
2021-03-09,117.83255004882812,118.77645723226702,115.59442688495044,115.827968557669,129525800,123.53200225830078,122.1496708169525,36.3483513390444,135.22143798108135,111.8425665355202,0.04064965930107256,0.03984519053156631,0.022753062008884082,-4.6417083740234375,-0.1609751736986046,-0.009166665155885378
2021-03-10,116.7524185180664,118.88350022910564,116.23666982400522,118.4164168777091,111943300,122.75206184387207,121.6356467884871,36.368696945026464,134.03849248342155,111.46563120432259,-0.009166665155885378,-0.009208937560551609,0.02276462700457716,-5.225563049316406,-0.1357451565634028,0.016502741003333155
2021-03-11,118.67915344238281,119.89552719538874,117.99798711036199,119.24355264557505,103026500,122.09862480163574,121.35407599362,39.456153570409604,132.68357624371671,111.51367335955477,0.016502741003333155,0.016368050593531944,0.0233156009885498,0.9439010620117188,-0.07965461086103409,-0.007625527513909214
2021-03-12,117.77416229248047,117.9103955487277,115.95447204511132,117.16111263936789,88105100,121.41259078979492,121.01313183160667,42.81165107906652,131.1803670383388,111.64481454125104,-0.007625527513909214,-0.007654750504109286,0.023311441845727872,-0.22382354736328125,-0.14483069889785638,0.02445673174560037
2021-03-15,120.65453338623047,120.66426645422422,117.18057052802266,118.14394380720245,92403800,120.85889778137206,120.97897959871369,47.499293870163946,129.33452533322355,112.38327022952059,0.02445673174560037,0.024162454272111705,0.02420518979636153,-3.6977996826171875,0.048790592145063094,0.012743044628036326
2021-03-16,122.1920394897461,123.79765430298438,121.36490683570095,122.31853968534864,115227900,120.4881477355957,121.09450911214536,50.28597906523568,127.93932781743109,113.03696765376031,0.012743044628036326,0.012662535269660309,0.024311775980374258,0.43788909912109375,0.24700391109456543,-0.006450567574646682
2021-03-17,121.4038314819336,122.47423888090718,119.04892629520441,120.71293209328559,111932600,120.19232597351075,121.12396838545854,55.39958559397822,126.93778555310736,113.44686639391414,-0.006450567574646682,-0.006471462389743895,0.024076440581808606,2.62738037109375,-0.02859810861779133,-0.033905052730712315
2021-03-18,117.28762817382812,119.86634216018179,117.08327826271949,119.57440947336566,121229700,119.74567260742188,120.75860265101753,49.060979643868556,125.97357018438883,113.51777503045493,-0.033905052730712315,-0.03449316050103452,0.025079457356377566,0.389251708984375,0.08305980563303272,-0.0044802214566147525
2021-03-19,116.76215362548828,118.16341864155612,116.46049529392347,116.67457827406234,185549500,119.26496200561523,120.37798845810997,38.138687436780444,124.78145413227122,113.74846987895924,-0.0044802214566147525,-0.004490287726094707,0.02505683967163498,-1.3915328979492188,0.5305614053321916,0.028335790929695515
2021-03-22,120.0707015991211,120.53779245026008,117.02490398115997,117.09302062360135,111912300,119.13797225952149,120.34872304296816,47.42638319670936,124.4430759146049,113.83286860443808,0.028335790929695515,0.027941758569395903,0.02523532462715698,6.840904235839844,-0.3968601370523769,-0.006888908417110318
2021-03-23,119.24354553222656,120.89781076796868,118.8543044696532,120.01229458916613,95467100,118.97643661499023,120.24346804194514,50.76434143638711,124.04529006826745,113.90758316171302,-0.006888908417110318,-0.006912746488642166,0.02527277992501255,1.4109954833984375,-0.14694720776894055,-0.019993486671670002
2021-03-24,116.85945129394531,119.59386443754735,116.83999258124882,119.51601473844956,88530500,118.72051010131835,119.9211807326118,49.93734151160472,123.66665043519876,113.77436976743795,-0.019993486671670002,-0.020196061086207737,0.025621952251208713,0.10703277587890625,-0.07265958639154224,0.004163543231240574
2021-03-25,117.34600067138672,118.3872236915313,115.7987768800299,116.32425121223295,98844700,118.70104751586913,119.67592548868559,48.666859924649536,123.66653710350182,113.73555792823645,0.004163543231240574,0.004154899668713033,0.024438407334793338,-1.3331527709960938,0.1165044815063736,0.0051414834428045175
2021-03-26,117.94933319091797,118.21207408800578,115.72093550893463,117.11246742653448,94071200,118.69861488342285,119.51148812699343,59.08579643611776,123.66560217034775,113.73162759649794,0.0051414834428045175,0.005128311147607972,0.02446031574724693,0.1751708984375,-0.048292928199488716,0.0014851368269623855
2021-03-29,118.12450408935547,119.28249444245718,117.48226251708941,118.37751194468804,80819200,118.38722343444825,119.37939440912314,50.677561381037485,122.58278133747957,114.19166553141692,0.0014851368269623855,0.0014840351019383632,0.020976661000364084,-2.530029296875,-0.14087202034203883,-0.012274447508414998
2021-03-30,116.67459106445312,117.1611406456859,115.66256704459003,116.878940997672,85671900,118.13324546813965,119.12179409058312,49.82242731983797,122.07812010207967,114.18837083419963,-0.012274447508414998,-0.012350400701486363,0.020661950954966913,-5.517448425292969,0.06004390045929675,0.01876540106659541
2021-03-31,118.8640365600586,120.19717735139929,117.89093762370798,118.37748709188328,118323800,118.13762474060059,119.0972457543427,50.41683595484899,122.08569899412356,114.18955048707761,0.01876540106659541,0.018591503070047477,0.02044049495459503,-2.539794921875,0.3811273007835707,0.006958713771154201
2021-04-01,119.69117736816406,120.83943448866229,119.19489479787379,120.33342627373456,75089100,118.2772647857666,119.15381066994473,54.33731217040816,122.23832343246265,114.31620613907056,0.006958713771154201,0.006934613661727312,0.02013143452243876,2.4035491943359375,-0.36539309927504016,0.023577331748614094
2021-04-05,122.51317596435547,122.76618380455446,119.75930377924526,120.53778601486208,88651200,118.4952392578125,119.47375022179338,54.216379524002704,122.88433690224889,114.10614161337611,0.023577331748614094,0.023303679443404085,0.020643934183086812,5.7510223388671875,0.18061343124368245,0.0024621923201495477
2021-04-06,122.81482696533203,123.71007628588559,122.26989388745704,123.09702657327624,80171300,118.97449073791503,119.7919480068923,51.49673369911601,123.02275654267756,114.92622493315251,0.0024621923201495477,0.0024591660910596325,0.017905134893569367,2.7441253662109375,-0.09565465554893782,0.013390331531096145
2021-04-07,124.45935821533203,124.4788169278638,121.77360301243874,122.44504366920103,83466700,119.30583114624024,120.23646326483895,57.05299209841722,123.99465727039625,114.61700502208423,0.013390331531096145,0.013301473389625205,0.015913019658049553,5.215812683105469,0.04110448502144792,0.0192338236355154
2021-04-08,126.85318756103516,126.88237934347556,125.06268894589843,125.48111439308595,88844600,119.81086959838868,120.8666274835243,73.98725732497189,125.42608530960267,114.19565388717469,0.0192338236355154,0.019051191740672102,0.016049919905542526,9.993736267089844,0.06443168353367268,0.02025169933952209
2021-04-09,129.42218017578125,129.46109760648577,125.9871415439433,126.30826602843275,106686700,120.3480209350586,121.681442025644,78.79588556577983,127.38321747118383,113.31282439893337,0.02025169933952209,0.020049360913292222,0.01622116296009934,12.076179504394531,0.20082368540125128,-0.013233316182910015
2021-04-12,127.7094955444336,129.27618525159716,127.11590466536393,128.955060856529,91420000,120.84478759765625,122.25554236076682,68.73494160768055,128.49128623504708,113.1982889602654,-0.013233316182910015,-0.013321656736066428,0.01648747525718693,9.760162353515625,-0.1430984368248338,0.024306327822476437
2021-04-13,130.8136444091797,131.03746778948963,128.380897783866,128.87718759834652,91266500,121.35274314880371,123.07059969871092,75.52586256811875,130.201281586904,112.50420471070342,0.024306327822476437,0.02401563014553278,0.01647777474599795,12.689140319824219,-0.0016790636622183719,-0.01785278740716645
2021-04-14,128.47825622558594,131.36836136344672,128.11821435701262,131.3099778007929,87222800,121.6670539855957,123.58561460603235,75.68852465653048,131.07031989693607,112.26378807425534,-0.01785278740716645,-0.018014070872535322,0.017051165548753227,11.803665161132812,-0.04430650896002364,0.01870782858475062
2021-04-15,130.88180541992188,131.36835488244947,130.04493975044198,130.22010527807376,89347100,122.14095268249511,124.28048992164088,77.5883093671171,132.40435167788857,111.87755368710165,0.01870782858475062,0.018534989461895707,0.01727106891892072,12.017768859863281,0.024354870515507443,-0.0025277849995395396
2021-04-16,130.55096435546875,131.04723949609195,129.69463249088383,130.6871976204425,84922400,122.80411949157715,124.87767796295782,75.972800060886,133.45385571937885,112.15438326377546,-0.0025277849995395396,-0.002530985242195976,0.014920666294410662,10.859786987304688,-0.04952259222739186,0.0050687324183347204
2021-04-19,131.2126922607422,131.82574950678435,129.75304346412022,129.91846854593953,94264200,123.52664642333984,125.4810126579849,76.44522700414709,134.40867438181806,112.64461846486162,0.0050687324183347204,0.005055929638522472,0.014736941596079573,8.699516296386719,0.11000395655327688,-0.012829981550512848
2021-04-20,129.52923583984375,131.8841341353887,128.264203903013,131.3878588859704,94812300,123.99957313537598,125.86655772292384,75.73050653951104,135.0697070755077,112.92943919524426,-0.012829981550512848,-0.01291299658242805,0.014315107962855251,6.714408874511719,0.005814508583322109,0.0029296152543083487
2021-04-21,129.90870666503906,130.15198139662152,127.76789199677557,128.79937448295544,68847100,124.5328311920166,126.25152428883958,73.83459433935238,135.6656479095007,113.40001447453251,0.0029296152543083487,0.0029253322944499116,0.014092423313553237,5.449348449707031,-0.27385898243160434,-0.011685052921192707
2021-04-22,128.39071655273438,130.54125756563838,127.87497514158638,129.46111681150813,84566500,125.10939445495606,126.45525688540098,68.23018521384455,135.75257517049388,114.46621373941825,-0.011685052921192707,-0.011753859684408034,0.013443430728716394,1.5375289916992188,0.22832334259540343,0.018038286166717432
2021-04-23,130.7066650390625,131.4851323617936,128.60476763173878,128.60476763173878,78657500,125.77742767333984,126.86015290003542,67.54178178115393,136.0392726097278,115.5155827369519,0.018038286166717432,0.0178775266222204,0.013762953063472147,1.28448486328125,-0.06987400448168013,0.002978055548032321
2021-04-26,131.09591674804688,131.42676689058607,129.9671181870508,131.20295824690538,66905100,126.43475685119628,127.26355898079841,67.6630762896798,136.26025077978582,116.60926292260675,0.002978055548032321,0.002973629924932588,0.013774380501437767,3.3864212036132812,-0.1494123255887868,-0.002449397090287575
2021-04-27,130.77481079101562,131.76737620766062,130.50234418226077,131.37812758921328,66015800,127.0672721862793,127.5979639151048,64.27647743214189,136.24781025354125,117.88673411901736,-0.002449397090287575,-0.0024524017707804285,0.013860872868916282,-0.0388336181640625,-0.013291961300409105,-0.006027565854706984
2021-04-28,129.98655700683594,131.38782184344353,129.50000754125335,130.69691506905932,107760100,127.73287048339844,127.82544897146015,57.637592030215856,135.57331632628166,119.89242464051522,-0.006027565854706984,-0.006045804958305082,0.0135126024805041,1.50830078125,0.6323380160507031,-0.0007486970874650556
2021-04-29,129.8892364501953,133.38267277073504,128.88694577541443,132.79880749394718,151101000,128.28413047790528,128.02200015991113,51.29442023641174,134.96341116269116,121.6048497931194,-0.0007486970874650556,-0.0007489775011014295,0.013205611467559565,-0.9925689697265625,0.4021980306254356,-0.015133180090599385
2021-04-30,127.92359924316406,129.96709820494203,127.54409123252586,128.23498319758693,109839500,128.69575157165528,128.01262864403046,50.585171756449434,134.0232029390708,123.36830020423973,-0.015133180090599385,-0.015248855165309202,0.013897369362773235,-2.6273651123046875,-0.27307231586819414,0.008215443459200777
2021-05-03,128.97454833984375,130.46340362512916,128.28365629304724,128.48799878924353,75135100,129.0188201904297,128.1042400436317,44.33806887311942,133.48104233432738,124.556598046532,0.008215443459200777,0.00818188040188406,0.013128045988604493,-2.2381439208984375,-0.3159555533300862,-0.03538560772015209
2021-05-04,124.41070556640625,127.95279275381809,123.29164023246338,127.66086008438737,137564700,129.0986141204834,127.75247485532452,38.98837333227584,133.12999426074606,125.06723398022075,-0.03538560772015209,-0.036026850994291024,0.01564402283743603,-5.1185302734375,0.8308979425062322,0.0019556306709609395
2021-05-05,124.65400695800781,126.94078104975206,124.52749931714487,125.72440711319194,84000900,129.10834655761718,127.45738267462768,30.906979855599516,133.09324081854783,125.12345229668654,0.0019556306709609395,0.0019537209147468754,0.015364678705111958,-5.25469970703125,-0.38937169201110455,0.012802281706260965
2021-05-06,126.24986267089844,126.25958831497178,123.71006640231249,124.44962368045476,78128300,129.07818031311035,127.34238076951061,37.76296150944182,133.14328350390014,125.01307712232058,0.012802281706260965,0.01272102527476795,0.015008305843007073,-2.1408538818359375,-0.0699111557138078,0.005327649765630715
2021-05-07,126.92247772216797,127.94595553024823,126.21089797889388,127.54631847239045,78973300,128.95319519042968,127.30239000309703,37.80149342639879,133.12604845908365,124.7803419217757,0.005327649765630715,0.005313508045469512,0.014295642498502835,-3.7841873168945312,0.010815543151457385,-0.025804847239865536
2021-05-10,123.64726257324219,126.26933982071908,123.60827160938823,126.14263220253412,88071200,128.7500835418701,126.95428262882513,34.6637963410908,133.52923544199507,123.97093164174514,-0.025804847239865536,-0.026143633232692677,0.01512014153136384,-7.4486541748046875,0.11520222657531098,-0.00741020963313066
2021-05-11,122.73101043701172,123.0819142652862,119.67028275042819,120.38185488141869,126142800,128.34595184326173,126.55206622960479,31.79500853944029,133.72027481542563,122.97162887109785,-0.00741020963313066,-0.007437801629358656,0.013883077739509383,-8.043800354003906,0.4322820626947288,-0.024938397482276997
2021-05-12,119.67029571533203,121.49308457084182,119.16342796467423,120.28439421406758,112172300,127.90555381774902,125.89665951395976,29.487409106848602,134.53191896530208,121.27918867019596,-0.024938397482276997,-0.025254627910733265,0.014361749284804251,-10.316261291503906,-0.11075146579907846,0.017919629209919297
2021-05-13,121.81474304199219,122.96495055227784,121.12267010296466,121.43459040557941,105861300,127.45220069885254,125.50790556424856,28.913867381284405,134.4513843786936,120.45301701901148,0.017919629209919297,0.01776096531607913,0.014298701001689089,-8.074493408203125,-0.056261661747151526,0.019844797564300576
2021-05-14,124.23213195800781,124.66102519199373,122.67253033910511,123.06243260302256,81918000,127.13625907897949,125.38640331603516,35.1516147794289,134.11692172627005,120.15559643168893,0.019844797564300576,0.019650456468100798,0.015222823590390547,-3.69146728515625,-0.22617613802211012,-0.009258411995464844
2021-05-17,123.08193969726562,123.72527962836065,122.00971391554195,123.61805630651149,74244600,126.72972145080567,125.16693059043807,33.934350586528765,133.6576296720391,119.80181322957225,-0.009258411995464844,-0.009301537480531554,0.01519158559817611,-5.892608642578125,-0.09367172050098882,-0.01124580321728752
2021-05-18,121.69778442382812,123.78375308679564,121.62955208202142,123.3646094337638,63342900,126.33814888000488,124.83653571742761,33.1102564182288,133.4817453705495,119.19455238946027,-0.01124580321728752,-0.011309515375564636,0.015142139538512149,-2.712921142578125,-0.14683492132761167,-0.0012815359272659865
2021-05-19,121.54182434082031,121.76601312715728,119.75802646818856,120.05045503106065,92612000,125.91980476379395,124.52275368156026,33.03131967458209,133.162263223842,118.6773463037459,-0.0012815359272659865,-0.0012823577966775816,0.015084459737274751,-3.1121826171875,0.46207388673395133,0.02101196869195565
2021-05-20,124.09565734863281,124.49530918227134,121.94145662294912,122.06817912472063,76857100,125.70505180358887,124.48207784032907,42.40026997781287,132.89352874697255,118.5165748602052,0.02101196869195565,0.020794261632875802,0.015869507855968246,-2.154205322265625,-0.17011726342158684,-0.014767053092730298
2021-05-21,122.26313018798828,124.76824225453443,122.04868358173061,124.59278661639331,79295400,125.28287506103516,124.27074949248708,37.07667649491473,132.22198586480172,118.34376425726857,-0.014767053092730298,-0.014877171448320917,0.015424227548588201,-4.6593475341796875,0.031725110627385034,0.013314156956951706
2021-05-24,123.89096069335938,124.70975612799803,122.76025239580743,122.82848472896345,63092900,124.92262725830078,124.2345791306654,48.87160582331167,131.31783733118502,118.52741718541654,0.013314156956951706,0.013226302515318674,0.015811130170641365,0.2436981201171875,-0.20433089435200524,-0.001573531175894316
2021-05-25,123.69601440429688,125.08016771850949,123.13065653206684,124.59278434432386,72009500,124.56868743896484,124.18328725196362,47.915770338028764,130.3546948887266,118.78267998920307,-0.001573531175894316,-0.001574770476297568,0.015813082295385326,0.9650039672851562,0.14132493513533229,-0.0003941261267751406
2021-05-26,123.64726257324219,124.17362943012175,123.22811900776954,123.7544858646491,56575900,124.25172271728516,124.13223728256158,43.92903948238587,129.45306507285449,119.05038036171584,-0.0003941261267751406,-0.0003942038148903252,0.015800092182758314,3.9769668579101562,-0.21432727626215986,-0.012376799364509528
2021-05-27,122.11690521240234,124.41732007226534,121.92195782567474,123.24762087836753,94625600,123.86310615539551,123.94030089492736,39.22158352761118,128.41136780067546,119.31484451011555,-0.012376799364509528,-0.012454029851553253,0.015950231610676775,0.30216217041015625,0.6725425490358969,-0.005347896274840558
2021-05-28,121.46383666992188,122.62379382802953,121.4053539348129,122.39959761550023,71311100,123.5401180267334,123.70444715921255,44.449977930698516,127.7813743523773,119.29886170108949,-0.005347896274840558,-0.005362247460760631,0.01570533674797795,-2.7682952880859375,-0.24638681287093556,-0.002648282328679419
2021-06-01,121.14216613769531,122.18515038351808,120.8107540580726,121.9219706400981,67637100,123.14849891662598,123.46042039525852,45.835454737794414,126.6607044669044,119.63629336634756,-0.002648282328679419,-0.002651795231802473,0.015502893572684194,-1.9397735595703125,-0.051520730994193076,0.006276220457722692
2021-06-02,121.90248107910156,122.07793673418138,120.91798692698966,121.14217571934485,59278900,123.02308769226075,123.31204522229119,56.65313347198528,126.52463253932243,119.52154284519906,0.006276220457722692,0.006256607008879609,0.013607192198055958,0.2046966552734375,-0.1235741922702186,-0.012154210520188946
2021-06-03,120.42085266113281,121.6977752920281,120.02120080570538,121.53206925104124,76229200,122.81142997741699,123.0366935497999,45.6745397776614,126.40834758300835,119.21451237182563,-0.012154210520188946,-0.01222867693902833,0.013813927458393879,-1.1209716796875,0.2859415407505874,0.019022096197101268
2021-06-04,122.71150970458984,122.97469686847107,120.72301503974921,120.93746163646239,75169300,122.63451232910157,123.00572365977989,45.243862104907976,125.84685021620344,119.4221744419997,0.019022096197101268,0.01884343820284054,0.014220104739120495,-1.3841476440429688,-0.013904120730638625,7.964415414707382e-05
2021-06-07,122.72128295898438,123.13067702974456,121.6782985767518,122.98446273682511,71057600,122.42445259094238,122.97863406922794,48.7852973493005,124.9272583801355,119.92164680174926,7.964415414707382e-05,7.964098271981823e-05,0.014139088194955782,0.45815277099609375,-0.05469919235645404,0.006671920316929869
2021-06-08,123.54006958007812,125.21665168991701,123.02345219665295,123.40360489150423,74403800,122.41909294128418,123.03210411788034,56.45053058093029,124.91130976822171,119.92687611434664,0.006671920316929869,0.006649761562927741,0.013032968400965546,-0.35089111328125,0.047091373758753496,0.003077014476449813
2021-06-09,123.92020416259766,124.52455300706954,123.32560491924683,123.99818609803275,56877900,122.47855262756347,123.11668507452008,58.19888959315766,125.05734347735086,119.89976177777609,0.003077014476449813,0.0030722901561260965,0.012928109571572319,0.22418975830078125,-0.23555114120515352,-0.00802341072653423
2021-06-10,122.92594146728516,124.95342685384131,122.76023545773653,123.81296167592502,71186400,122.64133491516114,123.09851901668817,45.481876761150694,124.85954467690476,120.42312515341752,-0.00802341072653423,-0.008055771498453334,0.011663555559606681,-0.7213211059570312,0.25156519491753393,0.009832952761298364
2021-06-11,124.1346664428711,124.22239799050632,122.91622643570359,123.33537009563992,53522400,122.75733108520508,123.1971997239437,57.594961007501276,125.03536540851131,120.47929676189885,0.009832952761298364,0.009784923868541826,0.011191625728391752,2.01776123046875,-0.24813728464987694,0.0245777362932198
2021-06-14,127.18561553955078,127.24409827001125,123.86171564217574,124.5927795199969,96906500,122.90500526428222,123.57704884923962,61.985770406953925,125.86609873681542,119.94391179174903,0.0245777362932198,0.02428056311766559,0.011651591713486025,5.721778869628906,0.8105783746618238,-0.006437609778678799
2021-06-15,126.3668441772461,127.30261260822043,126.12315618593904,126.65927274152149,62746300,123.06925048828126,123.84274364238308,59.294464861569764,126.41154239404165,119.72695858252087,-0.006437609778678799,-0.006458420551010524,0.011534309151265935,5.224678039550781,-0.3525067977896219,0.003933791599487035
2021-06-16,126.86394500732422,127.58526671760069,125.21662690472674,127.07839160028391,91815000,123.32755851745605,124.13047710571081,60.85528805775934,127.00526299855532,119.64985403635679,0.003933791599487035,0.003926074473070405,0.011152849493831251,4.961463928222656,0.46327353166640894,0.012600979137327828
2021-06-17,128.46255493164062,129.20337594415264,126.37658632134162,126.52280804022224,96721700,123.67359504699706,124.54305594627556,71.31636881802828,127.90457576489865,119.44261432909548,0.012600979137327828,0.012522247506915314,0.011358821295122768,8.041702270507812,0.05344115885203937,-0.010091731459205833
2021-06-18,127.16614532470703,128.1896229684165,126.95169870686416,127.40983331102534,108953300,123.82711944580078,124.79287398231665,68.36161884064879,128.33626957584968,119.31796931575187,-0.010091731459205833,-0.010142998186124635,0.010857167843392215,4.4546356201171875,0.12646179709413707,0.01410379854812116
2021-06-21,128.9596710205078,129.066894317528,125.94769141357571,127.01016734634604,79663300,124.16194648742676,125.1897117954777,72.99313609594924,129.15106952111694,119.1728234537366,0.01410379854812116,0.014005265362080254,0.01052573440060393,6.2383880615234375,-0.26883077428586377,0.012698336070716909
2021-06-22,130.5972442626953,130.6947253937975,128.29682937988724,128.79396232556323,74783600,124.49726066589355,125.70471488759367,74.31842100546184,130.25234662264037,118.74217470914671,0.012698336070716909,0.012618388292361707,0.010493971468562605,7.0571746826171875,-0.06125405299554498,-0.0020897738134726396
2021-06-23,130.32432556152344,130.92868185123652,129.8661909803765,130.39256533356104,60214200,124.82867622375488,126.14467780892032,79.70768981486991,131.1272271438458,118.53012530366398,-0.0020897738134726396,-0.0020919604376661407,0.010505642366359706,6.404121398925781,-0.19482078958488225,-0.002168966278282225
2021-06-24,130.04165649414062,131.240597184488,129.5737648661965,131.05539194095186,68711000,125.14839591979981,126.51581863608416,75.00014311415357,131.83185222618056,118.46493961341906,-0.002168966278282225,-0.0021713218924218447,0.010540286807358959,7.115715026855469,0.14110957216071962,-0.0022486597101054606
2021-06-25,129.74923706054688,130.50954241745376,129.4568084909208,130.09040620403312,70783700,125.53001251220704,126.82376324793776,73.51610086848191,132.35475037519714,118.70527464921693,-0.0022486597101054606,-0.0022511917418487036,0.010014204210536719,5.614570617675781,0.030165475688026744,0.012545562012436173
2021-06-28,131.37701416015625,131.83514858356367,129.98312656766066,130.04160928153763,62111300,126.02567138671876,127.25740619195858,74.87627299084677,133.0441591629778,119.00718361045972,0.012545562012436173,0.012467518504564675,0.010020625157665976,4.191398620605469,-0.12251973265031357,0.011500798381030908
2021-06-29,132.88795471191406,133.0439186165466,130.95794973108042,131.39658519851488,64556100,126.61296081542969,127.79364890814482,76.55906903472139,133.87244016630697,119.3534814645524,0.011500798381030908,0.011435166929386115,0.010027657449251565,6.521110534667969,0.039361597648092994,0.004620766349999972
2021-06-30,133.5019989013672,133.94063419010044,132.43950824826416,132.73193673192986,63261400,127.19293670654297,128.3373012884517,82.04393235897989,134.71648539100244,119.6693880220835,0.004620766349999972,0.0046101233823535705,0.01002066432179305,6.638053894042969,-0.02005542466165089,0.0022638674884878363
2021-07-01,133.80422973632812,133.8627124846623,132.33234449341114,133.15114759070119,52485800,127.86210556030274,128.8579611406304,81.00025878208054,135.2286060069698,120.49560511363566,0.0022638674884878363,0.002261308801443079,0.009239921595127785,5.3416748046875,-0.17033451678274592,0.01959609049795219
2021-07-02,136.42626953125,136.46525305919846,134.27206149217562,134.41826831389758,78852600,128.54784355163574,129.5787524159275,80.46296403421978,136.43082785085537,120.66485925241612,0.01959609049795219,0.019406559163661078,0.009285488819844574,9.260124206542969,0.5023606384965076,0.014718540735358943
2021-07-06,138.43426513671875,139.53572463895688,136.53350195950557,136.53350195950557,108181800,129.33349266052247,130.4221345798124,86.88931626184144,137.87588823129084,120.79109708975409,0.014718540735358943,0.014611274270941539,0.009423935615062759,9.474594116210938,0.37194968840596254,0.017955281651174326
2021-07-07,140.91989135742188,141.23180423568894,139.0581116318865,139.91588320227135,104911600,130.20248374938964,131.4219209395847,88.31047953264043,139.74129591685545,120.66367158192384,0.017955281651174326,0.017795989512377708,0.009791549505636576,10.322647094726562,-0.03022874457625957,-0.009199566967100004
2021-07-08,139.6234893798828,140.422778328839,137.11836946520646,138.00539740279086,105575500,130.9876480102539,132.20302269580358,80.92944408078901,140.92594295447225,121.04935306603556,-0.009199566967100004,-0.009242144313233159,0.010393516948773981,9.299163818359375,0.006328184871835063,0.01305477978200864
2021-07-09,141.4462432861328,141.97260274724476,139.04834716131978,139.1458282969305,99890800,131.91366310119628,133.0833294186921,88.451619132532,142.13641511689187,121.69091108550069,0.01305477978200864,0.012970300588268759,0.009952323798577618,11.404586791992188,-0.05384487878342992,-0.004203748918129024
2021-07-12,140.8516387939453,142.62569425576672,140.36426288116348,142.51847096001342,76299700,132.74951171875,133.82316840681148,84.23135036368109,143.02773490559198,122.471288531908,-0.004203748918129024,-0.004212609511136318,0.010239380628177084,11.102401733398438,-0.2361688964349069,0.007889520069272127
2021-07-13,141.962890625,143.73694652851253,140.00364432229037,140.39353920017592,100827100,133.48837547302247,134.59838004663894,83.73862068528183,144.1980357325385,122.77871521350644,0.007889520069272127,0.00785856053643672,0.009317405935667813,10.58587646484375,0.3214612901492404,0.02410014101946767
2021-07-14,145.38421630859375,145.7936251287686,143.95133005857537,144.36073887875023,127050800,134.43924407958986,135.6256025477775,87.66464076885913,145.84119873844352,123.03728942073619,0.02410014101946767,0.023814315800121943,0.00974170583448869,12.496261596679688,0.260085830099249,-0.00449207065565338
2021-07-15,144.73114013671875,146.21276700697837,143.37623575739534,145.47196100861444,106820300,135.33260383605958,136.49279660386716,86.06996304167329,147.03143727344056,123.6337703986786,-0.00449207065565338,-0.0045021903219167785,0.010061817451060178,11.229141235351562,-0.15923158295736828,-0.014075760930301162
2021-07-16,142.69393920898438,145.97884856339024,142.1968210625346,144.7116829108476,93251400,136.04417304992677,137.08338161387834,79.27702643941078,147.71476510301034,124.37358099684319,-0.014075760930301162,-0.014175763974895199,0.010960538069333827,8.88970947265625,-0.12702548111173628,-0.026914353601900864
2021-07-19,138.85342407226562,140.43253247911716,138.09311867670348,140.12060468938105,121434600,136.6285369873047,137.2519570861057,65.37090390730289,147.57535392837025,125.68172004623915,-0.026914353601900864,-0.02728317765030154,0.012711466917192205,2.427154541015625,0.3022281703009284,0.02597402740118615
2021-07-20,142.4600067138672,143.38603306380864,139.35056015600642,139.83793618290784,96350000,137.30355377197264,137.74796181255917,68.11814627744377,147.9192064274586,126.68790111648669,0.02597402740118615,0.025642432004367183,0.013440536176576885,4.0257415771484375,-0.20656880329000138,-0.005131819929160009
2021-07-21,141.7289276123047,142.4405072449087,140.97837931958148,141.85565012536404,74993500,137.86013793945312,138.12710141253493,65.5033855787114,148.15782305353602,127.56245282537023,-0.005131819929160009,-0.005145032940969101,0.013499560765354269,0.8090362548828125,-0.22165542293720808,0.009628623909076595
2021-07-22,143.0935821533203,144.4582288663732,142.12857241610413,142.25529492286392,77338200,138.49860076904298,138.600099578324,66.83152029363998,148.4049919895554,128.59220954853055,0.009628623909076595,0.009582564135354011,0.01346716309136127,3.4700927734375,0.03126537633261539,0.011989083558253233
2021-07-23,144.80914306640625,144.9651069434816,143.2105505102186,143.82464898024415,71447400,139.23697509765626,139.19143705337945,65.7049533865503,148.67985482066976,129.79409537464275,0.011989083558253233,0.011917783809320237,0.013455286710918366,3.3628997802734375,-0.07616934451538826,0.0028946666312616998
2021-07-26,145.2283172607422,146.04710543551434,143.9708787526298,144.5264945756414,72434100,140.01092910766602,139.76637802550923,63.53407204270548,148.68571780053102,131.336140414801,0.0028946666312616998,0.0028904851511923455,0.013348554050450665,4.376678466796875,0.013810159641918451,-0.0149004752522226
2021-07-27,143.06434631347656,145.4427434254304,141.87514775749966,145.35500444699645,104818600,140.59529571533204,140.08047024341087,54.327310034541135,148.34664177543684,132.84394965522725,-0.0149004752522226,-0.015012602561207324,0.014006217502603302,1.1014556884765625,0.44708914723866244,-0.012196101373046608
2021-07-28,141.31951904296875,143.25928057886588,138.94112214929507,141.15381301329907,118931200,141.01687393188476,140.19847489098782,53.361592839312166,147.86811765322201,134.1656302105475,-0.012196101373046608,-0.012271084105760489,0.014368289005784676,-4.064697265625,0.13463831800844517,0.0045526024033213375
2021-07-29,141.962890625,142.84991857675627,140.92965581242072,141.03687913486968,56699500,141.4399185180664,140.3665144847033,51.07423616253489,147.31233546753504,135.56750156859778,0.0045526024033213375,0.004542270654694651,0.014367936989154584,-2.76824951171875,-0.5232579844481515,0.0015102626057645896
2021-07-30,142.1772918701172,142.63542638578699,140.4714762953773,140.73466343435456,70440600,141.85857162475585,140.53896947379033,52.80063699195379,146.50478461008322,137.2123586394285,0.0015102626057645896,0.00150912330614556,0.014371440421613535,-0.5166473388671875,0.242349579802291,-0.0023308249615705545
2021-08-02,141.8459014892578,143.2397895751834,141.582714310116,142.6646895204393,62880000,142.12955322265626,140.66343918954914,49.74442157672586,146.01098773007553,138.24811871523698,-0.0023308249615705545,-0.0023335455623896464,0.013877670408747975,2.9924774169921875,-0.10733298694218962,0.012644237911457301
2021-08-03,143.63943481445312,144.30225894055675,141.51446802349406,142.12856645538005,64786600,142.38981170654296,140.9468673443019,45.89643510291031,145.90911739561992,138.870506017466,0.012644237911457301,0.01256496704899535,0.013785383266528303,1.1794281005859375,0.030321246819338343,-0.0027824772662906616
2021-08-04,143.23976135253906,144.05854922239413,142.58667948918819,143.55168904021573,56368300,142.50580520629882,141.16523820222923,46.450101514914884,145.9736679869512,139.03794242564643,-0.0027824772662906616,-0.0027863555519911823,0.013288107201126147,1.510833740234375,-0.12993890711968215,0.0007487727381529918
2021-08-05,143.34701538085938,144.107320690727,142.47948676454712,143.26903344221475,46397700,142.69198150634764,141.37302650495593,51.711775415065546,145.89824186289653,139.48572114979876,0.0007487727381529918,0.0007484925477035475,0.013074612846188372,0.2534332275390625,-0.17688310628491544,-0.004767206811724822
2021-08-06,142.6636505126953,143.6105775396916,142.16578765248929,142.86866162914254,54126800,142.7528518676758,141.49594307712158,61.96766472690814,145.90530574614883,139.60039798920275,-0.004767206811724822,-0.004778606185327907,0.01284361604651104,-2.1454925537109375,0.16658368841558957,-0.0003419395792656488
2021-08-09,142.6148681640625,143.21035833317768,142.05843483321482,142.72225212556916,48908700,142.84101333618165,141.60250737111596,50.626409560383806,145.86562519908173,139.81640147328156,-0.0003419395792656488,-0.00034199805393383183,0.012798017886850109,-2.6134490966796875,-0.09640510800564606,-0.003353908795764138
2021-08-10,142.1365509033203,144.19635994581478,141.84368416396723,142.95656585685202,69023100,142.84969635009764,141.65336865989732,51.683242431268965,145.86467563097216,139.83471706922313,-0.003353908795764138,-0.0033595457552970712,0.012712238177122246,-0.92779541015625,0.41126425359905294,0.001785495553920713
2021-08-11,142.3903350830078,143.2298783064216,142.06818321748432,142.57581781429272,48493500,142.70000228881835,141.7235559382888,46.80266842045382,145.4726897716741,139.9273148059626,0.001785495553920713,0.0017839034515802342,0.011411079036602566,1.0708160400390625,-0.29743086010335673,0.02077318660183103
2021-08-12,145.34823608398438,145.5044336133679,142.37078584930737,142.71246608285676,72282600,142.73085708618163,142.06876357121217,52.202223042246786,145.61038962590538,139.85132454645787,0.02077318660183103,0.020560366219742724,0.01236056639311447,3.385345458984375,0.490562652726654,0.0014105234116861265
2021-08-13,145.55325317382812,145.88516176552068,144.74299521470792,145.42634081402107,59375000,142.87382278442382,142.40061972384228,51.35101870426553,146.0174507339261,139.73019483492155,0.0014105234116861265,0.001409529557998162,0.011889675077504512,3.3759613037109375,-0.17857132975294188,0.013548097081259591
2021-08-16,147.5252227783203,147.59356480078714,142.9858407795006,145.00659283395282,103296000,143.30741271972656,142.8886771576021,68.8483687200687,146.50785004878406,140.10697539066905,0.013548097081259591,0.013457142203492476,0.010201861442682234,5.6793212890625,0.739722105263158,-0.006154291387663879
2021-08-17,146.6173095703125,148.07185618392833,145.54347021491796,146.65635150331968,92229700,143.51527786254883,143.24378500643166,74.08815032511052,147.01043112573637,140.02012459936128,-0.006154291387663879,-0.006173307097864763,0.008847187809499824,2.977874755859375,-0.10713193153655509,-0.025500816342502564
2021-08-18,142.87844848632812,147.13473517673972,142.67343732669485,146.2366215497856,86326000,143.57275390625,143.2089910521361,53.24846461024055,146.98094503347153,140.16456277902847,-0.025500816342502564,-0.0258315977388258,0.010638895124216792,-0.3613128662109375,-0.064010833820342,0.0023229110087250593
2021-08-19,143.21034240722656,144.4794213850425,141.0626783117476,141.5800696426097,86960300,143.5785919189453,143.2091197526209,53.63503013173776,146.98372572067262,140.173458117218,0.0023229110087250593,0.00232021722175957,0.010430831725679239,-0.1366729736328125,0.007347728378472196,0.010157016730075297
2021-08-20,144.66493225097656,144.96755574158394,143.288469055807,143.9327728785443,60549600,143.57138137817384,143.3477685619881,59.19277825435337,146.9661385228535,140.17662423349418,0.010157016730075297,0.010105780879172141,0.0103283999419709,2.00128173828125,-0.3037098538068521,0.010256877058708591
2021-08-23,146.14874267578125,146.6173203855108,144.3720292286724,144.78203658666285,60131800,143.61740264892578,143.61452800139696,58.35148026115325,147.12966034032178,140.10514495752977,0.010256877058708591,0.01020463223732366,0.010565437347482503,3.53387451171875,-0.006900128159393337,-0.0006011690953564575
2021-08-24,146.06088256835938,147.27139120779157,145.60206158624175,145.89492826143862,48606400,143.76722946166993,143.84751415063147,59.58826744775812,147.43247285162983,140.10198607171003,-0.0006011690953564575,-0.0006013498699514272,0.009943257250706453,3.9243316650390625,-0.1916689671687859,-0.008421325569777482
2021-08-25,144.8308563232422,146.74423897086186,144.28417982272728,146.24636116832204,58991300,143.9427963256836,143.9411657861182,54.685589229288155,147.44723214913756,140.4383605022296,-0.008421325569777482,-0.008456985274406362,0.00971102502723328,2.440521240234375,0.2136529345929754,-0.005527287975148676
2021-08-26,144.03033447265625,145.57275146160703,144.00104929973693,144.82107882892396,48597200,144.0461685180664,143.94965804197898,54.28394049633579,147.42439616717712,140.66794086895567,-0.005527287975148676,-0.005542619953601752,0.009793069625627558,-1.317901611328125,-0.1761971680569847,0.00718463441496775
2021-08-27,145.0651397705078,145.21156564308194,143.33723999505236,143.97177197062845,55802400,144.19056091308593,144.05589439707697,57.23337186182715,147.4781011532892,140.90302067288266,0.00718463441496775,0.007158947887952547,0.009897323416504034,-0.4881134033203125,0.14826368597367745,0.03041741186405078
2021-08-30,149.47764587402344,149.83885461039787,145.07493307828,145.45565533870288,90956700,144.57214813232423,144.57225168059568,67.58644336438978,148.43509730292993,140.70919896171853,0.03041741186405078,0.02996397438516699,0.011828623541285235,1.952423095703125,0.6299782805040643,-0.008424825750724785
2021-08-31,148.21832275390625,149.16524992421503,147.6911597437249,149.0285807911714,86453100,144.80109252929688,144.9194965447205,63.31989752610497,148.96250959308853,140.63967546550523,-0.008424825750724785,-0.008460515188083646,0.011833638356297412,1.60101318359375,-0.04951366969118276,0.004478652483992596
2021-09-01,148.88214111328125,151.29338682527435,148.71618680019012,149.19453621732464,80313700,145.08321151733398,145.2968912655358,59.02292840969123,149.55259253964877,140.6138304950192,0.004478652483992596,0.004468653164491605,0.011802273292382552,6.003692626953125,-0.07101422621051179,0.007475038792104982
2021-09-02,149.9950408935547,151.03959539227287,148.7747752992504,150.20980882981786,71115500,145.41561279296874,145.7443340872519,60.83849324402313,150.309967662954,140.5212579229835,0.007475038792104982,0.00744723913933426,0.011860447255440774,6.784698486328125,-0.11452840548997245,0.004230079628080086
2021-09-03,150.62953186035156,150.95168364480844,149.44830865067632,150.1023689782168,57808700,145.81390686035155,146.20959101802327,58.10384056493142,151.04989091676507,140.57792280393804,0.004230079628080086,0.004221157991888872,0.011746939216637204,5.964599609375,-0.1871153264759441,0.015489598149530437
2021-09-07,152.9627227783203,153.51915609845358,150.71743128739138,151.28363626481305,82278300,146.33129959106446,146.85274642376584,65.41750609317987,152.23832624765765,140.42427293447128,0.015489598149530437,0.015370858903153694,0.012054471735450488,6.8139801025390625,0.4232857684051017,-0.010083629563976126
2021-09-08,151.42030334472656,153.3043860941943,150.31717858511598,153.24581573453693,74420200,146.79548721313478,147.28775184480972,73.23409366535707,152.77323926923287,140.81773515703668,-0.010083629563976126,-0.010134813728703255,0.01234847167820082,5.3594207763671875,-0.09550634857550533,-0.006705106806774719
2021-09-09,150.40501403808594,152.39648028234163,150.28785845020124,151.79123351222952,57305700,147.19622116088868,147.58463395845507,68.86824919166374,153.0026746120558,141.38976770972155,-0.006705106806774719,-0.006727687027214024,0.012545515214774046,5.57415771484375,-0.22997116374317728,-0.03310184506494562
2021-09-10,145.42633056640625,151.7814665359228,145.16274910531013,151.3128888573864,140893200,147.20012588500975,147.37908125445043,51.685281690854374,153.00144954371999,141.39880222629952,-0.03310184506494562,-0.033662109721724065,0.014166201833891053,1.39599609375,1.458624534732147,0.0038935393771259985
2021-09-13,145.9925537109375,147.81806596111582,145.21158088499752,147.04686479158386,102404300,147.22209091186522,147.2470310122111,49.639653594311056,153.00044131383876,141.44374050989168,0.0038935393771259985,0.0038859791703066454,0.014188945927224932,0.9274139404296875,-0.2731778396686284,-0.009562104766754342
2021-09-14,144.5965576171875,147.4763957492906,143.4153491043727,146.7735217186003,109296300,147.0756576538086,146.9946049745898,46.81394128935015,152.96895475028123,141.18236055733598,-0.009562104766754342,-0.009608115230036464,0.013988299509285736,-4.8810882568359375,0.06730186134761929,0.006143761053915675
2021-09-15,145.48492431640625,145.8851749521173,142.88819590848047,145.02610332343372,83281300,147.01903839111327,146.8508258642866,51.4445899575301,152.95249838173658,141.08557840048996,0.006143761053915675,0.006124965099919027,0.014015855802091389,-2.7333984375,-0.2380226961022468,-0.0016106770150505767
2021-09-16,145.25059509277344,145.42632102057476,143.71794980690362,144.9089297875281,68034100,147.13764572143555,146.6984229336663,52.76423005904462,152.8117754418655,141.4635160010056,-0.0016106770150505767,-0.001611975549808022,0.012711887942526976,-3.6315460205078125,-0.1830807155988199,-0.018347870181170678
2021-09-17,142.58555603027344,145.27991132028194,142.29268938190515,145.27991132028194,129868800,147.10640640258788,146.30672132381937,44.76937913133494,152.87762527839078,141.33518752678498,-0.018347870181170678,-0.018518280008164065,0.013411239296347237,-7.40948486328125,0.9088780479200871,-0.021360830187895807
2021-09-20,139.53981018066406,141.39460787991925,137.909537174392,140.37935348466607,123478900,146.85015029907225,145.6622535958998,27.753586555540366,153.4704910960702,140.22980950207432,-0.021360830187895807,-0.02159227455158527,0.013978245251858193,-11.0897216796875,-0.049202733835994494,0.003427928695846294
2021-09-21,140.0181427001953,141.16032435989862,139.38361057442205,140.50624891873463,75834000,146.54362030029296,145.12471922488032,30.978318964022094,153.83445774622027,139.25278285436565,0.003427928695846294,0.0034220667406974366,0.013752151136201575,-12.944580078125,-0.3858545873019601,0.016872617281020297
2021-09-22,142.380615234375,142.94680544027904,140.28174918379625,141.0139086418493,76404300,146.35960693359374,144.86337598768932,36.020315760463006,153.88378316376208,138.8354307034254,0.016872617281020297,0.01673185581056652,0.014389363327049955,-9.039688110351562,0.007520373447266415,0.006718853686013659
2021-09-23,143.33724975585938,143.5813028239796,142.17555476827644,143.1615238009879,64838200,146.2849266052246,144.71803063227694,35.58745827274775,153.90206592430368,138.6677872861455,0.006718853686013659,0.00669638278489647,0.014386420893225298,-7.0677642822265625,-0.15138022336439183,0.000613173652694643
2021-09-24,143.42514038085938,143.96206024126909,142.097490769583,142.19511797904687,53477900,146.25466690063476,144.59489822738004,34.026174032074394,153.91420835661089,138.59512544465863,0.000613173652694643,0.0006129857385425443,0.0143371177014885,-2.001190185546875,-0.17520998423768708,-0.010550018032854935
2021-09-27,141.91200256347656,142.48797924389808,140.39888514559524,142.00962976919416,74150700,146.0970100402832,144.33938435462733,24.573319645482812,153.98600807938777,138.20801200117864,-0.010550018032854935,-0.010606064012354621,0.014410286557803657,-4.0805511474609375,0.3865671613881623,-0.023801805201850046
2021-09-28,138.53424072265625,141.30667907211597,138.31947290304058,139.8423611542702,108972300,145.54983978271486,143.78651353253483,22.65951832894656,153.95286246049545,137.14681710493426,-0.023801805201850046,-0.02408964474392209,0.013241536977296407,-6.06231689453125,0.4696058162633663,0.006483327422243557
2021-09-29,139.43240356445312,141.0138627120859,138.6514307510702,139.08096654322168,74602000,145.11054382324218,143.3718363927175,26.603021072543868,153.8385249463154,136.38256270016896,0.006483327422243557,0.006462401054641255,0.013381050178765917,-6.052520751953125,-0.3154040063392256,-0.009311607707815472
2021-09-30,138.13406372070312,140.9455603850025,137.91929578685694,140.24268621892764,89056700,144.5731399536133,142.87300090014472,31.555778885163292,153.64030603933136,135.50597386789522,-0.009311607707815472,-0.009355231744666431,0.013332516992228451,-7.1165313720703125,0.19375754001233214,0.008127029630982996
2021-10-01,139.25668334960938,139.5202648503588,135.80089824481317,138.52452409983053,94639600,144.036222076416,142.52858970485565,33.42945387715389,153.02295163558875,135.04949251724327,0.008127029630982996,0.008094183168448368,0.013361926609705909,-3.3288726806640625,0.06268927548404557,-0.02460562991065629
2021-10-04,135.83018493652344,138.82716398233575,134.98088496397907,138.38785651091933,98322000,143.2962547302246,141.8906463935859,30.393105081705485,152.4330224642572,134.15948699619202,-0.02460562991065629,-0.024913407622223365,0.014010101548287796,-3.709625244140625,0.03890971644005248,0.014158200276417121
2021-10-05,137.7532958984375,138.8564203851178,136.04492465061978,136.17183699568994,80861100,142.53578338623046,141.49661301309558,33.47241684345667,150.77241461836317,134.29915215409775,0.014158200276417121,0.014058909051446355,0.013910108170432315,-2.2648468017578125,-0.1775889424543846,0.006307406012538985
2021-10-06,138.62216186523438,138.76858776803195,135.07850605934124,136.15234566592073,83221100,141.89587631225587,141.22285576091832,36.20491121813783,149.15705011916842,134.6347025053433,0.006307406012538985,0.006287597576832786,0.014084665046044588,-3.758453369140625,0.029185850798467916,0.00908435264314611
2021-10-07,139.88145446777344,140.7893396562003,139.32502120039112,139.65692980871162,61732700,141.36969833374025,141.0951032568093,44.022464330286375,147.46641477935,135.2729818881305,0.00908435264314611,0.00904333811814382,0.0143827440493052,-3.4557952880859375,-0.25820855528225417,-0.0027216387515979212
2021-10-08,139.50074768066406,140.75029837603776,139.16883903566588,140.60387247260306,58773200,141.07341918945312,140.943259868605,49.902117773729934,146.91047601959653,135.2363623593097,-0.0027216387515979212,-0.002725349144106156,0.01258628036861235,-3.9243927001953125,-0.04794055662558094,-0.0006300369457602484
2021-10-11,139.41285705566406,141.36528138783962,138.43664488957629,138.8857090401355,64452200,140.74443435668945,140.7975072197535,48.453014025361405,146.13903820708782,135.34983050629108,-0.0006300369457602484,-0.000630235502439836,0.012515202285429967,-2.4991455078125,0.0966256729257553,-0.009102768536214056
2021-10-12,138.14381408691406,139.84242905892054,137.68499305819657,139.82290063970592,73035900,140.4217971801758,140.54477454043544,38.5305593718684,145.61441933611368,135.2291750242379,-0.009102768536214056,-0.009144451882448043,0.01250144945836679,-0.3904266357421875,0.1331793173855973,-0.004239957328705413
2021-10-13,137.55809020996094,138.03642474342516,135.88876048394778,137.88024208325538,78762700,140.02545547485352,140.26032841372358,34.03462831927793,144.7827129626387,135.26819798706833,-0.004239957328705413,-0.004248971436424547,0.01235117770052694,-1.8743133544921875,0.0784107541633634,0.02022560825521258
2021-10-14,140.3402862548828,140.45744186952987,138.1438084019397,138.72954178771872,69907100,139.779940032959,140.26794344621493,42.58211376863654,143.86047397823964,135.69940608767834,0.02022560825521258,0.02002378740241433,0.013377329236792497,2.2062225341796875,-0.11243393128981105,0.007512171180779292
2021-10-15,141.39454650878906,141.45311684711749,140.09618272452653,140.35000738503422,67940300,139.72038955688475,140.3752389759839,48.72763837195341,143.66088497956247,135.77989413420704,0.007512171180779292,0.007484095342187292,0.012918570099149302,2.1378631591796875,-0.028134481333083494,0.011806592677031214
2021-10-18,143.06393432617188,143.347029376178,139.75457479053856,140.03766984054468,85589200,139.89659576416017,140.63130519981132,62.159534030212676,144.1088924248817,135.68429910343863,0.011806592677031214,0.011737438645171938,0.012186141787492642,7.2337493896484375,0.2597707104619791,0.015080038712272925
2021-10-19,145.22134399414062,145.62159463310732,143.06392303976392,143.51297237963328,76378900,140.15675582885743,141.06845175165222,64.55579547669363,144.99663098753237,135.31688067018248,0.015080038712272925,0.014967465258950166,0.012564939168622677,7.468048095703125,-0.10761053964752565,0.0033610634022980257
2021-10-20,145.70944213867188,146.18779152686344,144.59656071553547,145.16276563549152,58418800,140.32319717407228,141.51045083613027,69.85671615047045,145.68580808651444,134.9605862616301,0.0033610634022980257,0.0033554276532435003,0.012071145610457327,7.0872802734375,-0.23514478475076228,0.0014738385798034326
2021-10-21,145.9241943359375,146.08039186170322,144.35249211048287,145.2701339545865,61421000,140.45254440307616,141.93080735992143,68.35037224678484,146.23000737150758,134.67508143464474,0.0014738385798034326,0.0014727535457030158,0.01200230259281694,6.0427398681640625,0.051390990571528405,-0.005284897830118651
2021-10-22,145.1529998779297,146.60754657748723,145.10418628692474,146.129212114762,58883400,140.5389373779297,142.23768283782698,80.05046282178657,146.55049295333612,134.52738180252328,-0.005284897830118651,-0.005298912301161855,0.012083547053174189,5.652252197265625,-0.04131485973852589,-0.00033586512917882505
2021-10-25,145.104248046875,145.81687911224734,144.1085069706654,145.1432899988062,50720600,140.69854965209962,142.5106890482125,76.95110052900581,147.02487782986697,134.37222147433226,-0.00033586512917882505,-0.00033592154450363807,0.011796890623130527,5.6913909912109375,-0.138626505942252,0.004574558296752462
2021-10-26,145.76803588867188,147.2518679421637,145.46539754636262,145.77779264971988,60893400,141.06023941040038,142.8209125568277,76.5992057361481,147.68563873415752,134.43484008664325,0.004574558296752462,0.004564126805824824,0.010237646836799735,7.6242218017578125,0.20056545072416343,-0.00314778917820413
2021-10-27,145.30918884277344,146.168245431377,144.95775186240334,145.80705169170784,56094900,141.3540786743164,143.0578912507273,71.48398147499438,148.19332291424354,134.5148344343893,-0.00314778917820413,-0.003152753887869799,0.010271731687154664,7.7510986328125,-0.07880164352787,0.024991643899815896
2021-10-28,148.94070434570312,149.52642273545615,146.15849358297356,146.25612076250718,100077900,141.8944107055664,143.61815916453452,79.71743656204876,149.34292468127282,134.44589672985998,0.024991643899815896,0.02468446026427884,0.011094079933065628,8.600418090820312,0.7840819753667445,-0.018155455324251335
2021-10-29,146.2366180419922,146.373287179863,142.92725865743117,143.7179883048137,124953200,142.24340744018554,143.86753620048287,68.44354041806271,149.824448844172,134.66236603619907,-0.018155455324251335,-0.01832228797004686,0.012072020855403582,4.842071533203125,0.24855937224901803,-0.005607400767318693
2021-11-01,145.41661071777344,146.13899838558393,144.2842007193759,145.44589589912687,74588300,142.72272872924805,144.0150671068915,70.1462306179761,149.79138027710718,135.6540771813889,-0.005607400767318693,-0.0056231812583415796,0.010466086931969912,2.3526763916015625,-0.4030701094489777,0.007115932458924723
2021-11-02,146.45138549804688,147.96451766703325,145.11396440756303,145.12373606469237,69122000,143.15763320922852,144.24709742985868,74.03714258612371,150.00579847030662,136.30946794815043,0.007115932458924723,0.00709073368278426,0.010202632816483353,1.23004150390625,-0.07328629289043997,0.009798560884232366
2021-11-03,147.8863983154297,148.35497602206758,146.25612565424197,146.8125588879088,54511500,143.62084503173827,144.5936975141988,71.99790759617318,150.43046532599232,136.81122473748422,0.009798560884232366,0.009750866292358294,0.010289614465251468,2.1769561767578125,-0.2113726454674344,-0.0034985977441122085
2021-11-04,147.36900329589844,148.80402155525002,147.05660823548425,147.97425010568048,60394600,143.99522247314454,144.85801235055115,67.97908313297492,150.762393845715,137.22805110057408,-0.0034985977441122085,-0.0035047321492563547,0.010301352319920104,1.4448089599609375,0.10792401603331414,0.0035824279934457692
2021-11-05,147.89694213867188,148.79636649786093,146.70422366033108,148.49330137784227,65463900,144.41503219604493,145.14743423513409,65.6169754535163,151.04864196911544,137.78142242297443,0.0035824279934457692,0.00357602638259935,0.010224149103140274,2.7439422607421875,0.08393631218685105,-0.005552807747456923
2021-11-08,147.07569885253906,148.18043333239365,146.8019617116547,148.02400784687248,55020900,144.79817428588868,145.33107848441077,56.558328089635395,151.09176554840627,138.50458302337108,-0.005552807747456923,-0.005568281894291031,0.010373692649775236,1.9714508056640625,-0.1595230348329385,0.0024593430291242058
2021-11-09,147.43740844726562,148.04353851031115,146.70418082227025,146.84104938223388,56787900,145.26285400390626,145.531681338016,56.16645575272319,150.8166224665179,139.7090855412946,0.0024593430291242058,0.0024563237942663596,0.009994827071056873,1.66937255859375,0.03211506900105232,-0.01916292934986108
2021-11-10,144.61207580566406,146.7726603269792,144.54364896685252,146.66511965093986,65187100,145.6155532836914,145.44409985874438,46.0529710009887,149.84783091240757,141.38327565497525,-0.01916292934986108,-0.01934891817458944,0.011085480230460791,-0.697113037109375,0.14790474731412862,-0.0003378600459603698
2021-11-11,144.56321716308594,146.0883289050465,144.37746369649008,145.62885311604722,41000000,145.82669982910156,145.36020626868168,48.14525122507855,149.305058121949,142.3483415362541,-0.0003378600459603698,-0.00033791713352446473,0.010285720137977407,-4.3774871826171875,-0.37104120293739096,0.014336778341361267
2021-11-12,146.6357879638672,147.03660782102534,144.18190939663026,145.11066161989166,63804000,146.08876190185546,145.48169023965173,54.27253540971576,148.88376676652646,143.29375703718446,0.014336778341361267,0.014234978568292943,0.010602814045225511,0.399169921875,0.5561951219512196,6.670188720558912e-05
2021-11-15,146.64556884765625,148.483531417499,146.08830852560698,147.00728981052836,59222800,146.2678436279297,145.59253582136645,52.540764447146266,148.6794949398687,143.85619231599068,6.670188720558912e-05,6.669966273362783e-05,0.010345892876215654,1.2289581298828125,-0.07180114099429502,0.006666622271075839
2021-11-16,147.62319946289062,148.102247003654,146.00031832566742,146.58690654221206,59256200,146.3879364013672,145.78593235865446,56.504467100437914,148.81929630719839,143.956576495536,0.006666622271075839,0.006644498617087314,0.009917767604356002,1.17181396484375,0.0005639719837629009,0.01649013285670553
2021-11-17,150.05752563476562,151.53375230300938,147.61343285568483,147.6232038564801,88807000,146.60534057617187,146.19275076590313,53.36581175514078,149.51231644677983,143.6983647055639,0.01649013285670553,0.01635564706099634,0.010508438707619024,2.1711273193359375,0.4986954951549374,0.02853580932605393
2021-11-18,154.33953857421875,155.12165110785514,149.62733629184328,150.27258025090998,137827700,147.02610778808594,146.96863531907604,72.29924993512203,151.5206161078581,142.53159946831377,0.02853580932605393,0.028136246545178184,0.01212035114148625,6.9705352783203125,0.5519913970745549,0.01697612092226075
2021-11-19,156.95962524414062,157.41911583313842,153.02952027938457,154.12446895909494,117305600,147.61643905639647,147.92015816908219,78.90280720763954,153.84285628425687,141.39002182853608,0.01697612092226075,0.01683363687165098,0.012351342662764374,9.06268310546875,-0.14889677474121676,0.002927233017703035
2021-11-22,157.41908264160156,161.99441573216774,157.39952572857115,158.06431159606723,117467900,148.2321807861328,148.82481764265546,78.27694433276184,155.72037851236007,140.74398305990553,0.002927233017703035,0.0029229570136741503,0.012312686972244868,10.3433837890625,0.0013835656609744174,0.0024224026151207223
2021-11-23,157.8004150390625,158.18169292863084,155.502961782972,157.51689191338718,96041900,148.83379974365235,149.67963644231327,77.0288765622023,157.3511188039513,140.3164806833534,0.0024224026151207223,0.0024194733275613584,0.012318211606421802,10.363006591796875,-0.18239876596074334,0.0032836286194564135
2021-11-24,158.31857299804688,158.5140974575523,156.07000441983408,157.1551823252834,69463600,149.48426895141603,150.5023923047641,79.85089341649757,158.8163108305451,140.15222707228696,0.0032836286194564135,0.0032782492836119226,0.01220396678810969,13.706497192382812,-0.2767365077117383,-0.031678657337826155
2021-11-26,153.30325317382812,156.8618512011978,152.86331951425362,156.0015407986573,76959800,149.70239639282227,150.76914095896066,61.84149664047314,159.1836894775977,140.22110330804682,-0.031678657337826155,-0.03219128123383834,0.0136557813473667,8.740036010742188,0.10791551258500864,0.02187375147831938
2021-11-29,156.6565704345703,157.58532267329434,155.2389847402696,155.8060160344783,88748200,150.22339401245117,151.32984852806632,68.88981014280505,160.0419694240705,140.40481860083185,0.02187375147831938,0.021637953307817957,0.013551245778374668,10.020782470703125,0.15317607374239528,0.03157759910856961
2021-11-30,161.60340881347656,161.8184901598309,156.34371666317804,156.41215841772612,174048100,151.03273391723633,152.30828284096253,73.653347274898,161.80521307664873,140.26025475782393,0.03157759910856961,0.031089280082586292,0.014730503764335948,14.957839965820312,0.9611451274504723,-0.0032063553781989107
2021-12-01,161.0852508544922,166.49158221025922,160.85061260681175,163.73463874085127,152052500,151.7644271850586,153.1441845565368,79.8018411350243,163.19455176016976,140.33430260994743,-0.0032063553781989107,-0.0032115067499708726,0.014847368941204185,13.462051391601562,-0.12637655912359858,-0.006129839650586222
2021-12-02,160.0978240966797,160.52798674829987,154.27111613625055,155.19009727061072,136739200,152.3749984741211,153.80643594131232,77.18081743543303,164.22962006682587,140.52037688141633,-0.006129839650586222,-0.00614870424847295,0.01499599541369508,10.040298461914062,-0.10071060982226532,-0.011724456263627392
2021-12-03,158.22076416015625,161.27100166043388,156.14817855062066,160.35202051883033,118023100,152.91758651733397,154.22684815263077,70.40980746474004,164.80080958972027,141.03436344494767,-0.011724456263627392,-0.01179372969554388,0.015324054125572105,3.8812255859375,-0.13687442957103746,0.021503003716020874
2021-12-06,161.62298583984375,164.12573463510114,160.60623481829575,160.61600581977925,107497000,153.60388870239257,154.9312422180796,73.56915292623822,165.84625774468506,141.36151966010007,0.021503003716020874,0.021275075766586857,0.015834085394933656,4.663360595703125,-0.08918677784264262,0.03544633729741076
2021-12-07,167.3519287109375,167.74299254141582,164.57544264356054,165.2988995417756,120405400,154.6177001953125,156.11416474120892,77.00741118278133,167.89803124218332,141.33736914844167,0.03544633729741076,0.03483257752407829,0.017061467674522657,9.932846069335938,0.12008149064625062,0.022782882926910997
2021-12-08,171.16468811035156,172.02501344578044,166.8826332677211,168.280661937793,116998900,155.8040641784668,157.54754791922252,77.84358963726899,170.5427793610389,141.0653489958947,0.022782882926910997,0.02252722879124763,0.017402672195172334,13.364273071289062,-0.0282919204620391,-0.002970015731740827
2021-12-09,170.6563262939453,172.79735388590385,170.03063915946248,170.9985052389604,108923700,157.10627670288085,158.79600300252946,73.9042708767845,172.27726794060527,141.93528546515643,-0.002970015731740827,-0.0029744349807928052,0.016440509252694822,12.337753295898438,-0.06901945231963724,0.028013347123107435
2021-12-10,175.43698120117188,175.61296364291238,170.78343380069845,171.29180928871014,115402700,158.64996490478515,160.38085806906685,75.45791072790587,174.7043596228917,142.5955701866786,0.028013347123107435,0.027628150531476717,0.016860532431825195,22.13372802734375,0.059482004375539965,-0.020674345014950246
2021-12-13,171.8099365234375,178.0570365302883,171.6046261840087,177.06961358561998,153237000,159.90867233276367,161.46934173138786,68.23584734557849,175.94441903904948,143.87292562647787,-0.020674345014950246,-0.020891051330022836,0.018140192151104906,15.153366088867188,0.32784588228871603,-0.00802327869854147
2021-12-14,170.43145751953125,173.76520322122326,168.35887188331523,171.3308817563336,139380400,161.09796676635742,162.3228765683539,65.61132480550626,176.50794465539784,145.687988877317,-0.00802327869854147,-0.008055638402586555,0.018417048540959657,8.828048706054688,-0.09042594151543037,0.02850924078616246
2021-12-15,175.2903289794922,175.48585340924998,168.4566405154073,171.19402728468987,131063300,162.4813232421875,163.55787203608136,68.9436133957145,177.76496104688928,147.19768543748572,0.02850924078616246,0.028110414792109385,0.01899094896783753,14.205078125,-0.05967194813617982,-0.03926373543055617
2021-12-16,168.40777587890625,177.08919884301145,166.9315491019716,175.27079308478832,150185800,163.39883575439453,164.01976764015993,66.18479663423462,177.71471605164106,149.082955457148,-0.03926373543055617,-0.04005534621034729,0.02170091143462434,8.309951782226562,0.1459027813278011,-0.006501810493140581
2021-12-17,167.3128204345703,169.59071677301714,165.89524955752734,166.12987292514003,195432700,164.0474998474121,164.33339171581807,61.999112052512615,177.7995840517155,150.2954156431087,-0.006501810493140581,-0.006523039330265763,0.021195016103556195,9.092056274414062,0.30127282339608663,-0.008122014994419113
2021-12-20,165.9539031982422,166.76534380811088,163.71512072913166,164.51677542044033,107499100,164.4972137451172,164.48772614271562,55.329345212460524,177.8559932384476,151.13843425178678,-0.008122014994419113,-0.008155178248569497,0.02114526357670606,4.3309173583984375,-0.44994312620150057,0.01908696753526473
2021-12-21,169.1214599609375,169.3267554134747,165.33799395674112,167.72343104614094,91185900,165.08233261108398,164.9290341254034,59.244288811072195,178.1578793483219,152.00678587384607,0.01908696753526473,0.01890709656081533,0.021448809383591436,1.76953125,-0.15175196815601244,0.015318746422624319
2021-12-22,171.71218872070312,171.92727008747283,168.30022969109157,169.1703261593658,92135300,165.777921295166,165.57504884876528,62.88506183368437,178.70165652131504,152.85418606901698,0.015318746422624319,0.015202599079162079,0.021598222501648164,0.5475006103515625,0.010411697422518129,0.003643721458448379
2021-12-23,172.33786010742188,172.89512039322665,171.35045204505695,171.9174833311616,68356600,166.47888565063477,166.2191261114945,66.10888976953223,179.21856942411395,153.73920187715558,0.003643721458448379,0.0036370991870149348,0.021597344661513047,1.6815338134765625,-0.2580845777894032,0.02297479426409743
2021-12-27,176.2972869873047,176.38527073958,173.11019564746687,173.12973764737882,74919600,167.6285873413086,167.17895095680976,66.53445225581169,179.4811043884213,155.77607029419588,0.02297479426409743,0.02271484762791542,0.02019442178745498,0.8603057861328125,0.09601121179227756,-0.005767097441980007
2021-12-28,175.2805633544922,177.27495155456995,174.5375644683696,176.13111784462515,79144300,168.55978698730468,167.95053308992237,59.99507566358319,179.686948520314,157.43262545429536,-0.005767097441980007,-0.0057837913630202145,0.020083275527022788,3.4706268310546875,0.056389783180903263,0.0005019505645724731
2021-12-29,175.36854553222656,176.59059189162147,174.15627017338588,175.31966069433915,62348900,169.2480438232422,168.65701046537993,55.848775575018635,180.26582117235475,158.23026647412965,0.0005019505645724731,0.0005018246295281846,0.01916712248750969,4.9370880126953125,-0.21221237663356673,-0.006578291932456404
2021-12-30,174.2149200439453,176.53193000592643,174.10737937130014,175.45652327947462,59773000,169.90452728271484,169.18633518714805,54.86370059678434,180.42796972362868,159.381084841801,-0.006578291932456404,-0.006600024254969535,0.01925099244876828,-1.075408935546875,-0.04131428140672888,-0.00353523396718447
2021-12-31,173.59902954101562,175.2218958133562,173.29594950484335,174.1073900997929,64062300,170.57958755493163,169.6065917922783,47.16526701352836,180.1425895716892,161.01658553817407,-0.00353523396718447,-0.003541497673588207,0.019187053339111138,5.191253662109375,0.07175982467000153,0.02500433770420396
2022-01-03,177.93975830078125,178.7903128894999,173.73592987558766,173.8532415771097,104487900,171.5655372619629,170.40022669785,59.250575449513796,179.72683162754947,163.40424289637633,0.02500433770420396,0.024696844487957458,0.019336656550983034,10.626937866210938,0.6310357261603159,-0.0126918070293085
2022-01-04,175.68138122558594,178.84893075193062,175.1143499260673,178.54586564233023,99310400,172.26845703125,170.9031937957296,57.7177501591513,179.14459220472702,165.39232185777297,-0.0126918070293085,-0.012773036039302561,0.01941162203029986,9.72747802734375,-0.049551192051902615,-0.026600008424925492
2022-01-05,171.0082550048828,176.1408490374331,170.7345178498846,175.5933747274367,94537600,172.45127334594727,170.91319962517278,43.67048922835138,178.96172305493687,165.94082363695767,-0.026600008424925492,-0.02696019023793571,0.019137732820294674,1.8867950439453125,-0.04805941774476796,-0.016693469384003845
2022-01-06,168.15353393554688,171.3797384422397,167.8015840817703,168.83787672968072,96904000,172.30071563720702,170.65037432139889,49.573397102725735,179.0705434078706,165.53088786654345,-0.016693469384003845,-0.016834375688541903,0.01883392122310192,-3.55865478515625,0.0250313102934705,0.0009884656323757568
2022-01-07,168.3197479248047,170.24569386432273,167.20524242477114,169.02364770562122,86709100,172.18388671875,170.42840990267564,51.74391808896811,179.1509718285219,165.21680160897807,0.0009884656323757568,0.0009879774219155835,0.018829813040038074,-4.0181121826171875,-0.10520618343928012,0.00011621789967786178
2022-01-10,168.3393096923828,168.64237476166727,164.4092049558039,165.29885816519484,106765600,171.82900314331056,170.22944797788585,54.33232385263946,178.82141418235622,164.8365921042649,0.00011621789967786178,0.00011621114690094965,0.01759783052688227,-7.957977294921875,0.2313079019387816,0.016783830366963848
2022-01-11,171.16468811035156,171.26244286002324,166.99995985190662,168.46641535499305,76138300,171.79674072265624,170.31851846669213,53.757570281338616,178.79547356001427,164.7980078852982,0.016783830366963848,0.016644538295146897,0.01748923209184268,-4.115875244140625,-0.2868648703327663,0.002570281353630355
2022-01-12,171.60462951660156,173.21772467571947,170.91051556767007,172.1814317936139,74805200,171.85539932250975,170.44100523335018,49.78520266033011,178.82555877361062,164.88523987140888,0.002570281353630355,0.002566983829679562,0.017394966832204102,-3.763916015625,-0.017508927832641352,-0.019028156952507258
2022-01-13,168.3393096923828,172.67023424322653,167.94824595979313,171.8490227811223,84505800,171.5078483581543,170.24084375325805,42.776406531774285,178.44998733169217,164.5657093846164,-0.019028156952507258,-0.019211522124826554,0.01659381921400619,-5.8756103515625,0.129678150716795,0.005110908574243789
2022-01-14,169.19967651367188,169.8937905683483,167.2639441267619,167.508353425533,80440800,171.54744338989258,170.14168496853554,35.561024398087596,178.4238561146219,164.67103066516324,0.005110908574243789,0.005097892212468779,0.014115070229105067,-4.39935302734375,-0.048103207117144664,-0.01889424069793766
2022-01-18,166.00277709960938,168.6814931182034,165.6214992398613,167.67452813175186,90956700,171.48194122314453,169.74750326673305,32.663614315750095,178.55047012293065,164.41341232335841,-0.01889424069793766,-0.01907501758023853,0.014690967915098158,-11.936981201171875,0.13072843631589937,-0.021024788866932487
2022-01-19,162.51260375976562,167.25414945182573,162.22909557704548,166.19829964047344,94815000,171.30987625122071,169.05846521845044,28.687328207663,179.07792365025387,163.54182885218756,-0.021024788866932487,-0.02124895737172092,0.015322704393353093,-13.168777465820312,0.04241908512512005,-0.010347097853175113
2022-01-20,160.83106994628906,165.8854518373375,160.50844792121475,163.24583471657064,91420500,170.89535675048828,168.2749037639589,28.193840046460195,179.93569732694036,161.8550161740362,-0.010347097853175113,-0.010401001221511642,0.01469921664598299,-10.17718505859375,-0.035801297263091336,-0.01276500264463043
2022-01-21,158.77806091308594,162.61039693927614,158.6705202245997,160.74310631081485,122848900,170.24865036010743,167.37044254006622,26.932596549675182,180.77184689361118,159.72545382660368,-0.01276500264463043,-0.012847175329558725,0.014251323538154904,-9.375473022460938,0.3437784741934249,-0.004864363007930583
2022-01-24,158.00570678710938,158.67050778679211,151.24045969712583,156.44149634340394,162294600,169.53204269409179,166.47856294454652,15.097755288510342,181.33086733775443,157.73321805042914,-0.004864363007930583,-0.004876232529083895,0.01414364737969663,-10.314041137695312,0.32109119414174647,-0.011384963218955102
2022-01-25,156.20681762695312,159.12017131763488,153.50854524070638,155.42470514878522,115798400,168.52751922607422,165.5003014857281,15.344654086001,181.28328154750216,155.77175690464628,-0.011384963218955102,-0.01145026804788828,0.01267487914845948,-12.132492065429688,-0.2864925881699083,-0.0005631439157501861
2022-01-26,156.1188507080078,160.713741500623,154.2906743409117,159.84364519078215,108275300,167.56943359375,164.6068299830881,18.337028134134258,181.04754748426603,154.09131970323398,-0.0005631439157501861,-0.0005633025408404078,0.012732223210686256,-15.04583740234375,-0.06496721889076185,-0.002943095303137744
2022-01-27,155.6593780517578,160.1760566161972,154.74039680395836,158.8171416631375,121954600,166.58397521972657,163.75469170391378,20.41694335475303,180.53489364686334,152.6330567925898,-0.002943095303137744,-0.0029474347244311683,0.01266711424914949,-15.94525146484375,0.12633813990817844,0.06977772327488285
2022-01-28,166.52093505859375,166.54049197821774,159.15932862262193,162.00425626677838,179935700,166.19927597045898,164.01814345197855,47.172782427972344,179.680618855833,152.71793308508498,0.06977772327488285,0.06745089163673879,0.021124646575714383,-1.8183746337890625,0.47543184102936675,0.026125718813948318
2022-01-31,170.8714141845703,171.0864955438015,165.71926239899202,166.35473547583268,115541600,166.06289520263672,164.67083590270155,53.502864452503275,179.28167695060526,152.8441134546682,0.026125718813948318,0.02579027219909284,0.022036323059868274,1.6717376708984375,-0.35787284013122467,-0.0009726538008822949
2022-02-01,170.70521545410156,170.93006781127377,168.45664712970438,170.1186272242385,86213900,165.70116806030273,165.2455387171206,49.31389552947524,177.90876911376284,153.49356700684262,-0.0009726538008822949,-0.000973127135542542,0.021199512463538,4.7024383544921875,-0.25382805846552237,0.0070442143648663524
2022-02-02,171.90769958496094,171.94681342176997,169.45383589849953,170.84207875406224,84914300,165.5124839782715,165.88003022834351,50.442480636181195,177.17506996593158,153.8498979906114,0.0070442143648663524,0.0070195197882965,0.02112823674113953,9.395095825195312,-0.015074135377242004,-0.016719741618759887
2022-02-03,169.033447265625,172.29876649074853,168.27089152715305,170.57811566132818,89418100,165.4137435913086,166.18035566046555,51.02514328930128,176.9127071293299,153.91478005328727,-0.016719741618759887,-0.01686109430061089,0.02060417308893883,8.202377319335938,0.05303935850616437,-0.0016793081932691134
2022-02-04,168.7495880126953,170.4234840013588,167.07569202403184,168.05457472378333,82465400,165.44354629516602,166.425044455916,49.323767607328996,176.9754509124186,153.91164167791342,-0.0016793081932691134,-0.0016807198118562344,0.020249132333646065,9.971527099609375,-0.07775495117878817,-0.0042344034223896765
2022-02-07,168.0350341796875,170.2766693416208,167.34002078176565,169.20969061631618,77251200,165.42931060791017,166.5783768105609,53.299463211081815,176.946959628135,153.91166158768533,-0.0042344034223896765,-0.004243393897068493,0.020274352242319774,10.029327392578125,-0.06322894207752583,0.018466368286352175
2022-02-08,171.13803100585938,171.64705409326743,167.80982151011347,168.10348925040896,74829200,165.569246673584,167.01262959106552,64.18207618554445,177.3017645698814,153.83672877728657,0.018466368286352175,0.01829793531120007,0.020685904908121954,14.93121337890625,-0.03135226378360467,0.008293818790834573
2022-02-09,172.5574188232422,172.9196005956565,171.20655609241282,172.33228001362485,71285000,165.6388832092285,167.54070475603473,69.44831921544491,177.5267406769137,153.75102574154332,0.008293818790834573,0.008259614070794471,0.020430990350463987,16.438568115234375,-0.047363863304699216,-0.023598862577145052
2022-02-10,168.48526000976562,171.77430598076174,167.92730472233933,170.46260694632986,90865900,165.48291473388673,167.6306623992472,65.08893675782267,177.1204284459952,153.84540102177826,-0.023598862577145052,-0.023881775549165263,0.021124269101424873,12.825881958007812,0.27468471627972235,-0.02021835109152903
2022-02-11,165.07876586914062,169.42500712943504,164.49143031742815,168.6908451580762,98670700,165.31988754272462,167.38762463447515,60.162221982529935,176.8800139533654,153.75976113208384,-0.02021835109152903,-0.020425539378993385,0.021180191949134064,-1.442169189453125,0.08589360805318602,0.0014231968233973102
2022-02-14,165.31370544433594,165.99892030677,163.04269054419584,163.83558309476697,86185500,165.1255889892578,167.19010852112856,63.700006473213975,176.54086702210432,153.7103109564113,0.0014231968233973102,0.0014221850386636917,0.021142322703072453,-5.557708740234375,-0.1265340166837775,0.023152577363169335
2022-02-15,169.14114379882812,169.29776862360237,166.65478818594016,167.3595849608588,62527400,165.28250732421876,167.375921404719,67.60898568343612,176.8340255553972,153.7309890930403,0.023152577363169335,0.022888622830754237,0.021353949666167278,-1.5640716552734375,-0.2745020914190902,-0.0013890149369850668
2022-02-16,168.9062042236328,169.67951494494773,166.45899759893967,168.2209893560315,61177400,165.6021873474121,167.52166262556793,68.02203970667975,177.1847821024546,154.0195925923696,-0.0013890149369850668,-0.0013899805124687374,0.020722911880773763,-3.001495361328125,-0.021590534709583276,-0.021269193726835445
2022-02-17,165.31370544433594,168.27971865617212,164.91235997613748,167.4182971510757,69589300,165.82631912231446,167.3113809892601,47.95264616026379,177.1916249670471,154.46101327758183,-0.021269193726835445,-0.02149864231828558,0.021207280398904727,-3.7197418212890625,0.13750012259429134,-0.009355732818509543
2022-02-18,163.76707458496094,166.93864489391834,162.68051421778296,166.23386310925557,82772700,166.0757698059082,166.97382799837447,36.685437857178805,177.00016425517677,155.15137535663965,-0.009355732818509543,-0.009399772584883628,0.021099299438791054,-4.982513427734375,0.18944579123514682,-0.017812487683597666
2022-02-22,160.8499755859375,163.16992227378196,158.72578746937097,161.4960266681506,91162800,166.2179832458496,166.39060395909476,33.256321463031966,176.76766407661503,155.66830241508418,-0.017812487683597666,-0.017973039450483463,0.021507776176636392,-7.18505859375,0.1013631305974072,-0.025863864829401284
2022-02-23,156.6897735595703,162.64136771002168,156.3765239008277,162.04424861753867,90009200,166.24213104248048,165.46671534961624,26.50644698060441,176.69711290410166,155.7871491808593,-0.025863864829401284,-0.026204215937409677,0.02218345118068614,-14.448257446289062,-0.01265428442303218,0.016679909017792705
2022-02-24,159.3033447265625,159.41102239990326,148.79014121364656,149.357894860665,141147500,166.4013557434082,164.87972767123017,34.85670589799854,176.28877963122355,156.51393185559286,0.016679909017792705,0.016542327129785216,0.022477855817617347,-13.254074096679688,0.5681452562626932,0.012965771222202438
2022-02-25,161.36883544921875,161.63312305071847,157.472871153436,160.3801542624622,91974200,166.68682861328125,164.54535698341957,39.11663151414733,175.54443608990496,157.82922113665754,0.012965771222202438,0.012882435181553758,0.02260297713322185,-7.116424560546875,-0.3483823659646823,0.0016376580213754988
2022-02-28,161.6331024169922,161.9267702066246,158.99990563300975,159.6166064975814,95056600,166.44243698120118,164.26799940566457,40.432916148092474,175.58447212139055,157.30040184101182,0.0016376580213754988,0.0016363185217068566,0.01603731355670091,-3.4456634521484375,0.033513746246229825,-0.011627723657617217
2022-03-01,159.75367736816406,163.08188800417662,158.54965565066482,161.2220016361372,83474400,165.88655014038085,163.83806397352166,32.34137569153093,175.24416222211755,156.52893805864414,-0.011627723657617217,-0.011695854287385898,0.014805651127399988,-5.560028076171875,-0.12184530058933307,0.020587954650107987
2022-03-02,163.0426788330078,163.82578787806702,159.50891214996344,160.91850544375748,79724800,165.50342330932617,163.76231300775842,36.050468669604705,174.6555371132172,156.35130950543513,0.020587954650107987,0.020378887354011187,0.015736189232159623,-6.0984649658203125,-0.04491916084452241,-0.0019812515763677485
2022-03-03,162.7196502685547,165.3430634011942,162.05401727070716,164.91235266773373,76678400,165.04402084350585,163.66301179450093,40.5030394395749,173.75432041951115,156.33372126750055,-0.0019812515763677485,-0.0019832168515041848,0.01558656728416681,-6.186553955078125,-0.03821144737898374,-0.01840811065646597
2022-03-04,159.7242889404297,162.0540345545001,158.67689221468046,161.01642127862274,83737200,164.57856292724608,163.28789533220842,41.059150439537646,173.3856207040614,155.77150515043076,-0.01840811065646597,-0.018579648309532838,0.01567125363486665,-5.58941650390625,0.09205721559135305,-0.023717455931780984
2022-03-07,155.93603515625,161.53524604361925,155.68151606537282,159.91029698865853,96418800,163.93788528442383,162.58771817259333,36.00231041879529,173.31329259816948,154.56247797067817,-0.023717455931780984,-0.02400324259055641,0.016354741900447604,-7.8310394287109375,0.15144523580917446,-0.011676294084676409
2022-03-08,154.1152801513672,159.44040392728598,152.50991327214726,155.46614292973925,131148300,163.2418975830078,161.78081931342894,26.14224598464068,173.37288923019523,153.1109059358204,-0.011676294084676409,-0.011744997329618919,0.0164492072286403,-6.7346954345703125,0.3601942774645608,0.03499737972865424
2022-03-09,159.5089111328125,159.959203685233,156.04367342146804,158.06995256595388,91454900,162.66044158935546,161.56444710575119,37.17940764654476,172.20093869869046,153.11994448002045,0.03499737972865424,0.03439889505099174,0.01799046671734227,2.8191375732421875,-0.30266042335279986,-0.02718610358790141
2022-03-10,155.1724853515625,157.0029911685478,152.6861150001443,156.81700107101284,105342000,161.79119491577148,160.95568884344752,36.439732848771136,170.68066460397569,152.90172522756728,-0.02718610358790141,-0.02756248290916884,0.018522365030142006,-4.130859375,0.1518464292235846,-0.023908822795953077
2022-03-11,151.46249389648438,155.91641251914996,151.23735509056115,155.57379764949783,96970100,160.94005661010743,160.05157503897485,34.44682964463088,170.3739319404927,151.50618127972217,-0.023908822795953077,-0.024199277665910974,0.018538751387377157,-9.906341552734375,-0.07947352433027666,-0.02656230764379608
2022-03-14,147.43930053710938,150.86538982544317,146.9302923114544,148.25177493215907,108732100,160.05808334350587,158.8504060387972,33.50981513503129,171.034848097061,149.08131858995074,-0.02656230764379608,-0.02692145996119482,0.018861628046506852,-14.193801879882812,0.121295120867154,0.02967726431713591
2022-03-15,151.8148956298828,152.28477002224423,147.2043670461277,147.71337523300835,92964300,159.3831428527832,158.1803574284244,44.037282846456485,170.65529921357987,148.11098649198655,0.02967726431713591,0.029245417527252855,0.02040009730313292,-7.93878173828125,-0.14501513352542628,0.029015389059436236
2022-03-16,156.21986389160156,156.62120932527256,151.19820652447248,153.73350876565036,102300200,158.73707885742186,157.99364375825078,46.38677633698698,169.09876887865795,148.37538883618578,0.029015389059436236,0.028602412094247798,0.02084879351383866,-6.82281494140625,0.1004245715828549,0.006454272186285914
2022-03-17,157.2281494140625,157.6001296550613,154.3012994227279,155.26060037752023,75615400,158.15317611694337,157.92073953499477,45.02467093200973,167.35304859433674,148.95330363955,0.006454272186285914,0.006433532563173551,0.020969154331143273,-5.4915008544921875,-0.2608479748817696,0.02091875237284091
2022-03-18,160.5171661376953,161.0066074424884,156.3862803303168,157.1204422875064,123511700,157.91334915161133,158.16801825906148,48.74998547170469,166.5607556226161,149.26594268060654,0.02091875237284091,0.020702959495915062,0.02119431320690764,0.792877197265625,0.633419911816905,0.008537734086856208
2022-03-21,161.8876190185547,162.83713639325782,159.56765695852218,160.05709828830467,95811400,157.81937637329102,158.5222659504418,52.41790198376885,166.23672544429814,149.4020273022839,0.008537734086856208,0.00850149376259403,0.021212166372585276,5.9515838623046875,-0.22427268024000968,0.02080066793176316
2022-03-22,165.25498962402344,165.84231029999864,161.42755456550663,162.01487524148183,81532000,158.0396270751953,159.16347772887815,52.50225569930821,167.00364275149053,149.0756113989001,0.02080066793176316,0.020587287930042615,0.0212974907254406,11.13970947265625,-0.1490365447117984,0.008233587878876403
2022-03-23,166.61563110351562,168.99430889731204,164.1096788423283,164.44251031244588,98062700,158.5359199523926,159.87320662170077,54.30552759141576,168.25274311901399,148.8190967857712,0.008233587878876403,0.008199876809821111,0.020328791559094242,7.106719970703125,0.20275106706569201,0.0226778732232642
2022-03-24,170.3941192626953,170.46263328488442,166.61563143205333,167.4476727675763,90131400,159.09045867919923,160.87519830179548,61.590820937333206,170.16301161310693,148.01790574529153,0.0226778732232642,0.022424552948239338,0.020579695804527783,15.221633911132812,-0.08087988603209983,0.003734233943398557
2022-03-25,171.03041076660156,171.57858276640368,169.10201037950475,170.20815276689837,80546200,159.57353744506835,161.84236139368178,67.60272653862484,171.8429769168018,147.3040979733349,0.003734233943398557,0.003727279000704678,0.020461096012821367,19.567916870117188,-0.10634695566694852,0.005036467820519697
2022-03-28,171.8917999267578,172.0190445148475,168.36781639958284,168.53422465828777,90371900,160.08647232055665,162.79945077778424,71.20506445236423,173.52088749384558,146.65205714726773,0.005036467820519697,0.005023827241280814,0.020462336191996847,24.452499389648438,0.12198837437396182,0.019134315795304557
2022-03-29,175.1808319091797,175.22976408859992,172.61614940998814,172.95876428530602,100589400,160.85783004760742,163.97862993315525,69.68283249580405,175.8885057793663,145.82715431584853,0.019134315795304557,0.018953556933332855,0.020438907696005527,23.365936279296875,0.11306058631056781,-0.0066494487115756895
2022-03-30,174.01597595214844,175.81711647524634,172.96856432856262,174.77950323773482,92633200,161.40649490356446,164.93456764924983,75.71467063910669,177.5340674913311,145.27892231579784,-0.0066494487115756895,-0.006671654789183635,0.020239308053650713,17.796112060546875,-0.07909580929998583,-0.017775734106163843
2022-03-31,170.92271423339844,174.27049138056105,170.7171422878286,174.0845012718467,103049300,161.81664810180663,165.50486732393065,77.01094505109089,178.49274431843912,145.14055188517415,-0.017775734106163843,-0.01793562002768648,0.020763992905053194,13.694564819335938,0.11244456631099875,-0.0017183273340367622
2022-04-01,170.62901306152344,171.18698327855927,168.30906622272897,170.35492714540266,78751300,162.36188430786132,165.9928812037014,85.90477972497338,179.45772583232517,145.26604278339747,-0.0017183273340367622,-0.0017198053518384744,0.020200154466686354,10.111846923828125,-0.23579005388682894,0.023693513962145474
2022-04-04,174.67181396484375,174.72076108227714,170.75628355518236,170.8835430731966,76468400,163.298673248291,166.81944622857208,85.75801108295892,180.9560164248065,145.6413300717755,0.023693513962145474,0.023417179045959864,0.01961117500106686,12.784194946289062,-0.02898872780512829,-0.018941772429671544
2022-04-05,171.36322021484375,174.53480585728352,170.7367358216346,173.75169663163055,73401800,164.16107025146485,167.252186608217,74.53224997095488,181.61350808711484,146.70863241581486,-0.018941772429671544,-0.019123465856795623,0.020016444257017738,6.1082305908203125,-0.04010283986587926,-0.018451069680137766
2022-04-06,168.20138549804688,169.96337702443967,166.53728819844997,168.72019203962893,89058800,164.59569396972657,167.3425865024865,66.61718695843058,181.9931810401195,147.19820689933363,-0.018451069680137766,-0.018623413915390925,0.019431563036862075,1.58575439453125,0.2133053957804849,0.001804277977648372
2022-04-07,168.50486755371094,169.69910564386342,166.26323274049562,167.54556668896316,77594700,165.26231307983397,167.45327993593645,63.29856365493169,182.15386686720544,148.3707592924625,0.001804277977648372,0.0018026522233860543,0.018110539857408823,-1.889251708984375,-0.12872506703436382,-0.011908846536785034
2022-04-08,166.4981689453125,168.15248323813117,165.6269638660641,168.15248323813117,76575500,166.01409683227538,167.36231698444846,57.51676586793188,181.6081615158509,150.42003214869987,-0.011908846536785034,-0.011980324899717194,0.017308314755002063,-4.5322418212890625,-0.013134917719895833,-0.02551590853937047
2022-04-11,162.24981689453125,165.46055114101816,162.0050962053992,165.14731642594322,72246700,166.75462265014647,166.87541221398016,45.237357100399834,179.83944495244467,153.66980034784828,-0.02551590853937047,-0.025847084990113057,0.017209550031122563,-9.641983032226562,-0.05652983003702228,0.011523431695658282
2022-04-12,164.11949157714844,166.2828141709391,163.12102695263263,164.4718899777678,79265200,167.36985244750977,166.61294358190096,46.106893773057664,178.50952123218747,156.23018366283208,0.011523431695658282,0.011457542652120251,0.016290225125753295,-11.06134033203125,0.09714630564440996,0.016342351313043624
2022-04-13,166.8015899658203,167.42807423573976,163.24825626550125,163.8551587010773,70618900,167.8989387512207,166.630909904179,44.198498864045185,177.73806664495788,158.0598108574835,0.016342351313043624,0.016210252351817833,0.015494235965074241,-7.214385986328125,-0.10908065582374105,-0.029988266029877475
2022-04-14,161.79949951171875,167.65322825491936,161.55477886000992,167.01694559853848,75329400,168.12750625610352,166.17077558108755,36.93536801904938,177.09684151272396,159.15817099948308,-0.029988266029877475,-0.03044711068146019,0.01716812633615708,-9.123214721679688,0.06670310639219812,-0.0013307629078626038
2022-04-18,161.5841827392578,163.08187215208477,160.1158586140106,160.45845861462905,69023900,168.18085708618165,165.733957215199,35.13972861174197,176.97048627060852,159.39122790175477,-0.0013307629078626038,-0.0013316491591685744,0.016558715727508052,-9.044830322265625,-0.08370569790812088,0.014114911628703819
2022-04-19,163.86492919921875,164.2760730051198,160.4486387361769,161.53519893963082,67723800,168.27972259521485,165.5559545470104,33.19761811868352,176.81201926968797,159.74742592074173,0.014114911628703819,0.014016223825807078,0.016747757856381256,-10.806884765625,-0.018835504803408676,-0.0010154527606347497
2022-04-20,163.6985321044922,165.31369734743882,162.59240492951264,165.19622127922986,67929800,168.20189971923827,165.37905717153248,34.212045249071636,176.87754718284324,159.5262522556333,-0.0010154527606347497,-0.0010159686820814325,0.016069173397238012,-7.6646881103515625,0.003041766705353277,-0.0048434272945737655
2022-04-21,162.90567016601562,167.90776176039836,162.40644532626558,165.3430936610523,87227800,168.0164016723633,165.1434965043404,36.803067165067596,176.98844232138893,159.04436102333764,-0.0048434272945737655,-0.004855194700311233,0.015967252697949644,-5.29571533203125,0.28408739610598,-0.02782117134339923
2022-04-22,158.37344360351562,164.32505289369502,158.08957416008516,162.94483948037262,84882400,167.4153678894043,164.4987295614047,32.29638041464304,177.28260720789677,157.54812857091184,-0.02782117134339923,-0.028215511344577414,0.01601798959565785,-10.131423950195312,-0.02688821682995557,0.006736767380641995
2022-04-25,159.44036865234375,159.7242379736947,155.11371027579008,157.71752608449836,96046400,166.83586578369142,164.0169809033989,25.92802484057448,177.15995187722243,156.5117796901604,0.006736767380641995,0.006714176764998517,0.01610348683966724,-7.05780029296875,0.13152314260671227,-0.03732786529422105
2022-04-26,153.48880004882812,158.91180327087787,153.41048764569481,158.82370741856425,95623200,165.91571578979492,163.0142970124874,23.929000014243798,177.5408722991017,154.29055928048814,-0.03732786529422105,-0.038042387557630813,0.017650282213838825,-8.761016845703125,-0.004406203668226971,-0.0014669388993504562
2022-04-27,153.26364135742188,156.4156292897006,152.09876878373368,152.61757531774515,88063200,164.81985626220703,162.0856631405764,26.17098008211734,176.89113319300816,152.7485793314059,-0.0014669388993504562,-0.0014680159076167416,0.01671343455367452,-10.855850219726562,-0.0790603117235148,0.04515562380441973
2022-04-28,160.18435668945312,161.04577820352466,155.57381282317428,155.88706244158715,130216800,164.12827529907227,161.9045863357075,39.04066281828812,175.54850901758857,152.70804158055597,0.04515562380441973,0.044165796629829404,0.02031894108819082,-6.6172332763671875,0.47867440656255966,-0.03660466598754297
2022-04-29,154.32086181640625,162.6903124384376,153.9293146853147,158.42238298865084,131747600,163.29818267822264,161.18232685767882,35.439983069153755,175.04770127965082,151.54866407679447,-0.03660466598754297,-0.037291428048256914,0.02140127569006175,-7.4786376953125,0.011755779592187876,0.0019663675702312755
2022-05-02,154.6243133544922,154.88860092145774,150.0333512355366,153.4007100151784,123055300,162.4979476928711,160.5577541430896,39.93272434183834,174.32504017969106,150.67085520605113,0.0019663675702312755,0.0019644368001754124,0.021445723085842614,-6.959869384765625,-0.06597691343144008,0.009622775401765482
2022-05-03,156.1122283935547,157.31626501989302,153.01897002538345,154.81031244687898,88966500,161.56996841430663,160.13437073837198,39.32107669165099,172.2300961356596,150.90984069295365,0.009622775401765482,0.009576771387295869,0.020682668951303728,-7.7527008056640625,-0.27702016898093784,0.041008033352845974
2022-05-04,162.5140838623047,162.9643614673084,155.89682831665468,156.29817374379095,108256500,161.12751159667968,160.36101008350843,44.798069895208286,170.7613362933577,151.49368690000168,0.041008033352845974,0.040189506560641255,0.022847328763440877,-1.1844482421875,0.21682318625550057,-0.05571613713242063
2022-05-05,153.4594268798828,160.61505617925764,151.6778534074066,160.38991736716943,130525300,160.3904136657715,159.7037164450679,40.787156040621966,170.0011950121398,150.7796323194032,-0.05571613713242063,-0.057328455848246286,0.025581189834293135,-9.446243286132812,0.20570404548456667,0.004727299085811598
2022-05-06,154.18487548828125,156.3023722983105,151.14587460582203,152.93986371222095,116124600,159.6744140625,159.17811254442154,41.917463356809286,168.86428313494997,150.48454499005004,0.004727299085811598,0.0047161604973203495,0.025625990136906446,-4.188568115234375,-0.11032880215559737,-0.03318924139951274
2022-05-09,149.06759643554688,152.76341048572758,148.50882129057032,151.8811126841976,131577900,158.80288543701172,158.21520624833823,34.779524261842454,168.55674838049796,149.04902249352548,-0.03318924139951274,-0.03375250216291815,0.026396741847204846,-10.372772216796875,0.133075162368697,0.01611221854926259
2022-05-10,151.4694061279297,153.65553292727364,149.92049701176046,152.45954000160515,115366700,158.26386489868165,157.57274909401363,37.97419844295154,168.39970511790324,148.12802467946005,0.01611221854926259,0.015983794385005693,0.026350101069905502,-2.0193939208984375,-0.1232061007205617,-0.05184150340410243
2022-05-11,143.61700439453125,152.39087300235883,142.9405806152843,150.47925033829725,142689800,157.23874053955078,156.2436305512058,33.34453270427126,168.91162436947087,145.56585670963068,-0.05184150340410243,-0.05323360019988796,0.02824088061858179,-9.646636962890625,0.23683697288732364,-0.026894043869561735
2022-05-12,139.7545623779297,143.32293029647687,136.0685607235715,139.96043637411066,182602000,155.88638916015626,154.67324310613188,33.73474157689189,169.06442784561315,142.70835047469936,-0.026894043869561735,-0.027262306393521396,0.028073343592515603,-20.429794311523438,0.2797130558736505,0.03191630486229058
2022-05-13,144.2150115966797,145.18553469561974,140.2937279042498,141.74459868206603,113990900,155.0071647644043,153.67722105761263,37.44375980121605,168.85356890726962,141.160760621539,0.03191630486229058,0.03141756383095216,0.02896964699393274,-10.105850219726562,-0.3757412295593695,-0.010672422503842038
2022-05-16,142.67588806152344,144.61693408926746,141.34265112461745,142.68570084334092,86643800,154.06175003051757,152.62947505798508,40.38274408044113,168.5829566703643,139.54054339067085,-0.010672422503842038,-0.010729781274618733,0.028977003421974686,-11.94842529296875,-0.23990599249589217,0.02542263668308764
2022-05-17,146.30308532714844,146.82265416778552,143.79345144967377,145.93055862687706,78336300,153.18365783691405,152.02696175028635,44.16239393459309,167.32791081878963,139.03940485503847,0.02542263668308764,0.025104856077652477,0.02949180149258301,-9.80914306640625,-0.09588106708154531,-0.05641909534080669
2022-05-18,138.04879760742188,144.46008977155722,137.14688920750964,143.9601314929513,109742900,151.90117111206055,150.69570802239448,31.84175491633826,166.66877761225962,137.1335646118615,-0.05641909534080669,-0.058073168343511686,0.03160109255798118,-24.465286254882812,0.4009201353650862,-0.02464119703341361
2022-05-19,134.64710998535156,138.87229156176298,133.9118691553446,137.12732118856076,136095600,150.48824310302734,149.1672701141047,33.18195419441871,166.19990000951373,134.77658619654096,-0.02464119703341361,-0.024949872638149028,0.03180621049603672,-18.81231689453125,0.24013125222679554,0.001747234008893539
2022-05-20,134.8823699951172,137.93116906609265,130.00037534307543,136.3528515735585,137426100,149.3136894226074,147.8068034361059,33.103962356205656,166.02386366096607,132.60351518424875,0.001747234008893539,0.0017457093712268034,0.03157147235277777,-19.302505493164062,0.009776216130426008,0.04011889157162418
2022-05-23,140.293701171875,140.4407432989188,134.94114336987113,135.07838767461445,117726300,148.356356048584,147.09126988713152,37.31376306121335,164.8157027559203,131.89700934124767,0.04011889157162418,0.039335025438252486,0.03320490533044559,-8.773895263671875,-0.1433483159312532,-0.019215626049564727
2022-05-24,137.59786987304688,139.176187438702,134.6274981436638,138.03901137531423,104132700,147.56180953979492,146.1871365524568,28.754645809930267,164.50505788885056,130.61856119073929,-0.019215626049564727,-0.01940264586997264,0.032541541347435685,-13.871536254882812,-0.11546782664536304,0.001139880238830271
2022-05-25,137.7547149658203,138.99971190055481,135.61760734755066,135.70583264997845,92482700,146.78636322021484,145.38404878230094,34.21363914680789,164.0474651241143,129.52526131631538,0.001139880238830271,0.0011392310686215296,0.03256141235534497,-5.8622894287109375,-0.11187648068282108,0.023199543902436615
2022-05-26,140.9505615234375,141.4995389264538,134.44123025043575,134.68631051667606,90601500,145.82467346191407,144.96181190050442,37.32631704460171,162.05521772471974,129.5941291991084,0.023199543902436615,0.022934525526372897,0.03112657437348089,1.1959991455078125,-0.02034110163306213,0.04075666404253342
2022-05-27,146.6952362060547,146.7344424649416,142.40142537012454,142.52887188890233,90978500,145.4433921813965,145.12689992960443,47.75511288472073,161.18445713705515,129.70232722573783,0.04075666404253342,0.039948010188021695,0.03190849076261204,2.480224609375,0.004161079010833069,-0.005346262499845267
2022-05-31,145.9109649658203,147.69515625482543,143.95032308788612,146.13644955191023,103718400,145.0077247619629,145.20157279019642,44.57412905266884,160.14981345138312,129.86563607254266,-0.005346262499845267,-0.005360604902877942,0.031902031724773135,3.235076904296875,0.14003198557901042,-0.0008734189804026071
2022-06-01,145.7835235595703,148.75389460714223,144.7737792988703,146.95009283292427,74286600,144.49128952026368,145.25699667299395,52.490441482649786,158.7154446065558,130.26713443397156,-0.0008734189804026071,-0.0008738006330048712,0.03177979792269788,-0.519561767578125,-0.28376642910033323,0.016811266487608556
2022-06-02,148.2343292236328,148.2931460840145,143.96992734384497,144.9208398093746,72348100,143.77730178833008,145.54055215400717,60.07455895138875,155.38532943994556,132.1692741367146,0.016811266487608556,0.01667152116965206,0.03045177589624361,10.185531616210938,-0.026094881176416784,-0.03855565054348131
2022-06-03,142.51905822753906,145.05808578629097,141.6171647882395,144.0091352358549,88570300,143.23028335571288,145.25279082767688,48.04342606225632,153.91130440458383,132.54926230684194,-0.03855565054348131,-0.03931859450872544,0.029135450684453734,7.8719482421875,0.22422427126628075,0.005227765055493272
2022-06-06,143.2641143798828,145.64630225545608,142.04851092055418,144.13659949613532,71598400,142.68424530029296,145.06339307074413,50.69128588858659,152.0418755126518,133.3266150879341,0.005227765055493272,0.005214147729923565,0.02914290811991127,8.381744384765625,-0.19162066742463335,0.017585765916277918
2022-06-07,145.7835235595703,146.06781003090646,141.26424373812605,141.50932395629872,67808200,142.52004165649413,145.1319769268228,49.373085655831574,151.5142386445899,133.52584466839835,0.017585765916277918,0.01743292560914964,0.028605054902000646,5.4898223876953125,-0.05293693713826009,-0.005043400879771731
2022-06-08,145.04827880859375,146.9206802540853,144.55811838609154,145.6560729457736,53950200,142.19898529052733,145.12400567746764,60.31794302433653,150.25789101865186,134.1400795624028,-0.005043400879771731,-0.005056161749524377,0.028339743178388006,7.450408935546875,-0.2043705628522804,-0.03595562495818383
2022-06-09,139.83297729492188,145.0384790561678,139.72514139394366,144.18560463111925,69473000,142.00978393554686,144.6200982124633,57.25649519103277,150.1061065561693,133.91346131492443,-0.03595562495818383,-0.03661795322998657,0.027056319353320146,2.0782623291015625,0.28772460528413246,-0.038628804986068466
2022-06-10,134.431396484375,137.98995082700978,134.36276684809005,137.51940103001422,91437900,141.74362564086914,143.64974566693107,49.4486729536542,150.4770305622203,133.01022071951797,-0.038628804986068466,-0.03939468547109864,0.027765699208824653,-6.5191650390625,0.31616455313575065,-0.03828471335613137
2022-06-13,129.28472900390625,132.53938671229503,128.85338540144875,130.25523715092532,122207100,140.99711151123046,142.2816488418811,36.453579150779234,151.25960743390954,130.73461558855138,-0.03828471335613137,-0.03903683195084252,0.02774678363856853,-17.410507202148438,0.33650379109756456,0.006672643436576697
2022-06-14,130.14739990234375,131.25516732822615,128.89259032192393,130.5101288143863,84784300,140.37068710327148,141.12600608573467,40.39914773397596,151.6780131652054,129.06336104133754,0.006672643436576697,0.006650479889695892,0.027833763102601047,-15.763565063476562,-0.3062244337685781,0.020111286453582622
2022-06-15,132.76483154296875,134.63724775917188,129.5591934714462,131.64726649009233,91533000,139.6937744140625,140.32970374832837,43.9533675403319,151.1260066133545,128.2615422147705,0.020111286453582622,0.0199117257109887,0.027560103703910897,-13.018692016601562,0.07959846339475596,-0.03965135234659134
2022-06-16,127.50052642822266,129.78467578709342,126.50059498012912,129.48077871917013,108123900,139.16636085510254,139.10787733688974,34.47958196749744,151.82555122194933,126.50717048825575,-0.03965135234659134,-0.040458885813234244,0.02611403289320699,-20.733802795410156,0.18125594048048255,0.0115330238624336
2022-06-17,128.9709930419922,130.46108474224513,127.25543176187765,127.51032472551074,134520300,138.88255500793457,138.14245978499474,27.309148532428694,152.20544950755,125.55966050831917,0.0115330238624336,0.011467025498482782,0.025834232760116187,-13.548065185546875,0.24413103855854246,0.032760889624209755
2022-06-21,133.19619750976562,134.36278178825876,130.69639115129178,130.79441426737327,81000500,138.798246383667,137.67138718735387,35.04034363180297,152.24845657459073,125.34803619274325,0.032760889624209755,0.03223569153758212,0.026966394867851136,-10.067916870117188,-0.3978566803672011,-0.003827063953335208
2022-06-22,132.6864471435547,135.04900927487205,131.2747825760473,132.13745484401576,73409200,138.417883682251,137.19663099270633,34.72792530164985,152.11796375570447,124.7178036087975,-0.003827063953335208,-0.00383440590064088,0.02523607258930812,-13.097076416015625,-0.0937191745729965,0.021573669586909094
2022-06-23,135.54898071289062,135.86267563561398,132.96093402675356,134.1275183400123,72433800,138.31543922424316,137.03971191843817,35.34871023773471,152.07186322293683,124.5590152255495,0.021573669586909094,0.021344251702898793,0.025459533190839666,-9.499298095703125,-0.013287162916909567,0.02451713533809019
2022-06-24,138.87225341796875,139.117333627322,137.01944763359853,137.1468791706762,89116800,138.37131614685057,137.21423968029822,45.541682989161856,152.12722887819683,124.61540341550433,0.02451713533809019,0.02422141411877221,0.026065294814063472,-0.960723876953125,0.23032065140859648,0.0
2022-06-27,138.87225341796875,140.66624234545563,138.19582964679236,139.89178050713437,70207900,138.26740074157715,137.37214575055256,44.53120665531202,151.97258112827652,124.56222035487778,0.0,0.0,0.025523255891583288,4.44085693359375,-0.2121810926783727,-0.02978937125623493
2022-06-28,134.73533630371094,140.5976523771425,134.61770255675322,139.33304472180774,67083400,137.66940574645997,137.12102104132956,36.77539984080523,150.8602874702719,124.47852402264805,-0.02978937125623493,-0.03024208802203569,0.02438072502602104,5.4506072998046875,-0.04450353877555091,0.013023647185197218
2022-06-29,136.49008178710938,137.90174634957765,133.98046254650382,134.75492447437682,66242400,137.1983615875244,137.06093158854668,39.999967906898625,149.8101924386829,124.58653073636592,0.013023647185197218,0.012939568710963816,0.024669985777309722,6.342681884765625,-0.012536633503966721,-0.01802780856463726
2022-06-30,134.0294647216797,135.64698810352084,131.1375212724895,134.5490335635321,98964500,136.61065864562988,136.77222045836885,42.752161932457,148.61904013995968,124.60227715130009,-0.01802780856463726,-0.018192289322569583,0.02488795485409938,1.2646331787109375,0.49397515790490676,0.01616438527713937
2022-07-01,136.1959686279297,136.3038045198631,132.9903302157903,133.36284196732555,71051600,136.00874061584472,136.71733933166036,52.397445720948205,146.6983515865781,125.31912964511135,0.01616438527713937,0.016035132601260327,0.024860030446111937,8.695442199707031,-0.28204962385501875,0.01893042133542111
2022-07-05,138.7742156982422,138.82323473193733,134.2353254229341,135.05880629688934,73353800,135.82149848937988,136.91323231895385,63.86027995892081,146.15625734226353,125.48673963649621,0.01893042133542111,0.01875347058980411,0.023952579265287932,9.80322265625,0.032401803759521286,0.009607236384855389
2022-07-06,140.10745239257812,141.28383440664965,138.30366564043456,138.56835645511603,74064300,135.66366539001464,137.2174437545371,64.35032412014013,145.60891589805155,125.71841488197774,0.009607236384855389,0.0095613803552493,0.024032926386232778,6.9112548828125,0.009685933107759892,0.023999676761762734
2022-07-07,143.46998596191406,143.66604717243726,140.4603932776671,140.47019110271424,66253700,135.54798851013183,137.81292396476348,65.09965813540455,145.04117193836282,126.05480508190082,0.023999676761762734,0.02371621095492514,0.0243326151982265,10.783538818359375,-0.10545701505313632,0.004714410043596073
2022-07-08,144.1463623046875,144.646335480772,142.14651447587394,142.4013924960781,64547800,135.5028926849365,138.41610856856576,76.96956811419713,144.8128575624387,126.19292780743433,0.004714410043596073,0.004703332016496902,0.02433487906110229,8.597381591796875,-0.02574799596098032,-0.014757627364086923
2022-07-11,142.01910400390625,143.75427642973983,140.95055766241197,142.80336382609462,63141600,135.61219902038573,138.75925099097913,70.699986589275,145.1838764108736,126.04052162989785,-0.014757627364086923,-0.01486760448896856,0.023118951622329523,3.1468505859375,-0.021785405544418213,0.006833513763940147
2022-07-12,142.98959350585938,145.5286208059207,142.19553604555907,142.89155544175705,77588800,136.04010887145995,139.16214075430105,67.3257891923702,146.14013811866423,125.94007962425569,0.006833513763940147,0.0068102711345654,0.021166709081266933,4.117340087890625,0.22880636537560028,-0.0025364514181355213
2022-07-13,142.6269073486328,143.56800712971256,139.3232154144063,140.17610485424197,71185600,136.70721778869628,139.4921185251898,67.6779523405327,146.69036545335308,126.72407012403949,-0.0025364514181355213,-0.0025396736608952063,0.018852710222754487,7.891571044921875,-0.0825273750850638,0.020482183054449266
2022-07-14,145.5482177734375,146.01876752832248,140.43094244372892,141.2446104323155,78140700,137.47725868225098,140.06888988216576,67.74538242570503,147.7028528626066,127.25166450189536,0.020482183054449266,0.02027524408002516,0.019163941149770363,9.058135986328125,0.09770374907284629,0.011450155200191992
2022-07-15,147.2147674560547,147.89119117713278,145.28353435270415,146.83244295612025,76259900,138.19975547790528,140.74944965110757,65.73022167058242,149.04648928465224,127.35302167115832,0.011450155200191992,0.011385098309818407,0.01891941890916749,13.185302734375,-0.024069403012770607,-0.020643319398992555
2022-07-18,144.17576599121094,148.58720894116726,143.81303717687484,147.7735410020435,81420900,139.03351745605468,141.07576549302217,58.97182930625659,148.94025393581217,129.1267809762972,-0.020643319398992555,-0.02085937124040687,0.016910613642513322,7.97979736328125,0.06767645905646358,0.026722080268582804
2022-07-19,148.0284423828125,148.25391198084102,144.01893385798232,145.0090524915063,82982400,139.98638992309571,141.73792519681174,72.70600009904165,149.47517820536763,130.4976016408238,0.026722080268582804,0.026371281148394612,0.017489149193609742,9.254226684570312,0.019178122570494782,0.013509989287914248
2022-07-20,150.02830505371094,150.6949310490213,147.41085002655058,148.14609070693865,64823400,140.82799530029297,142.5274851831831,72.9326542079941,150.7566205173038,130.89937008328215,0.013509989287914248,0.01341954309017048,0.016502103403979704,9.920852661132812,-0.21882953493752888,0.015093994205805261
2022-07-21,152.29283142089844,152.50850317822432,148.9499341408544,151.4595528168205,65086600,141.80831451416014,143.4575181582036,81.1435586423383,152.21257213948036,131.40405688883993,0.015093994205805261,0.014981213335032587,0.01644546725730011,8.822845458984375,0.0040602621892711355,-0.008110583435188667
2022-07-22,151.05764770507812,153.20455292364784,150.3910366563313,152.33206789895848,66675400,142.58374786376953,144.1813400198107,76.17420103484805,153.32986791495506,131.837627812584,-0.008110583435188667,-0.008143653148175648,0.01640454200636038,6.911285400390625,0.024410554553471853,-0.007398193523570518
2022-07-25,149.94009399414062,151.98896129458768,149.28328071900498,150.97923186102722,53623900,143.13713989257812,144.7297927792707,70.73188145067385,154.2133494793834,132.06093030577284,-0.007398193523570518,-0.007425695886437524,0.016010902914017442,7.920989990234375,-0.1957468571617118,-0.008826360299737268
2022-07-26,148.61666870117188,150.07733740905365,147.8324089141252,149.26366918886245,55138700,143.62436065673828,145.09997143849938,65.80496907366091,154.76773052608263,132.48099078739392,-0.008826360299737268,-0.00886554335067968,0.016245818450878156,5.6270751953125,0.028248598106441314,0.034234582394482294
2022-07-27,153.70449829101562,154.23387992265205,149.16562296270044,149.57735592146827,78620700,144.57281875610352,145.91945018635806,67.86456438396152,155.75958492883535,133.38605258337168,0.034234582394482294,0.033661619208855166,0.015632717033538253,11.077590942382812,0.425871484093749,0.003571861829503975
2022-07-28,154.25350952148438,154.53779601902812,151.37136349671525,153.89078059336344,81378700,145.46099014282225,146.71317012303675,67.72104013346788,156.76577181586768,134.15620846977683,0.003571861829503975,0.0035654978806346866,0.015574988900331857,8.705291748046875,0.03507981994563769,0.03279303775843645
2022-07-29,159.31195068359375,160.40992030893383,156.36119003723385,158.06695385906744,101786900,146.72511444091796,147.91305398594693,77.49387194252144,158.29867824482153,135.1515506370144,0.03279303775843645,0.03226681939515399,0.015551165735943947,12.097183227539062,0.25078060966813176,-0.006153533471230044
2022-08-01,158.3316192626953,160.3706884793457,157.72382510643268,157.84145882480365,67829400,147.83189697265624,148.9052982980182,74.38463333134465,159.39953551627332,136.26425842903916,-0.006153533471230044,-0.006172544488399058,0.015793132441298655,14.155853271484375,-0.3336136575531822,-0.00928730628797736
2022-08-02,156.86114501953125,159.21392420256825,156.48863324172908,156.94938527079637,59907000,148.7362434387207,149.66299798578135,71.85432682193382,160.1493256979842,137.32316117945717,-0.00928730628797736,-0.009330702213506903,0.015993928302904414,8.83270263671875,-0.11679891020707833,0.03824766645149258
2022-08-03,162.8607177734375,163.311657015849,157.58658648416494,157.67481177613547,82507500,149.87390670776367,150.91992367984383,74.28499388268978,162.16756624308078,137.58024717244655,0.03824766645149258,0.037534355947575045,0.017518437925996007,12.832412719726562,0.37725975261655575,-0.0019261255251451503
2022-08-04,162.54702758789062,163.89987539598906,161.19417977979222,162.7430888021846,55474100,150.8277587890625,152.02726690918163,72.35572120375573,163.96098642555864,137.69453115256636,-0.0019261255251451503,-0.0019279828903099737,0.017205013058980798,10.254196166992188,-0.3276477895948853,-0.0013894153603759563
2022-08-05,162.32118225097656,162.81202342502937,160.0142227412148,160.2203826252019,56697000,151.73649978637695,153.0076397988764,78.82198965569057,165.42652261217455,138.04647696057935,-0.0013894153603759563,-0.001390381492907727,0.017290424009234133,11.263534545898438,0.022044521677683893,-0.002902645743076082
2022-08-08,161.8500213623047,164.7361708864107,161.19229575323052,163.32254540690658,60276900,152.72804565429686,153.84977137634576,74.59626286889194,166.32697531280797,139.12911599578575,-0.002902645743076082,-0.0029068665889566032,0.016732104323635977,11.909927368164062,0.06314090692629248,0.00030329019422348225
2022-08-09,161.89910888671875,162.78263230320212,160.25970057725633,161.0156004495246,63135500,153.67352142333985,154.61637494876223,72.70087825420642,167.04918022100668,140.29786262567302,0.00030329019422348225,0.00030324421104978836,0.016792726324436465,13.282440185546875,0.04742446940701983,0.02619446156630123
2022-08-10,166.1399688720703,166.23812814464867,163.8428202002786,164.60853143111325,70170500,154.84917449951172,155.7138600843154,74.61935048403882,168.26994085661124,141.4284081424122,0.02619446156630123,0.025857262479689197,0.017215053008827547,12.435470581054688,0.11142701016068624,-0.004431515402663955
2022-08-11,165.40371704101562,167.85792369494868,165.10920924668594,166.94495103045548,57149200,155.84194946289062,156.63670360400113,75.96711328725718,169.30327132914826,142.380627596633,-0.004431515402663955,-0.004441363672990517,0.01715019622139956,11.15020751953125,-0.18556658424836647,0.02142566286140335
2022-08-12,168.94760131835938,169.01631131920942,166.2970460032489,166.70936592550703,68039400,156.92859115600587,157.80917005298764,81.6266094159082,170.95449330829493,142.9026890037168,0.02142566286140335,0.021199360098272266,0.01744269063034066,9.635650634765625,0.19055734813435699,0.006333367954733271
2022-08-15,170.01760864257812,170.21394216296972,168.21131628811554,168.3782005294128,54091700,158.2206832885742,158.97187849009148,85.91189815336399,172.05995586324076,144.38141071390766,0.006333367954733271,0.006313396460102501,0.01618614365018472,11.685989379882812,-0.20499445909281977,-0.0009237791136710305
2022-08-16,169.8605499267578,170.52810192661653,168.51564947224608,169.61512926108554,56377100,159.3122886657715,160.00889481739304,82.48665160772879,173.21055539082684,145.41402194071614,-0.0009237791136710305,-0.0009242060605531173,0.015712658599051348,12.999404907226562,0.04225047465692522,0.008784599973715279
2022-08-17,171.3527069091797,172.92339013736907,169.4089794863745,169.60531301748716,79542000,160.3785087585449,161.0892578737537,83.12665136185436,174.5471282682867,146.2098892488031,0.008784599973715279,0.008746239863822634,0.015645283332722356,8.491989135742188,0.41089201111798945,-0.00229158724608014
2022-08-18,170.9600372314453,171.69629926083016,169.9489052427666,170.56737014082248,62290100,161.31186904907227,162.02933209829575,77.54589786169623,175.69554976922637,146.92818832891817,-0.00229158724608014,-0.0022942169503660102,0.01564211367296303,8.413009643554688,-0.21689044781373368,-0.015101967264120941
2022-08-19,168.37820434570312,170.55754092380556,168.1720444080825,169.86053968443733,70346300,162.17789688110352,162.63398659804884,72.08569509864235,176.038197953003,148.31759580920405,-0.015101967264120941,-0.015217163233717327,0.016044926920897346,6.0570220947265625,0.12933355380710587,-0.023029163827928856
2022-08-22,164.50059509277344,166.74864212900974,164.07846369670224,166.58175784940187,69026800,162.90592193603516,162.81175883564165,65.18675443976701,175.53457307405617,150.27727079801414,-0.023029163827928856,-0.023298477771711824,0.017058183339241636,2.65057373046875,-0.018757205425160905,-0.0020293652246127225
2022-08-23,164.16676330566406,165.61966421752064,163.59738564765863,164.01951691966545,54147100,163.68342666625978,162.9408068804057,53.35124989134954,174.3739057680895,152.99294756443007,-0.0020293652246127225,-0.002031427176327837,0.016839111948538498,2.2676544189453125,-0.21556409974097013,0.001793967803013663
2022-08-24,164.46127319335938,165.03065085876125,163.20472075222654,164.2551282502834,53841500,164.22126541137695,163.08561319592508,54.91670154745276,173.82500102955242,154.61752979320147,0.001793967803013663,0.001792360564709958,0.015386962733861935,-1.6786956787109375,-0.005643884898729579,0.014922805747265677
2022-08-25,166.91549682617188,167.0234825149317,165.26627719342727,165.68839353539587,51218200,164.85436477661133,163.45036401785333,60.5883474127751,173.28971874820505,156.41901080501762,0.014922805747265677,0.014812556150570534,0.01559768528310845,1.51177978515625,-0.048722639599565354,-0.037699330851321156
2022-08-26,160.62289428710938,167.91680343416758,160.56399573070382,167.44560000363606,78961000,164.9199119567871,163.1810811863539,47.77020473824215,173.1927367635022,156.647087150072,-0.037699330851321156,-0.03842833125612588,0.01669099537089671,-8.32470703125,0.5416590196453603,-0.013690198774872986
2022-08-29,158.42393493652344,159.91608162954805,156.89251255304256,158.19813716461735,73314000,164.9245277404785,162.728019638751,44.14292408116155,173.18196374571764,156.66709173523938,-0.013690198774872986,-0.013784773704508842,0.016933433941556497,-11.593673706054688,-0.07151631818239379,-0.015305508679003266
2022-08-30,155.99917602539062,159.58231130465205,154.8309714061125,159.16019500251252,77906200,164.88142929077148,162.08717738985953,31.79414212462079,173.32301242196635,156.4398461595766,-0.015305508679003266,-0.015423847015383655,0.01716217410779547,-13.861373901367188,0.06263742259322913,-0.010634747458860283
2022-08-31,154.3401641845703,157.63861884578063,154.26162776653078,157.37356030730842,87991100,164.4554016113281,161.34936660840341,30.7744971959643,174.1005973141697,154.81020590848652,-0.010634747458860283,-0.010691700533217757,0.014714355727168884,-17.012542724609375,0.12944926077770447,0.004706749105299446
2022-09-01,155.0666046142578,155.51817026416148,151.836860169279,153.77077627080038,74229900,164.08138046264648,160.75100832324668,23.260187498052645,174.5805165869056,153.58224433838737,0.004706749105299446,0.004695706996463859,0.01480433893245091,-15.8934326171875,-0.15639308975566846,-0.013611192975706121
2022-09-02,152.95596313476562,157.42262194968552,152.13135334781393,156.82379496598037,76957800,163.61311950683594,160.00862306720086,18.400038434799313,175.2197653205166,152.0064736931553,-0.013611192975706121,-0.013704674495355736,0.015017729326638926,-15.4222412109375,0.03674934224618376,-0.00821528309412034
2022-09-06,151.6993865966797,154.2124912520568,150.8747769402501,153.60385293125665,73714800,163.1055877685547,159.21726721286552,17.679960983833055,175.86711981599797,150.34405572111143,-0.00821528309412034,-0.00824921449745403,0.015065445138119025,-12.80120849609375,-0.04213997801392455,0.009254085615128416
2022-09-07,153.1032257080078,153.80021196934476,150.79626559392008,151.9841081371773,87449600,162.66579360961913,158.63497754573623,17.420375919368013,176.18609104790292,149.14549617133534,0.009254085615128416,0.009211528912279315,0.015303709086918253,-11.06353759765625,0.18632350627011118,-0.009617917407539478
2022-09-08,151.6306915283203,153.49588236025656,149.88328282837716,151.80738719524012,84923800,161.94032974243163,157.9679026869347,16.77364696501546,176.2119079101117,147.66875157475155,-0.009617917407539478,-0.00966446829737696,0.013765569193398842,-12.830581665039062,-0.028882922277517542,0.01883978384805718
2022-09-09,154.4873809814453,154.92915012061422,151.91537744584716,152.62219009337275,68028800,161.39451293945314,157.63642442926906,26.34576099253593,175.94072463754853,146.84830124135775,0.01883978384805718,0.018664513074189103,0.014719306223138749,-12.428115844726562,-0.1989430524776329,0.03850793398380259
2022-09-12,160.43637084960938,161.2511691580026,156.38203213199495,156.6667134786447,104956000,160.9689514160156,157.90308599311098,43.535224921154175,175.07613618599223,146.861766646039,0.03850793398380259,0.037785004154439694,0.016604705014144575,-0.1865234375,0.5428171597911473,-0.05867956940404728
2022-09-13,151.02203369140625,157.5993035102858,150.5606417135221,156.97102730327344,122656600,160.01917266845703,157.2477476786629,33.77759230893518,174.1190534172456,145.91929191966847,-0.05867956940404728,-0.06047167600504201,0.020662510286009572,-7.4019012451171875,0.1686478143221921,0.009555357074296333
2022-09-14,152.46510314941406,154.22232317214238,150.79624593389804,151.95462406702927,87965400,159.14940032958984,156.79225772349633,35.60321637266267,172.8331417993006,145.46565885987908,0.009555357074296333,0.009509993398360807,0.02092126963825333,-3.5340728759765625,-0.28283190631405075,-0.01892963267541392
2022-09-15,149.57899475097656,152.3964344091801,148.6071384221947,151.8172302065752,90481100,158.0607147216797,156.10528029754207,29.407668587009354,171.1062217304726,145.01520771288676,-0.01892963267541392,-0.01911109179090681,0.020865602666003003,-4.76116943359375,0.028598744506362683,-0.01096042981149592
2022-09-16,147.93954467773438,148.5776472684102,145.65222273370736,148.44021232229758,162278800,156.90969009399413,155.3275911908937,33.06240219092331,169.20370541408033,144.61567477390793,-0.01096042981149592,-0.011020937857991568,0.020862246967104127,-7.1270599365234375,0.7935104679319769,0.02508311702724786
2022-09-19,151.65032958984375,151.72886599832884,146.36888718799335,146.5750321533895,81474200,156.07329635620118,154.97737580031753,41.305464230215854,167.3129940891524,144.83359862324997,0.02508311702724786,0.024773699085453637,0.021947388263234863,-1.305633544921875,-0.4979368839306182,0.015665454820599667
2022-09-20,154.0260009765625,155.18439428665013,150.27598106267698,150.59011171978128,107689800,155.54956665039063,154.88676867424562,47.46405545606368,166.0902899116994,145.00884338908187,0.015665454820599667,0.015544018181419018,0.021978702693125414,2.3266143798828125,0.32176566324063316,-0.020267780224936027
2022-09-21,150.90423583984375,155.83228620825895,150.78643873263653,154.45792171393398,101696800,154.8864402770996,154.50747983287403,45.74412631332251,164.794287364336,144.97859318986323,-0.020267780224936027,-0.020475989783256855,0.022309901312950103,-2.1989898681640625,-0.055650581577828206,-0.006375244447230699
2022-09-22,149.9421844482422,151.64049091114813,148.1457037475465,149.588778163199,86652500,154.16048583984374,154.07268979624243,43.68952763060678,163.2044003913587,145.1165712883288,-0.006375244447230699,-0.006395653104470624,0.022273684534141306,-1.688507080078125,-0.14793287497738372,-0.015123627057181732
2022-09-23,147.6745147705078,148.69547312127722,145.83877299693037,148.4206031759059,96029900,153.19843673706055,153.4633397937915,43.52121149273908,160.44420647059732,145.95266700352377,-0.015123627057181732,-0.015239155389772581,0.02191413540661418,-6.8128662109375,0.10821845878653247,0.0022602817504489003
2022-09-26,148.00830078125,150.95334879982894,146.89899456754617,146.91863241520423,93339400,152.56770706176758,152.94381226878755,45.36723481953974,159.26788998559795,145.8675241379372,0.0022602817504489003,0.002257731156304405,0.020644746315928095,-12.428070068359375,-0.028017315440295176,0.006566169120582277
2022-09-27,148.9801483154297,151.88593544780034,147.20330517830297,149.9422080635759,84442700,152.09551773071288,152.56632046370586,44.76829962477201,158.37589755179243,145.81513790963334,0.006566169120582277,0.006544705735701264,0.020634854320011147,-2.0418853759765625,-0.09531559020092262,-0.012651528955157088
2022-09-28,147.09532165527344,147.8806707549768,142.1869085062377,144.93562286555536,146691400,151.65032501220702,152.04527295814088,44.30473854643699,158.0271670352889,145.27348298912514,-0.012651528955157088,-0.012732241024259195,0.020559029235229412,-5.369781494140625,0.7371708862933088,-0.049119095887475095
2022-09-29,139.87013244628906,144.03247205665744,138.1031007730531,143.42383363893248,128138200,150.92682342529298,150.88573576653596,33.45924225345887,159.0602263330097,142.79342051757627,-0.049119095887475095,-0.05036645654760041,0.022994396425334337,-9.7088623046875,-0.12647776215919948,-0.03003906931402278
2022-09-30,135.66856384277344,140.4788186878684,135.4722302730186,138.69214875072967,124925300,149.95692138671876,149.4364812976062,20.818919720626695,160.32981776432746,139.58402500911006,-0.03003906931402278,-0.030499485939197057,0.023555539215493766,-12.270980834960938,-0.025073709479296546,0.030752290895185386
2022-10-03,139.84068298339844,140.44933637961338,135.1678792129988,135.67835835777296,114311700,149.3011573791504,148.52259574387213,34.9696493087049,160.501055412913,138.1012593453878,0.030752290895185386,0.03028891515412247,0.02489098492385869,-11.809646606445312,-0.0849595718401317,0.025623052356136933
2022-10-04,143.423828125,143.54162523892447,141.61752082886468,142.3734205948832,87830100,148.88737945556642,148.03699882778906,38.50762804009274,160.32320868444816,137.45155022668467,0.025623052356136933,0.025300283877977132,0.025737533464873355,-10.6021728515625,-0.23166132600599942,0.0020532109201585325
2022-10-05,143.7183074951172,144.6803670999918,140.39040452379436,141.43100052371705,79471000,148.4181335449219,147.62569489134412,42.02505068357421,159.8956953072442,136.94057178259956,0.0020532109201585325,0.0020511059634048816,0.02561477777015014,-7.1859283447265625,-0.09517352251676814,-0.006625526623938338
2022-10-06,142.76609802246094,144.83744897574383,142.55995305808347,143.13914221609966,68402200,147.97490386962892,147.1628761419267,42.82603884235512,159.61362725672987,136.33618048252796,-0.006625526623938338,-0.00664757285802404,0.025581839180039905,-7.17608642578125,-0.13928099558329454,-0.03671860696498275
2022-10-07,137.52392578125,140.47880029356153,136.8956494527264,139.9290453992253,85925600,147.12673110961913,146.2448808694813,31.209141836486168,159.2302937355768,135.02316848366146,-0.03671860696498275,-0.03740970526204484,0.026131143820663293,-10.150588989257812,0.25618181871343326,0.00235554715266173
2022-10-10,137.84786987304688,139.29094450363405,136.03176603772727,137.84786987304688,74899000,145.997306060791,145.44516553648756,27.237479056977904,157.04072106620055,134.95389105538146,0.00235554715266173,0.0023527772004501043,0.024100276911186175,-10.160430908203125,-0.12832729710354074,-0.010255038798990257
2022-10-11,136.43423461914062,138.76083241469453,135.68816128454225,137.33738075448184,77033700,145.26791610717774,144.58698163959738,28.61279732827424,156.8288309745519,133.7070012398036,-0.010255038798990257,-0.0103079839904073,0.020882142900299196,-12.545913696289062,0.028501048078078517,-0.004604895410695087
2022-10-12,135.80596923828125,137.78897231294513,135.62927355780315,136.58150689181417,70433700,144.4349594116211,143.75069474423395,28.897932184997714,156.21105182764614,132.65886699559604,-0.004604895410695087,-0.004615530603426688,0.020605977818726785,-11.289352416992188,-0.08567678821087399,0.03361291569383984
2022-10-13,140.3708038330078,140.9598044199806,131.90868942611982,132.5173428390662,113224000,143.97454986572265,143.42880037173623,39.79701287395562,155.62317207294814,132.32592765849716,0.03361291569383984,0.033060349801951446,0.022107202285008634,0.50067138671875,0.6075259428370225,-0.032240352868754374
2022-10-14,135.84519958496094,141.872728224266,135.6586775538603,141.6665683532382,88598000,143.36983261108398,142.70655267775763,34.789979014502094,155.4012029208293,131.33846230133867,-0.032240352868754374,-0.0327715209548506,0.02300737579388753,0.1766357421875,-0.21749805694905677,0.02912313283837764
2022-10-17,139.8014373779297,140.282452315822,137.7006369919499,138.48598615048115,85250900,142.7773880004883,142.42987503015496,39.31918922316534,154.24567738571614,131.30909861526044,0.02912313283837764,0.028707112315242138,0.023292155116932316,-0.03924560546875,-0.03777850515812997,0.009409271550935072
2022-10-18,141.1168670654297,144.0128276023933,138.03438444661543,142.82500010106065,99136600,142.13193130493164,142.30482665256207,42.94974178108074,152.31573310494508,131.9481295049182,0.009409271550935072,0.009365280091802606,0.023057803556493724,-2.3069610595703125,0.16288039187856085,0.000765443352163997
2022-10-19,141.22488403320312,142.2949146585481,138.9081120945048,139.09463421767856,61758300,141.6479637145996,142.2019749745279,51.91990897056032,150.95903868294684,132.33688874625236,0.000765443352163997,0.0007651505498075289,0.022759956233316794,-2.4934234619140625,-0.37703834910618284,-0.0032670960704304086
2022-10-20,140.76348876953125,143.21769564184982,140.03703814278057,140.4002709458009,64522000,141.18902893066405,142.06497628833776,58.07654480691093,149.64426501247888,132.73379284884922,-0.0032670960704304086,-0.0032724446815920317,0.022746746909753406,-2.0026092529296875,0.0447502602889005,0.027058855666880044
2022-10-21,144.5723876953125,145.14176534962488,140.03700430524796,140.25297565616944,86548600,141.0339225769043,142.3037773747163,57.58814544518448,149.09274268158708,132.97510247222152,0.027058855666880044,0.02669923764601625,0.02349752991986771,7.0484619140625,0.3413812343076781,0.014802585750508523
2022-10-24,146.71243286132812,147.47814394112922,143.32563155001017,144.49383601206912,75981900,140.9691291809082,142.7236493258222,55.52982361791613,148.8097296688951,133.1285286929213,0.014802585750508523,0.014694096779267083,0.023749437968602086,8.86456298828125,-0.12208978539225357,0.019337810113546183
2022-10-25,149.54953002929688,149.69679141311283,146.62411995147127,147.34074408565283,74732300,140.99759826660156,143.3737332023436,59.032872465498734,148.96380277032065,133.03139376288246,0.019337810113546183,0.019153210699829042,0.024109074070431415,13.11529541015625,-0.016446022013137385,-0.019627323184718715
2022-10-26,146.61427307128906,149.20591401942318,145.32825653907994,148.1947823413551,88194300,140.97354583740236,143.68235604700507,55.6159973776543,148.86478284771556,133.08230882708915,-0.019627323184718715,-0.01982249714199688,0.02435805010054496,10.808303833007812,0.18013629983287016,-0.030465067799772982
2022-10-27,142.1476593017578,146.3198108162611,141.48993368404496,145.35776595535313,109180200,141.0874221801758,143.53619445221963,56.90412947694932,148.9773473651066,133.197496995245,-0.030465067799772982,-0.030938773798225343,0.022672197265949868,1.77685546875,0.23795075191934179,0.07555237672300219
2022-10-28,152.8872528076172,154.61500878306214,145.11232844918345,145.4853576495381,164762400,141.94835662841797,144.42677143844796,67.128776948661,151.01814084142754,132.8785724154084,0.07555237672300219,0.07283436842176436,0.026943018131285138,17.04205322265625,0.5090868124440147,-0.01541036640215565
2022-10-31,150.5312042236328,151.4147275390832,149.13721674827332,150.35450854811523,97943200,142.48288269042968,145.00814598941795,65.71801992137748,152.26200442867795,132.7037609521814,-0.01541036640215565,-0.015530340255160119,0.026717272721421766,10.729766845703125,-0.40554883881273884,-0.017542753511758935
2022-11-01,147.89047241210938,152.60255171953904,146.3983256985316,152.2393339638939,80379300,142.70621490478516,145.28265326776952,62.89541745936324,152.77552635453532,132.636903455035,-0.017542753511758935,-0.017698451210217934,0.026623971900553337,6.7736053466796875,-0.1793274060884268,-0.0373048291658713
2022-11-02,142.37344360351562,149.3826576212183,142.34399432027527,146.22163806624556,93604600,142.63897171020508,145.00558568069772,52.094460996857784,152.6977817211832,132.58016169922698,-0.0373048291658713,-0.03801845848364627,0.02802698382569503,1.1485595703125,0.16453614301194452,-0.042405160833413946
2022-11-03,136.33607482910156,140.18426855678922,136.20845130657773,139.45781809061094,97918500,142.3174705505371,144.17991798054572,50.49764558105574,152.76278143560063,131.8721596654736,-0.042405160833413946,-0.043330514094389476,0.029565006441922802,-4.4274139404296875,0.04608641028325522,-0.0019471912510474754
2022-11-04,136.0706024169922,140.28900066971147,132.13735779737468,139.71867839937045,140814800,142.24480438232422,143.40760221258824,45.91177196454453,152.8495317307577,131.64007703389075,-0.0019471912510474754,-0.0019490894924912394,0.028408952672220017,-8.501785278320312,0.43808166996022213,0.003902316820489249
2022-11-07,136.60159301757812,136.82775039724396,133.40583154940404,134.82180210827255,83374600,142.18249053955077,142.75941086068252,44.96563889003254,152.90993975092792,131.45504132817362,0.003902316820489249,0.0038947225326721093,0.02841824394671426,-10.11083984375,-0.4079130886810193,0.004175117919127613
2022-11-08,137.1719207763672,139.0697043062685,135.19547054516553,138.06673762400212,89908500,142.2193748474121,142.22726894789056,45.527208896849054,152.8683920538528,131.5703576409714,0.004175117919127613,0.004166426298271154,0.02832923148759333,-12.377609252929688,0.07836799217027735,-0.033189876546478314
2022-11-09,132.61920166015625,136.23779535819637,132.343875672757,136.18862678813056,74917800,142.06003646850587,141.3122149204873,41.75649294486866,153.1972781641371,130.92279477287465,-0.033189876546478314,-0.03375315911379355,0.029312127049010865,-13.995071411132812,-0.16673284505914343,0.08897393402990472
2022-11-10,144.41885375976562,144.41885375976562,137.17185789658723,138.8828241062473,118854000,142.26243896484374,141.60808528613285,49.86623387880273,153.41754071477763,131.10733721490985,0.08897393402990472,0.08523590797097605,0.03482648884610803,2.2711944580078125,0.5864587587996444,0.0192691022177931
2022-11-11,147.20167541503906,147.5064994693465,141.9606252113591,143.3864383750097,93979700,142.83026275634765,142.1408081555525,50.42153026674874,153.76392896655713,131.89659654613817,0.0192691022177931,0.019085803986584333,0.03405838804899923,-5.685577392578125,-0.2092845003113063,-0.009485738014756717
2022-11-14,145.80535888671875,147.77198095425382,144.96953850636208,146.48384590068005,73374100,143.1304588317871,142.48981298709214,46.69189892858606,154.04364814728132,132.2172695162929,-0.009485738014756717,-0.009531014173600366,0.03368503091568536,-4.7258453369140625,-0.21925586057414526,0.011869603893045921
2022-11-15,147.5360107421875,151.02676861885655,146.08071431905194,149.67963703147598,89868300,143.451416015625,142.9704032494822,50.83209841646879,154.49208862553883,132.41074340571117,0.011869603893045921,0.01179971265535387,0.033715570037687374,-0.354461669921875,0.22479594298260563,-0.008331437223598859
2022-11-16,146.30682373046875,147.36880131400713,144.83185736513215,146.6411608430867,64218300,143.70551300048828,143.28815758100473,53.98777691330632,154.7643294258957,132.64669657508085,-0.008331437223598859,-0.00836633762891484,0.0338050384658789,3.933380126953125,-0.2854176611775231,0.012971660233174198
2022-11-17,148.2046661376953,148.95197725260945,143.71092672522755,143.98625266251898,80389400,144.07757186889648,143.75639649116573,44.5937499339365,155.2200091418857,132.93513459590727,0.012971660233174198,0.012888248797394348,0.033859303206510975,11.86859130859375,0.2518145139313872,0.0037817337042138632
2022-11-18,148.76513671875,150.15160903599656,147.46717380781297,149.76811828911318,74829600,144.28720932006837,144.2334193699833,47.87280146355288,155.6249017346622,132.94951690547455,0.0037817337042138632,0.0037746009264972087,0.03338957968718602,12.694534301757812,-0.06916085951630435,-0.02168035356171083
2022-11-21,145.53985595703125,147.86047052115927,145.25470236836378,147.65398361312236,58724100,144.22858047485352,144.3578419020831,47.20803737260822,155.5255218090088,132.93163914069822,-0.02168035356171083,-0.021918825497881236,0.03364583562967,8.938262939453125,-0.21522900028865588,0.014661410553464593
2022-11-22,147.67367553710938,147.9096756373434,144.47791399161687,145.65789948864827,51804100,144.13478775024413,144.6736355816094,56.84555928248505,155.27579243878714,132.99378306170112,0.014661410553464593,0.014554971180065768,0.03352128795601703,10.501754760742188,-0.11783918357199175,0.00592615661470175
2022-11-23,148.54881286621094,149.29612388958984,146.84767388557262,146.95583870512687,58301400,144.23151473999025,145.0427000849048,68.20042769210897,155.49606630243701,132.96696317754348,0.00592615661470175,0.005908666015924516,0.033223962789615535,15.929611206054688,0.12542057481936753,-0.019593551094240103
2022-11-25,145.63821411132812,146.3953678932279,144.66473067745702,145.83487333926465,35195900,144.40604248046876,145.09941570646893,63.21646082485396,155.6427795047804,133.1693054561571,-0.019593551094240103,-0.019788049518560936,0.03276497382807966,1.2193603515625,-0.39631123780904065,-0.026264318910506623
2022-11-28,141.81312561035156,144.19273663104678,140.98714790150922,142.71777000634125,69246000,143.85233612060546,144.7864356973149,56.59856159807667,154.39963015773813,133.30504208347278,-0.026264318910506623,-0.026615386819809926,0.028292439717239305,-5.3885498046875,0.9674450717271046,-0.021148252099637777
2022-11-29,138.81402587890625,142.39327767480953,138.007718580844,141.8819517027843,83763800,143.26647720336913,144.21763476222836,51.95867912694567,153.5501216749827,132.98283273175556,-0.021148252099637777,-0.02137508009395568,0.028449495025705953,-6.9913330078125,0.20965543136065623,0.04859389296799188
2022-11-30,145.55953979492188,146.23802684928043,138.2043770255708,139.04018245155586,111380900,143.14993057250976,144.3454352415325,64.66776667393087,153.26436553295522,133.0354956120643,0.04859389296799188,0.04745011715306074,0.03052023616397774,-1.976470947265625,0.32970209087935354,0.0018917352157736822
2022-12-01,145.83489990234375,146.64122238912947,144.16327365419926,145.7365777725353,71250400,143.32300338745117,144.48728901875262,52.17270374979983,153.4997629638155,133.14624381108683,0.0018917352157736822,0.001889948138140572,0.029255358410462295,-0.471923828125,-0.36029965640428474,-0.00337161556718768
2022-12-02,145.34320068359375,145.53003217962117,143.21924526160134,143.52408428382984,65447400,143.7733596801758,144.56880441540414,46.932811814555954,153.43225990235717,134.1144594579944,-0.00337161556718768,-0.0033773122712891543,0.027409026418766608,-2.8614654541015625,-0.08144515679911968,-0.007983024419823903
2022-12-05,144.18292236328125,148.40132070138284,143.33727415278167,145.30389650239576,68826400,144.17897567749023,144.5320537437734,47.30133897525601,153.1313992191039,135.22655213587655,-0.007983024419823903,-0.008015059363664848,0.027505800771205357,-4.58221435546875,0.051629247303941694,-0.0253701594171426
2022-12-06,140.5249786376953,144.84171332835018,139.55149534602168,144.61555599946504,64727200,144.3751449584961,144.15042754319452,39.04091978280044,152.78389082131463,135.96639909567756,-0.0253701594171426,-0.02569753075410519,0.02823823867135396,-5.0148773193359375,-0.05955854148989337,-0.013784761188106343
2022-12-07,138.58787536621094,140.97731424983792,137.66356048798676,139.8170142991394,69721100,144.4459426879883,143.62066066919607,38.19560697526269,152.61989473769412,136.27199063828246,-0.013784761188106343,-0.013880653261306787,0.02844304940690782,-9.085800170898438,0.07715303612700697,0.012132569299515117
2022-12-08,140.26930236816406,141.1247931057231,138.7451823842777,139.98414879173407,62128300,144.82844772338868,143.3014836881454,37.783787135922786,151.1863753318965,138.47052011488086,0.012132569299515117,0.012059559617409288,0.02737043615282714,-8.279510498046875,-0.10890246998397901,-0.0034346859770846283
2022-12-09,139.7875213623047,143.14061609699272,138.5485396692002,139.9645101732408,76097000,144.5968811035156,142.96682060949388,36.145711426384885,151.34312553056998,137.85063667646125,-0.0034346859770846283,-0.003440598052261534,0.01847453284036569,-5.8506927490234375,0.22483634672122044,0.016390144649423233
2022-12-12,142.0786590576172,142.08848676939797,138.70589340342949,140.318523379747,70462700,144.34073028564453,142.88223379502944,44.50009819824407,151.05952309572268,137.62193747556637,0.016390144649423233,0.01625727608610982,0.018314982766981555,0.265533447265625,-0.07404102658449085,0.006782213419505689
2022-12-13,143.04226684570312,147.4671667934874,141.83279839446703,147.00500937638787,93886200,144.20257568359375,142.89747503795073,42.356345922162284,150.9081817655778,137.4969696016097,0.006782213419505689,0.006759317674326675,0.01830810882656017,4.228240966796875,0.3324241052358199,-0.015535791128579945
2022-12-14,140.8199920654297,144.21241242784126,138.80420126905452,142.92427726159215,82291200,143.86677474975585,142.69961951675825,37.78743821579265,150.54209163484515,137.19145786466655,-0.015535791128579945,-0.015657736189073884,0.01833565522098401,-4.7395477294921875,-0.12350057835975892,-0.04685419382130618
2022-12-15,134.22198486328125,139.43353745953314,133.7598273780729,138.75505030022137,98931900,143.26253280639648,141.89222574023663,33.84358177910761,151.0953286385824,135.42973697421056,-0.04685419382130618,-0.047987389991235536,0.0208659529163427,-11.6129150390625,0.20221724801679897,-0.01457896505513867
2022-12-16,132.26516723632812,135.35276341025192,131.49818579850947,134.40879318099954,160156900,142.46555786132814,140.97536302557867,35.73315445863575,151.35362516012137,133.5774905625349,-0.01457896505513867,-0.014686282494811189,0.020587544006126817,-13.078033447265625,0.6188600441313672,-0.015909544503831863
2022-12-19,130.160888671875,132.94366095306307,129.12842399506934,132.85516655290323,79592600,141.53534545898438,139.9454130871307,36.71496294380521,151.47890782258034,131.59178309538842,-0.015909544503831863,-0.016037459837604566,0.02059255893263859,-14.02203369140625,-0.5030335876880734,-0.0005287082730770498
2022-12-20,130.09207153320312,131.02621414919912,127.72228799900502,129.19725476241064,77432800,140.76295623779296,139.00699960580428,20.129104730068207,151.74269131182024,129.7832211637657,-0.0005287082730770498,-0.0005288480885793069,0.020310772214580355,-10.432907104492188,-0.027135688493653887,0.023809384175917714
2022-12-21,133.18948364257812,134.52678732015247,130.5345467103143,130.76070405901197,85928000,140.03874664306642,138.4529504664494,27.97931453764346,151.009944544172,129.06754874196085,0.023809384175917714,0.023530361023871887,0.02088130207465635,-5.3983917236328125,0.10971061359010648,-0.023772481281876146
2022-12-22,130.0232391357422,132.31435609146064,128.12545567267372,132.10786913644063,77852100,139.11246795654296,137.65012081590586,25.595154466216854,150.18612983825332,128.0388060748326,-0.023772481281876146,-0.024059606295060144,0.021122377520860627,-10.246063232421875,-0.09398449865003256,-0.0027983138061609125
2022-12-23,129.65939331054688,130.21004508793624,127.47644161865645,128.73507853958517,63814900,138.31352691650392,136.8890991487288,26.261527380396572,149.70588411597407,126.92116971703378,-0.0027983138061609125,-0.0028022364057251367,0.02090407980968521,-10.128128051757812,-0.1803059904614005,-0.013878490231905016
2022-12-27,127.85991668701172,129.21689054689435,126.5717817929533,129.18739241986506,69007800,137.61586647033693,136.02917700951764,27.960183654182927,149.78812774026198,125.44360520041187,-0.013878490231905016,-0.013975696913397853,0.020437518401210476,-14.218742370605469,0.0813744125588225,-0.030685031883144753
2022-12-28,123.93653106689453,128.84325132058044,123.76936998157427,127.50594763388183,85438400,136.87199172973632,134.87749644355353,26.152257001835665,150.47075618234445,123.2732272771282,-0.030685031883144753,-0.031165675410649823,0.020939988334623957,-19.105735778808594,0.2380977222864662,0.028324412117275433
2022-12-29,127.44696044921875,128.30243635978945,125.59833816334043,125.85399366425621,75703700,135.96636276245118,134.16982634885497,30.302118953565667,149.54153220991017,122.3911933149922,0.028324412117275433,0.027930693238911713,0.01853990929228847,-13.373031616210938,-0.1139382291803217,0.002468822000573745
2022-12-30,127.76160430908203,127.78127473228464,125.30333405560762,126.26698223669045,77034200,135.06269798278808,133.5595194879242,31.4302402759933,148.2731615912984,121.85223437427777,0.002468822000573745,0.0024657794661601894,0.018554031545689215,-6.460380554199219,0.017575098707196535,-0.037404643469720944
2023-01-03,122.98272705078125,128.7154254385632,122.0977455022682,128.1057773178633,112117500,133.94467430114747,132.55220592248202,22.61691633294926,147.27599933856928,120.61334926372567,-0.037404643469720944,-0.03812214600770603,0.01977907751506947,-9.282440185546875,0.4554249930550327,0.010314280907357976
2023-01-04,124.25120544433594,126.51282423450827,122.99256829233606,124.77235918676689,89113600,132.9480884552002,131.76163444837286,23.28765340460727,146.0345863388804,119.86159057152004,0.010314280907357976,0.01026145166527453,0.020204841979760902,-5.9096832275390625,-0.20517671193167886,-0.010604847618061686
2023-01-05,122.93354034423828,125.63764564758301,122.67788488068354,125.00832719533365,80962700,132.06851654052736,130.92086358131243,23.90239612612362,145.37365604255902,118.76337703849568,-0.010604847618061686,-0.010661479753858635,0.01977169463874157,-7.158531188964844,-0.09146639794599254,0.03679424469897086
2023-01-06,127.456787109375,128.11560378272642,122.80572954739813,123.90704074173942,87754700,131.51196212768554,130.59095153636602,39.49295231252023,144.59829854645332,118.42562570891774,0.03679424469897086,0.03613349557709705,0.021907229495708995,-5.732696533203125,0.08389048290138534,0.004088886302993977
2023-01-09,127.97794342041016,131.18354745345354,127.72228791640812,128.292610198386,70790800,130.89739418029785,130.3420936205607,43.03070787177103,143.39322387627234,118.40156448432337,0.004088886302993977,0.0040805495250925885,0.021669007005332128,-2.0452957153320312,-0.19331044377110285,0.004456274693616535
2023-01-10,128.54824829101562,129.06940194282927,125.98180587179891,128.08609090104719,63896200,130.3354305267334,130.17125120822308,47.240895707706095,142.1396262227749,118.53123483069191,0.004456274693616535,0.004446374901443608,0.021758218338986734,-1.11114501953125,-0.09739401165123152,0.021112255651289047
2023-01-11,131.26219177246094,131.28184718963053,128.28276062052532,129.05956971451124,69458900,129.7946071624756,130.27515030957906,51.835821953160384,140.2471675941652,119.34204673078598,0.021112255651289047,0.020892479907962634,0.02201473103932558,3.4022750854492188,0.08705838531868881,-0.0005991351947288726
2023-01-12,131.1835479736328,132.019353473187,129.2464237509339,131.6457054280313,71379600,129.20167121887206,130.36166437282228,46.5235495595366,137.64171738769102,120.76162505005311,-0.0005991351947288726,-0.0005993147479410017,0.02189092360820258,7.247016906738281,0.02765232389225858,0.010119055581177427
2023-01-13,132.51100158691406,132.6683349676498,129.46274610687883,129.8265664212103,57809700,128.78622169494628,130.56636315511673,54.60499743253556,135.44920070118843,122.12324268870411,0.010119055581177427,0.01006820071928943,0.021936479493005128,5.0640411376953125,-0.19010893868836476,0.008756320788425809
2023-01-17,133.6713104248047,134.99877137842552,131.89151977321038,132.5798345273993,63646600,128.75868797302246,130.86207241889653,57.213598796329734,135.33102285314433,122.18635309290059,0.008756320788425809,0.00871820654365519,0.01944198984118623,5.909706115722656,0.1009674846954749,-0.005370260298668383
2023-01-18,132.95346069335938,136.29671143241532,132.77645694611428,134.5365916913309,69672800,128.79310264587403,131.06125225455966,59.52905456653729,135.4494184657371,122.13678682601096,-0.005370260298668383,-0.005384731980893028,0.019186559506114392,9.970733642578125,0.09468219826353641,0.0004440369929066268
2023-01-19,133.0124969482422,133.9761376268957,131.53753029546903,131.84235433638028,58280400,128.9356830596924,131.24708508252942,69.84942465943595,135.8331567783535,122.03820934103128,0.0004440369929066268,0.0004439384376547978,0.01879789113382429,8.76129150390625,-0.16351287733520115,0.01922071164206196
2023-01-20,135.569091796875,135.71659745917918,131.98001240951498,133.02231973826562,80223600,129.20953407287598,131.65870476960995,68.53673553534813,136.7089645382356,121.71010360751636,0.01922071164206196,0.01903832709912459,0.019213541326047922,12.635551452636719,0.3765107995140733,0.023500515945693357
2023-01-23,138.75503540039062,140.92815961902411,135.59860004292767,135.81492969380113,81760300,129.4878116607666,132.33454578206525,72.18250936990344,137.95912238884537,121.01650093268782,0.023500515945693357,0.02322863021843854,0.019195407250149874,11.298248291015625,0.01915521118473862,0.010062957403405681
2023-01-24,140.1513214111328,140.77081216801105,137.95854199183503,137.9683697007518,66435100,129.99421577453614,133.0790006038812,90.11932811702185,139.718516382392,120.26991516668028,0.010062957403405681,0.010012662973259024,0.018251427517160367,12.173377990722656,-0.18744060381383143,-0.004700729682240223
2023-01-25,139.4925079345703,140.0529874380773,136.49340619294276,138.53869500355867,65799300,130.4858715057373,133.6898108258516,86.66022419223776,141.0931237090403,119.8786193024343,-0.004700729682240223,-0.004711812858329473,0.018293172401211047,10.944259643554688,-0.009570242236408122,0.014803351775764417
2023-01-26,141.55746459960938,141.8426182007582,139.53183124401355,140.78064047196506,54105100,131.17074890136718,134.43911118525708,93.24198648397297,142.7851133349528,119.55638446778156,0.014803351775764417,0.014694851630483993,0.01795370026300229,10.295272827148438,-0.17772529494994627,0.013684218468898113
2023-01-27,143.49456787109375,144.77287517943125,140.69214050710963,140.77080718806803,70555800,132.14865074157714,135.30153563152723,92.31962905519559,144.47031080422107,119.82699067893321,0.013684218468898113,0.013591435038900592,0.015903160003076514,12.311019897460938,0.3040508196085028,-0.020077923790362884
2023-01-30,140.61349487304688,143.12094131391822,140.46600420175812,142.54079133466578,64015300,132.80697746276854,135.80743651167197,79.64934944500797,145.47305748570312,120.14089743983398,-0.020077923790362884,-0.020282224550729703,0.01624238137418618,8.102493286132812,-0.09269967883575836,0.009020811815549923
2023-01-31,141.88194274902344,141.93111130163894,139.9054929686203,140.31848180314623,65874500,133.51299438476562,136.38596091522925,80.29496295628599,146.56326582178087,120.46272294775038,0.009020811815549923,0.008980367338685728,0.016253578923418725,8.21063232421875,0.029043056894211272,0.007900735343541188
2023-02-01,143.00291442871094,144.16322923439725,138.96152054070433,141.56728874190614,77663600,134.5140037536621,137.01614696413225,78.75727490585416,147.23036026541803,121.79764724190618,0.007900735343541188,0.007869687958289327,0.012757876631486326,10.049453735351562,0.17896302818237708,0.0370628432690745
2023-02-02,148.30300903320312,148.6569866770964,145.69722523392414,146.41503824093917,118339000,135.71659393310546,138.09108620880568,83.39088255969753,148.88744978672014,122.54573807949077,0.0370628432690745,0.036392528442152065,0.014354434783727702,15.290512084960938,0.5237382763611267,0.02439967709229962
2023-02-03,151.9215545654297,154.75349514117664,145.36287177724367,145.5595309829737,154357300,137.16599464416504,139.4082736713413,84.75351881802683,150.78616853763137,123.54582075069871,0.02439967709229962,0.02410676012676371,0.013969177239554728,16.352462768554688,0.3043654247543075,-0.017928692808625968
2023-02-06,149.1977996826172,150.5449461888697,148.2636570715711,150.02379246889225,69858300,138.25304527282714,140.340609481939,76.32547906419362,152.0792632385042,124.42682730715005,-0.017928692808625968,-0.018091359016122976,0.01395537559452708,10.442764282226562,-0.5474247087763261,0.01924456221203341
2023-02-07,152.0690460205078,152.63936822302708,148.12597415973434,148.12597415973434,83322600,139.45760040283204,141.45760343799319,80.20520343127681,153.7058914377258,125.20930936793827,0.01924456221203341,0.019061727615462497,0.014142178636133752,11.917724609375,0.19273729821653252,-0.017652624218128854
2023-02-08,149.38462829589844,152.00023955919008,148.64714493246836,151.3119247541495,64120100,140.49941940307616,142.2125581863651,73.8881932706505,154.4326414993629,126.56619730678943,-0.017652624218128854,-0.017810290021302872,0.015311660742791066,9.892120361328125,-0.23045968320719712,-0.006911798698906235
2023-02-09,148.35211181640625,151.75437415824857,147.90962490884843,151.21355015828513,56007100,141.35391540527343,142.79727757970235,69.51953519279824,154.9949900342584,127.71284077628846,-0.006911798698906235,-0.006935795818967618,0.015297137580874625,6.794647216796875,-0.12652818694917822,0.0024564912134898975
2023-02-10,148.71653747558594,149.04152741969745,146.95372962642622,147.19009004770194,57450700,142.2305648803711,143.36101661740557,66.64541912309518,155.36370015298118,129.09742960776103,0.0024564912134898975,0.0024534789709719316,0.015240295768848923,5.2219696044921875,0.0257753034883077,0.018806546534080093
2023-02-13,151.5133819580078,151.9171435900277,148.62787403653363,148.6574172040706,62199000,143.1806838989258,144.13743236412958,68.1368064466158,156.1008652502208,130.26050254763078,0.018806546534080093,0.018631889832869494,0.01547383754917395,10.899887084960938,0.08264999382078897,-0.004224951687286649
2023-02-14,150.8732452392578,151.4345954776921,148.56878800441328,149.80964612462722,61707600,144.04078063964843,144.77893835223705,68.17745789330533,156.58018923185207,131.5013720474448,-0.004224951687286649,-0.0042339020143621585,0.015660185760528737,8.991302490234375,-0.007900448560266282,0.013903434281363092
2023-02-15,152.9709014892578,153.1383177826238,150.55811427879883,150.78461690781828,65573800,145.04165267944336,145.5591253176676,68.21066388406972,157.0386535787645,133.04465178012222,0.013903434281363092,0.01380766816995343,0.015503794693399582,9.967987060546875,0.06265354672682144,-0.010429221610834594
2023-02-16,151.3755340576172,153.95573796607766,151.02100096105386,151.17855953849067,68167900,145.9598045349121,146.1130690071866,62.713081782741384,156.83919649122117,135.08041257860305,-0.010429221610834594,-0.010483987049252314,0.015935971332255508,3.0725250244140625,0.03956000719799668,-0.007546761282417158
2023-02-17,150.23313903808594,150.67630162569367,148.55896091432058,150.03617955770974,59144100,146.69300689697266,146.50545662917702,66.44000260773193,156.55263555291634,136.83337824102898,-0.007546761282417158,-0.007575382172955105,0.01594488743065192,-1.68841552734375,-0.1323760890389758,-0.0266797241713852
2023-02-21,146.22496032714844,149.00213887625634,146.15603126407484,147.9188390818426,58867200,147.06650314331054,146.47874269565048,56.786696335493005,156.19916291669253,137.93384336992855,-0.0266797241713852,-0.027042087722478344,0.01684753040720262,-2.97283935546875,-0.004681785672619898,0.002895961900862165
2023-02-22,146.64842224121094,147.67262055430007,144.9250004924314,146.60902132895072,51011300,147.39135818481446,146.49490265237054,55.82367320035842,155.93130076245336,138.85141560717557,0.002895961900862165,0.0028917766814069556,0.016760006391588284,-5.420623779296875,-0.13345122580995872,0.003290377619813434
2023-02-23,147.13095092773438,148.0566768897737,145.0037677901394,147.810473815914,48394200,147.77328033447264,146.55547867859568,47.78702268523587,155.46714839779733,140.07941227114796,0.003290377619813434,0.00328497617266367,0.01667683083881764,-2.2536773681640625,-0.051304318847000596,-0.01800521323898041
2023-02-24,144.48182678222656,144.95453250364176,143.50685714395402,144.87574571223192,55469600,147.91949844360352,146.3579880217986,35.419191151930846,155.21692169414513,140.6220751930619,-0.01800521323898041,-0.018169279439095274,0.017043643975290047,-3.8702850341796875,0.14620347066383999,0.008247647184251417
2023-02-27,145.6734619140625,146.90447752822308,145.21059884097443,145.46665970602933,44998500,148.02844314575196,146.29279505915707,42.65148589067219,155.1095689040257,140.94731738747822,0.008247647184251417,0.008213821204770863,0.01687591842990403,-3.0430755615234375,-0.18877186783391264,-0.0034479413955756932
2023-02-28,145.1711883544922,146.81582313308783,144.5999954030627,144.81665531660641,50547000,148.2563278198242,146.1859753729985,34.04083609640924,154.58620589436399,141.92644974528443,-0.0034479413955756932,-0.003453899244327094,0.016184004766924127,-6.342193603515625,0.12330411013700449,-0.01424583445405736
2023-03-01,143.1031036376953,144.99394185647634,142.80765687884437,144.600022862706,55479000,148.3173858642578,145.89236854106485,35.04016268576878,154.40738311302897,142.22738861548663,-0.01424583445405736,-0.014348280470262669,0.016465374186503998,-7.7701416015625,0.09757255623479133,0.004129166953229291
2023-03-02,143.69400024414062,144.48185327566276,141.7145174362223,142.1872382713636,52238100,148.3519401550293,145.68300013183398,38.66805448112122,154.32162715732488,142.3822531527337,0.004129166953229291,0.0041206653383882635,0.01639829804101802,-9.276901245117188,-0.05841669821013351,0.035089990262425985
2023-03-03,148.73622131347656,148.81500811176437,145.09241829817535,145.79162671403117,70732300,148.37360076904298,145.97378310151421,50.03900755113618,154.34568350387732,142.40151803420864,0.035089990262425985,0.03448837005110627,0.01617029546034467,-2.639312744140625,0.35403661312337165,0.018539581682709416
2023-03-06,151.4937286376953,153.92621703534178,151.12935277334321,151.45432771735832,87558000,148.35220947265626,146.49949220019812,49.960992108776296,154.2736333400938,142.43078560521872,0.018539581682709416,0.01836981865193344,0.01575787972018087,1.260589599609375,0.2378785929483418,-0.014496651136303051
2023-03-07,149.29757690429688,151.69066400049135,148.83471383986452,151.36567408118486,56182000,148.35719833374023,146.76597645773134,47.054548317296316,154.28178913795807,142.4326075295224,-0.014496651136303051,-0.01460275425845702,0.015570200247350794,3.0726165771484375,-0.3583453253843166,0.008377241816178937
2023-03-08,150.54827880859375,151.13917230662574,149.52408044265695,150.48919246419973,47204800,148.28115997314453,147.12619572924206,45.32321757116842,154.0419360665037,142.52038387978536,0.008377241816178937,0.00834234746943494,0.015049622622422421,3.8998565673828125,-0.15978783240183692,-0.014914661294592513
2023-03-09,148.3029022216797,152.1929083670859,147.9483691410299,151.2277963802791,53833600,148.2270736694336,147.2382630142361,44.213616426515614,153.96449275746676,142.48965458140043,-0.014914661294592513,-0.015027003283325647,0.014896048577769216,1.1719512939453125,0.1404263973155273,-0.01387874428488245
2023-03-10,146.24464416503906,148.64758887079853,145.36816171354923,147.92868001277867,68572400,148.12170028686523,147.14363264764592,42.73931994768999,153.92646630902908,142.3169342647014,-0.01387874428488245,-0.013975954541902699,0.015139306317672574,1.7628173828125,0.27378440230636625,0.013266190115928334
2023-03-13,148.18475341796875,150.8142012619364,145.45681830298673,145.56514829028342,84457100,148.09511108398436,147.24278700672428,53.85811397382405,153.89327268771945,142.29694948024928,0.013266190115928334,0.013178964800728072,0.015444303984368484,2.51129150390625,0.23164859331159482,0.014088956566258526
2023-03-14,150.27252197265625,151.07021762009597,147.82034869008896,148.98242012042218,73695900,148.0330680847168,147.5313331939559,56.69576229281277,153.70234402760923,142.36379214182438,0.014088956566258526,0.013990629690174342,0.015174561995303593,5.1013336181640625,-0.12741616749805518,0.0026216813934645256
2023-03-15,150.66648864746094,150.92253451978002,147.6431066809658,148.89382292012243,77167900,148.02273025512696,147.82991942762305,56.553584651423,153.6709146179079,142.37454589234602,0.0026216813934645256,0.0026182507814730563,0.015158625542729176,7.563385009765625,0.047112525934278615,0.018693794125001384
2023-03-16,153.48301696777344,154.08375312665916,149.33695019463687,149.84905684492745,76161100,148.04833602905273,148.36830966954213,66.58198144308568,153.7947611079432,142.30191095016227,0.018693794125001384,0.01852121263989555,0.015424713360342563,9.789016723632812,-0.013046875708682015,-0.005453905752683008
2023-03-17,152.64593505859375,154.35951419092353,151.93686886777078,153.70953434482817,98944600,148.11185607910156,148.77570256373752,63.01469432209936,154.03839993427542,142.1853122239277,-0.005453905752683008,-0.0054688325944600895,0.01528237459736572,3.9097137451171875,0.29914877805073714,0.015483709996717332
2023-03-20,155.00946044921875,155.4230948668754,151.80882025865256,152.71486085947325,73641400,148.3506721496582,149.3693937909262,67.17085124956924,154.98035138557796,141.72099291373846,0.015483709996717332,0.015365060547469249,0.015507882833775747,3.5157318115234375,-0.255730984813724,0.011944343272269009
2023-03-21,156.86094665527344,156.97911935630492,154.16255477435743,154.93072241220443,73938300,148.88247146606446,150.08287501610212,74.19465118725353,156.43613886831415,141.32880406381477,0.011944343272269009,0.011873572586363587,0.014134466564242519,7.5633697509765625,0.004031699560301583,-0.009103467409024457
2023-03-22,155.43296813964844,159.6775078686916,155.41326768087632,156.880643804934,75701800,149.32169876098632,150.5924076945351,70.05381745232779,157.33595712983416,141.3074403921385,-0.009103467409024457,-0.009145157175625444,0.014418251722904124,4.8846893310546875,0.02385096763111938,0.0069693529299446055
2023-03-23,156.5162353515625,159.0964541870748,155.28521978995877,156.41776312286146,67622100,149.79096298217775,151.15658175710914,65.36962447029205,158.34595419028187,141.23597177407362,0.0069693529299446055,0.006945179241468132,0.014445442062919218,8.213333129882812,-0.1067306193511911,0.008305574641957802
2023-03-24,157.81619262695312,157.90482213956633,155.45264879499626,156.44730394409444,59196500,150.45768127441406,151.79083041138,63.253442512834454,159.3425533642283,141.5728091845998,0.008305574641957802,0.008271273155054486,0.013585571691442375,11.571548461914062,-0.12459831918854936,-0.01229318388860412
2023-03-27,155.87612915039062,158.3283178086609,155.4723523985585,157.51092158923748,52390300,150.96781463623046,152.17990648176195,63.93993243627748,159.86767417159348,142.06795510086744,-0.01229318388860412,-0.0123693700982498,0.014056466984920375,7.691375732421875,-0.11497639218534883,-0.003980422687175911
2023-03-28,155.25567626953125,156.0829301456233,153.6110412861723,155.57082346557496,45992200,151.47203903198243,152.47283693773997,60.24870306586725,160.1284715063357,142.81560655762917,-0.003980422687175911,-0.003988365654143838,0.014070784176865745,4.983154296875,-0.12212375191590807,0.019790785817088263
2023-03-29,158.32830810546875,158.60405440029712,156.92987617396892,156.94956160428092,51305700,152.2332992553711,153.03050085847605,71.06790662238193,160.45796899488616,144.00862951585603,0.019790785817088263,0.019597494313816948,0.01387390731876341,7.6618194580078125,0.11553045951270002,0.009889743879360813
2023-03-30,159.89413452148438,160.0024644815908,158.82069266127598,159.07673846378026,49501700,153.04330596923828,153.68418025495305,79.28994237838,160.91010783906245,145.1765040994141,0.009889743879360813,0.009841160418412634,0.013911149135034597,6.4111175537109375,-0.035161785142781454,0.015644315744651527
2023-03-31,162.39556884765625,162.49405610459849,159.45098920585787,159.97293860815142,68749800,153.72627334594728,154.51383631140098,79.77712240171171,162.35360042292822,145.09894626896633,0.015644315744651527,0.015523204934463563,0.012318691027074594,9.7496337890625,0.38883715104733785,0.007701670507150649
2023-04-03,163.6462860107422,163.76445869825218,161.7259047034759,161.77514833228696,56976200,154.33390121459962,155.38359342562396,79.04193680287297,163.95388405956552,144.71391836963372,0.007701670507150649,0.0076721640453787905,0.011898634386539837,8.636825561523438,-0.17125286182650712,-0.0032496876609307
2023-04-04,163.11448669433594,164.30610131295074,162.60238002597387,164.06975594835677,46278300,155.02474670410157,156.1198689750251,76.87072544423759,165.09579014770438,144.95370326049877,-0.0032496876609307,-0.003254979363240633,0.011228701219997127,6.2535400390625,-0.18776085453224334,-0.011290220433904152
2023-04-05,161.27288818359375,162.54330471265868,159.34266411557562,162.2380152446489,51511700,155.56097717285155,156.6106327091745,67.55438583702232,165.7695674257489,145.3523869199542,-0.011290220433904152,-0.011354438789751037,0.011721231940943594,5.8399200439453125,0.11308539855612665,0.0054958852058533125
2023-04-06,162.1592254638672,162.45467221127325,159.53962067833683,159.96308282888376,45390100,156.25379333496093,157.13907011438332,71.39060569027309,166.26725889882022,146.24032777110165,0.0054958852058533125,0.0054808379356257085,0.010891646339958753,5.6429901123046875,-0.11883902103793897,-0.015972309719893163
2023-04-10,159.5691680908203,159.5691680908203,157.6487867222166,158.96843186504725,47716900,156.92001953125,157.37050801690114,60.1490991220473,165.84321916528427,147.99681989721574,-0.015972309719893163,-0.016101241797257016,0.01108622814479573,1.7529754638671875,0.051262279660102106,-0.007591279963471309
2023-04-11,158.3578338623047,159.8941387722609,158.0722298566841,159.88429605818737,47644200,157.4286735534668,157.4645390497967,53.42953751235822,165.35994999299925,149.49739711393437,-0.007591279963471309,-0.007620240386762136,0.011191555592400844,2.4817047119140625,-0.001523569217614762,-0.004353188948423181
2023-04-12,157.66847229003906,159.59869619161648,157.35332510698044,158.77145737665472,50133100,157.79847106933593,157.48396126315313,55.301212317703666,164.97902136701336,150.6179207716585,-0.004353188948423181,-0.004362691663537469,0.01102164869716728,2.4127960205078125,0.05223930719793812,0.034103777223198684
2023-04-13,163.04556274414062,163.28192316496492,158.9684394039646,159.17525665056672,68445600,158.41742477416992,158.01363759467574,62.86381323892988,165.12823555342874,151.7066139949111,0.034103777223198684,0.03353513586936696,0.013098085399837183,4.717254638671875,0.3652776309464205,-0.002114295885751627
2023-04-14,162.70083618164062,163.79397836508667,161.33194777417597,162.0902423767061,49386500,158.8783157348633,158.46003746010095,59.999912533565244,165.4263887270806,152.330242742646,-0.002114295885751627,-0.0021165341647771344,0.01269271480051972,2.80670166015625,-0.2784561754152203,0.00012126313988813919
2023-04-17,162.72056579589844,162.87813940299813,161.53879379674336,162.58269264644778,41516200,159.3820472717285,158.86580206351022,65.20776558674174,165.44335496443875,153.32073957901827,0.00012126313988813919,0.00012125578810791872,0.012557866559798278,0.3249969482421875,-0.1593613639354885,0.007504837512559703
2023-04-18,163.94175720214844,164.86748346446845,163.13420364495934,163.57738134329617,49923000,159.828662109375,159.34922636242814,68.79791933733694,165.84958238974448,153.8077418290055,0.007504837512559703,0.007476816328473778,0.012273115529146027,0.29547119140625,0.2024944479504387,0.006968018780935115
2023-04-19,165.0841064453125,165.60605581206516,163.0258371209191,163.28189796071484,47720200,160.23982009887695,159.89540541794094,65.95338815102008,166.52473733506412,153.95490286268978,0.006968018780935115,0.0069438543253826255,0.012129197585164118,1.9696197509765625,-0.04412395088436194,-0.005846130013332118
2023-04-20,164.11900329589844,165.3204757933169,163.04556123695718,163.56751067945328,52456400,160.67412185668945,160.29765283488928,60.26807865836066,166.75767610423637,154.59056760914254,-0.005846130013332118,-0.005863285526313794,0.011984394383985072,2.8461151123046875,0.09924937447873217,-0.009781043600776251
2023-04-21,162.5137481689453,163.9220227028112,161.991798793606,162.5432913390932,58337300,160.9739974975586,160.5087095333708,50.30030344412572,166.7795021471497,155.16849284796749,-0.009781043600776251,-0.009829192227531692,0.012259113412181328,0.354522705078125,0.11211024774860645,0.001878503180272828
2023-04-24,162.81903076171875,163.08493430890758,161.40089854610392,162.49404087672,41949600,161.22413940429686,160.7287401265468,47.79177382289712,166.8860982767408,155.56218053185293,0.001878503180272828,0.0018767409996698077,0.012167715195393069,3.2498626708984375,-0.2809128979229413,-0.009435633242578567
2023-04-25,161.28273010253906,163.78414697340926,161.24332919160244,162.68116189989732,48714100,161.4944694519043,160.7815010766413,45.359285603834856,166.56689437390153,156.42204452990708,-0.009435633242578567,-0.009480430848474464,0.012011375642823098,2.924896240234375,0.16125302744245484,-6.1022770007967964e-05
2023-04-26,161.27288818359375,162.7698073781101,160.32747660698578,160.58352244501583,45498800,161.79533004760742,160.828299848732,50.0,165.9383346838149,157.65232541139994,-6.1022770007967964e-05,-6.102463197294625e-05,0.011944330953476722,3.6044158935546875,-0.06600347743261192,0.028395201898349764
2023-04-27,165.85226440429688,165.9999802574992,162.6811671878293,162.6811671878293,64902300,162.17152786254883,161.30677266354772,58.54988868721567,166.3551876688896,157.98786805620804,0.028395201898349764,0.02799953080006481,0.012747919239778558,2.80670166015625,0.4264617967946407,0.007541152166828935
2023-04-28,167.1029815673828,167.27041291997128,165.33033104891717,165.93106728858945,55275900,162.53197021484374,161.85879255915106,68.59497471388349,167.11279146869168,157.9511489609958,0.007541152166828935,0.007512859827688346,0.012685965755737232,4.4021453857421875,-0.1483214000120181,-0.0005303498839083209
2023-05-01,167.0143585205078,167.86129792357815,166.07878959348815,166.70906903109534,52472900,162.76290969848634,162.34979884118505,72.61967037418623,167.7614394748839,157.76437992208878,-0.0005303498839083209,-0.0005304905691518024,0.012299015156163171,4.293792724609375,-0.05070926027436917,-0.0061915208077728545
2023-05-02,165.98028564453125,167.76280882251325,164.9954731830596,167.50674796522142,48425700,162.87960968017578,162.6955594891228,71.33459552145158,168.07026831804865,157.6889510423029,-0.0061915208077728545,-0.006210767759122393,0.012321103301997555,2.0385284423828125,-0.07712933723884141,-0.006467277409419103
2023-05-03,164.90684509277344,168.32414556576836,164.6212560883793,166.925713661642,65136000,162.96922760009767,162.9061581180419,56.13231782419626,168.23826006847315,157.70019513172218,-0.006467277409419103,-0.006488280853671655,0.012397254704239856,-0.1772613525390625,0.34507090243403815,-0.009913359769082808
2023-05-04,163.27206420898438,164.50307988258416,161.81454585901537,162.38573893481126,81235400,163.06918640136718,162.94100631717927,51.73456149455112,168.2782301025196,157.86014270021477,-0.009913359769082808,-0.009962824297984476,0.01233129015147193,-0.8469390869140625,0.2471659297469908,0.0469267017301922
2023-05-05,170.9338836669922,171.65279246173276,168.16654839153733,168.38320830672657,113453200,163.50791931152344,163.70223273144717,67.03431496653063,169.7666033866898,157.24923523635707,0.0469267017301922,0.04585892153915771,0.016089005915631716,8.420135498046875,0.39659803484687717,-0.00040321993929293143
2023-05-08,170.86495971679688,171.20965008439242,169.49607101524845,169.86044681233003,55962800,164.07270889282228,164.38439720624237,65.07936191412469,170.85186249779133,157.29355528785322,-0.00040321993929293143,-0.0004033012543119458,0.015500901123681028,8.045928955078125,-0.5067322913765324,-0.009971149705576221
2023-05-09,169.16123962402344,170.9043468501181,168.993823309898,170.42179836441701,45326900,164.6128791809082,164.83933457936436,58.66838564338673,171.19344157383506,158.03231678798136,-0.009971149705576221,-0.010021194566573697,0.015599648665753193,7.878509521484375,-0.19005303523054595,0.010420839478011867
2023-05-10,170.92404174804688,171.38690478906514,169.28924951921832,170.39224965147537,53724500,165.2756576538086,165.41883050019126,63.99352371031155,171.5754243409556,158.97589096666158,0.010420839478011867,0.010366916819690552,0.01556201495161482,9.651153564453125,0.18526746810392947,0.0010948359701108412
2023-05-11,171.11117553710938,171.9384144483228,169.5551699505623,171.20966280003566,49514700,165.67893829345704,165.96095859894538,68.77426999260946,172.39640612243147,158.9614704644826,0.0010948359701108412,0.0010942370742987098,0.013878144913749838,5.2589111328125,-0.07835903544937595,-0.005417631016818136
2023-05-12,170.1841583251953,171.653548851867,168.6358569767775,171.21962961924467,45533100,166.05310440063477,166.3631680966835,65.65811097421485,172.90443829287358,159.20177050839595,-0.005417631016818136,-0.005432359599840144,0.013955477727005812,3.0811767578125,-0.08041248356548658,-0.0028974672625022846
2023-05-15,169.69105529785156,170.81529363826058,169.09934457223466,170.76598190315437,37266700,166.40162887573243,166.68010973488995,68.70564161890525,173.24834416152925,159.5549135899356,-0.0028974672625022846,-0.00290167304681714,0.013997019256272324,2.67669677734375,-0.18154705038752028,0.0
2023-05-16,169.69105529785156,170.74625419954612,169.42478396654107,169.61215953124739,42110300,166.68909378051757,166.966866455172,68.73574085733827,173.5835585256515,159.79462903538362,0.0,0.0,0.01394756648636897,3.7107696533203125,0.12997126120638525,0.003603224315213316
2023-05-17,170.302490234375,170.53916250241704,168.06386972955488,169.3360433616003,57951600,166.95001296997071,167.2845449103342,62.02920500421527,173.98232759524592,159.9176983446955,0.003603224315213316,0.0035967482542850816,0.01390236412587897,5.3956451416015625,0.3761858737648509,0.013666048319927127
2023-05-18,172.62985229492188,172.81722786089622,170.19400003291315,170.60819152451643,65496700,167.37555541992188,167.79362180410445,64.11771905111952,174.71008965541856,160.0410211844252,0.013666048319927127,0.01357351001699478,0.014032863735568635,9.3577880859375,0.13019657783391647,0.0006283660097210486
2023-05-19,172.7383270263672,173.951317433895,172.52136743505932,173.951317433895,55809500,167.88678436279298,168.2645461109866,64.6063679506089,175.21981221537612,160.55375651020984,0.0006283660097210486,0.0006281686704631563,0.013738550836293597,1.804443359375,-0.14790363483961788,-0.005480638401975768
2023-05-22,171.79161071777344,172.2945693897219,171.05197977463047,171.57465110395842,43570900,168.3354133605957,168.60045702591867,64.89569326490367,175.45785152696115,161.21297519423027,-0.005480638401975768,-0.005495712201881564,0.013872108962760732,0.9266510009765625,-0.2192924143738969,-0.015154813659148392
2023-05-23,169.18814086914062,170.9829861706954,168.91201313779877,170.7364424785807,50747300,168.73068389892578,168.65642691574934,60.175749728904414,175.03565892547996,162.4257088723716,-0.015154813659148392,-0.015270821390301718,0.014192325571254738,0.0269012451171875,0.16470626037102742,0.0016318669138306596
2023-05-24,169.4642333984375,170.03621645106807,168.16249079935005,168.7246024757336,45143500,169.14025115966797,168.73336086648155,65.73368010161117,174.37957301255503,163.9009293067809,0.0016318669138306596,0.001630536865796085,0.014181358081857172,-1.459808349609375,-0.11042557929190322,0.006692413691760324
2023-05-25,170.59835815429688,171.49576564962197,169.31632809947834,170.02637505144457,56058300,169.37755584716797,168.9109796557973,48.724274009860494,174.415909647479,164.33920204685694,0.006692413691760324,0.006670118906588795,0.012871399328039499,-0.5128173828125,0.24178010123273563,0.014104766458676421
2023-05-26,173.00460815429688,173.33991896491864,170.71669083708804,170.92379413047703,54835000,169.67263717651366,169.3008490366068,56.907572595916065,174.8397223427535,164.50555201027382,0.014104766458676421,0.014006219810820841,0.013115201620831015,2.8204498291015625,-0.021821924674847448,0.010659435545681273
2023-05-30,174.84873962402344,176.5153769153671,174.12883646161984,174.51344390978926,55964400,170.06435623168946,169.8292195687417,68.19637494092973,175.56030436726542,164.5684080961135,0.010659435545681273,0.010603024283333994,0.013247796198026148,5.157684326171875,0.020596334457919196,-0.0002819645572907925
2023-05-31,174.7994384765625,176.87041104464083,174.3162075312564,174.87833424607143,99625300,170.50531387329102,170.3025737504389,63.925637235335145,176.0366288694799,164.97399887710213,-0.0002819645572907925,-0.000282004316770595,0.01311184167288368,5.1083831787109375,0.7801548841763692,0.016022565621732987
2023-06-01,177.6001739501953,177.62975798334406,174.4838587106697,175.24321733975688,68901800,171.1399803161621,170.99758329327287,69.63006592546296,176.87567691477463,165.4042837175496,0.016022565621732987,0.015895559167257236,0.013250435566438047,7.2976837158203125,-0.30839053935094796,0.0047753261498530986
2023-06-02,178.44827270507812,179.26679934554073,176.78163539298924,178.52716847079088,61996900,171.8987907409668,171.70717276106384,75.1199651954832,177.25470615331912,166.54287532861449,0.0047753261498530986,0.004763960448858121,0.012851613820949672,5.81842041015625,-0.100213637379575,-0.0075710662854369115
2023-06-05,177.09722900390625,182.39298156722955,175.57851175717974,180.10506441660397,121946500,172.2069580078125,172.22051145085837,71.3961773758273,178.01894318311832,166.39497283250665,-0.0075710662854369115,-0.007599872294694862,0.008393848096483348,4.3589019775390625,0.966977381127121,-0.0020602703165640834
2023-06-06,176.73236083984375,177.62976831057978,174.97695616659206,177.4818481362361,64848400,172.50032806396484,172.6502113926665,69.92209187166874,178.61171617491263,166.38893995301706,-0.0020602703165640834,-0.002062395593050509,0.008424923619924318,4.9407501220703125,-0.46822254021230625,-0.0077560373852174624
2023-06-07,175.3616180419922,178.7047501623627,174.86853061982643,175.97304163017088,61944600,172.8103469848633,172.90844059736418,63.72420050649008,178.8370121385531,166.78368183117348,-0.0077560373852174624,-0.007786271877878792,0.008276345684925041,6.1734771728515625,-0.04477828288747299,0.015464782724801562
2023-06-08,178.07354736328125,178.3398036598064,175.00654388250445,175.44044804834044,50214900,173.167822265625,173.40035552745152,64.4656174074951,179.56042737506112,166.7752171561889,0.015464782724801562,0.015346421697706048,0.008621431430827725,8.60931396484375,-0.1893579101326024,0.0021598549745558415
2023-06-09,178.45816040039062,179.71059129506313,178.13272098000036,178.99068805786467,48900000,173.53517150878906,173.8820512296362,64.9795679580186,180.26561488027693,166.8047281373012,0.0021598549745558415,0.0021575258409245886,0.008618274509627977,7.85980224609375,-0.026185454914776307,0.01563866719268381
2023-06-12,181.24900817871094,181.34763164971682,178.46800386072707,178.76385922591572,54274900,174.08841400146486,174.58366617716712,72.58617950291456,181.4486494752351,166.7281785276946,0.01563866719268381,0.01551764337360259,0.008927102326546484,8.244400024414062,0.10991615541922295,-0.002611561300468468
2023-06-13,180.77566528320312,181.60404834381112,179.91769818813273,180.2727216495119,54929100,174.64264450073242,175.17338037774198,80.80785214827364,182.2730711536294,167.01221784783544,-0.002611561300468468,-0.0026149773755039284,0.008917060654103926,5.9269256591796875,0.012053453806455616,0.0034914243009005475
2023-06-14,181.40682983398438,181.84074910193183,179.50351991974284,180.8348467124019,57462900,175.22843322753906,175.76704223071746,81.16349777184594,183.05462677349757,167.40223968158054,0.0034914243009005475,0.003485343428901801,0.008885100312259317,6.607391357421875,0.04612855480974565,0.011198637897333885
2023-06-15,183.43833923339844,183.94129793003785,181.23917400121888,181.4166932611595,65433200,175.88522567749024,176.49764194525852,82.00620892633955,184.16257990194472,167.60787145303576,0.011198637897333885,0.011136397393462744,0.009055777136435367,5.838165283203125,0.1387034068938393,-0.005859930468069874
2023-06-16,182.3634033203125,184.40479194393566,181.72239585614398,184.14837692000424,101256200,176.37190322875978,177.05628588573984,74.98708557740099,184.98128055791642,167.76252589960313,-0.005859930468069874,-0.005877167231089616,0.008983961533027785,3.915130615234375,0.5474743708087026,0.0004867225241496076
2023-06-20,182.45216369628906,183.52710548415504,181.86046794433722,181.86046794433722,49799100,176.85759506225585,177.57017901055406,72.40004675123846,185.69680562086097,168.01838450365074,0.0004867225241496076,0.0004866041131624887,0.008985806415979276,5.3549346923828125,-0.5081871529842124,-0.005675332446558268
2023-06-21,181.41668701171875,182.84663717983523,180.0656175699355,182.34367850052172,49515700,177.33884887695314,177.93651310590306,68.4241651797094,186.06406126180713,168.61363649209915,-0.005675332446558268,-0.005691498339306816,0.008995324097360547,4.684326171875,-0.005690865899182884,0.016525329783257714
2023-06-22,184.41465759277344,184.46396933431626,181.13069423738702,181.19973368511316,51245300,178.10017471313478,178.55347924750978,68.76719789280114,186.4812939750466,169.71905545122294,0.016525329783257714,0.01639027240173034,0.00844571162129937,9.05303955078125,0.034930335227008724,-0.0017112646007102494
2023-06-23,184.0990753173828,184.96691381940127,182.45216546765664,182.98470820219737,53117000,178.83191680908203,179.08163125416436,66.03265834117654,186.56909168531192,171.09474193285214,-0.0017112646007102494,-0.0017127304865614855,0.008534988723209175,6.0255279541015625,0.03652432515762416,-0.007553014197873131
2023-06-26,182.7085723876953,185.4501365723536,182.6691169769034,184.24700235631448,48088700,179.43742752075195,179.42705421926254,65.8851347673849,186.30853426489884,172.56632077660507,-0.007553014197873131,-0.007581682656353466,0.008901245258610524,4.2504119873046875,-0.0946646083174878,0.015058891402021546
2023-06-27,185.4599609375,185.78540030520836,183.10300465121298,183.3199642296852,50730800,180.0601951599121,180.0016167638566,71.76592719778128,186.73127122842794,173.38911909139625,0.015058891402021546,0.014946631896328078,0.008963567526620522,4.2109527587890625,0.054942221353457166,0.006328128702392188
2023-06-28,186.63357543945312,187.27458302156515,185.00639308619472,185.33181751858015,51216800,180.6494369506836,180.63323187581815,78.39049590429494,187.46268113224838,173.8361927691188,0.006328128702392188,0.006308190167489664,0.008833375308565395,5.85791015625,0.009579979026548058,0.0017963051594698243
2023-06-29,186.9688262939453,187.4422009047134,186.32781886596203,186.4658826988121,46347300,181.25790634155274,181.2366218204017,75.4514996433059,188.04495138263135,174.47086130047413,0.0017963051594698243,0.0017946937328109456,0.008801142301346696,5.5619964599609375,-0.09507622498867563,0.023102557220002096
2023-06-30,191.2882843017578,191.79122791985353,188.6157445714927,188.98063939826477,85213200,181.94231185913085,182.19392300910226,79.96319612176639,189.84521158516338,174.03941213309832,0.023102557220002096,0.022839733381602147,0.009453466080282257,7.849945068359375,0.838579593633286,-0.007784612790296741
2023-07-03,189.79917907714844,191.19954526937022,189.10884478636748,191.10092178559267,31458200,182.50985717773438,182.91823311082095,71.26055355812179,190.96711894035215,174.0525954151166,-0.007784612790296741,-0.007815071061982795,0.009793626684819699,7.4357757568359375,-0.6308294958996963,-0.005871443422569178
2023-07-05,188.68478393554688,190.311965971159,187.98459336367247,188.92147125163748,46920300,183.0892349243164,183.46742842746153,69.05893011838384,191.57283729630268,174.60563255233012,-0.005871443422569178,-0.0058887481154311465,0.009702806115699902,6.2326202392578125,0.4915125468081454,0.0025088054437270024
2023-07-06,189.1581573486328,189.36526064633148,186.5842409083175,187.21539208287066,45094300,183.71052474975585,184.00940261043021,68.82182896582592,192.05276500233728,175.36828449717441,0.0025088054437270024,0.0025056636450270864,0.009625459389522726,7.7414703369140625,-0.038917057222566775,-0.005891340649653576
2023-07-07,188.04376220703125,190.0062550438309,187.60985803081866,188.7636804868427,46815000,184.34463195800782,184.39362733391602,61.70421345634957,191.90627315644522,176.78299075957042,-0.005891340649653576,-0.005908763058241457,0.009519683711918948,3.6291046142578125,0.038157815954566354,-0.010855805867683865
2023-07-10,186.0023956298828,187.36332142042107,184.4540942539423,186.6434031135775,59922200,184.7410743713379,184.54684336210332,58.815114899405266,191.72791659642724,177.75423214624857,-0.010855805867683865,-0.010915160077588516,0.009603364341342293,1.9033203125,0.2799786393250028,-0.00281004208992508
2023-07-11,185.47972106933594,186.68285528837708,184.02018687082855,186.5447914459214,46638100,185.09215240478517,184.63568885803025,57.18296887648047,191.42471330005847,178.75959150951186,-0.00281004208992508,-0.0028139976701678305,0.009669187372585712,2.771148681640625,-0.22168912356355408,0.008985488909267314
2023-07-12,187.14634704589844,189.04965668897157,185.864317131752,187.0575799007695,60750200,185.38701934814452,184.87479916163676,63.19851248326017,191.51190101633054,179.2621376799585,0.008985488909267314,0.008945359612224686,0.009281038447271277,1.6863861083984375,0.30258736955407706,0.004057457657562713
2023-07-13,187.9056854248047,188.5467078881079,187.15619821079162,187.86624506525828,41342300,185.7435203552246,185.16345499622417,58.96649459081952,191.56054738603444,179.92649332441476,0.004057457657562713,0.004049248374627782,0.009239849945353559,1.2721099853515625,-0.31947055318336404,0.0007874401309602153
2023-07-14,188.05364990234375,188.53686585918993,187.00830716161786,187.6000029338883,41616200,186.07586135864258,185.43871165394987,60.245301859806496,191.60188342677324,180.54983929051193,0.0007874401309602153,0.0007871302626381235,0.009236296202059246,1.0848236083984375,0.00662517566753662,0.017305589517411235
2023-07-17,191.3080291748047,191.6334686208352,189.1581605746784,189.2469126832782,50520200,186.4693458557129,185.99769427498367,70.31688008305935,192.31603318804235,180.62265852338345,0.017305589517411235,0.017157553265668972,0.009653457965930534,0.019744873046875,0.21395514246855796,-0.0013402923678229595
2023-07-18,191.05162048339844,191.6433313227349,189.75973403360663,190.67688432979497,48288200,186.90375671386718,186.479020580547,64.97630877952412,192.7569977666691,181.05051566106528,-0.0013402923678229595,-0.001341191363005953,0.009507972363186396,1.25244140625,-0.04418034766291501,0.007071695893196228
2023-07-19,192.40267944335938,195.48939585264796,189.9865395225249,190.4303301514657,80507300,187.4012825012207,187.0431785674815,65.30607783476023,193.35209631579332,181.45046868664807,0.007071695893196228,0.007046808712624654,0.009553141414500466,3.7178955078125,0.6672251191802552,-0.010097386833942124
2023-07-20,190.4599151611328,193.7537348839622,189.8386203157028,192.39280905028917,59581200,187.85344390869142,187.36858205259117,58.53428904797572,193.23682439275257,182.47006342463027,-0.010097386833942124,-0.01014871123153575,0.00980507969625733,1.3017578125,-0.25992798168613285,-0.006161521957131599
2023-07-21,189.28639221191406,192.2745006314432,188.5862014877049,191.41653337667736,71951700,188.09703063964844,187.55123063919334,44.21664950416837,193.2616905189069,182.93237076038997,-0.006161521957131599,-0.006180582468385187,0.009398629376946476,1.2426300048828125,0.20762421703490364,0.004219886493211256
2023-07-24,190.0851593017578,192.21530010696893,189.59207198839397,190.73603816687742,45377800,188.39633483886718,187.7925571784852,50.86050317075812,193.2711353296808,183.52153434805356,0.004219886493211256,0.004211007741655253,0.009390646342460254,4.082763671875,-0.3693297031202877,0.004513534542984532
2023-07-25,190.943115234375,191.75178560391285,190.2527960456413,190.65713123041024,37283200,188.80806198120118,188.09261032666518,56.90173921477923,193.00386296632564,184.6122609960767,0.004513534542984532,0.004503379092467524,0.009153364711022712,5.4633941650390625,-0.1783823808117626,0.004545037546205499
2023-07-26,191.8109588623047,192.9351972994816,190.64728006234532,190.99243214213982,47471900,189.1256118774414,188.44673875863086,57.9164162249786,193.21445146072887,185.03677229415393,0.004545037546205499,0.0045347400529305035,0.008667815432327329,4.66461181640625,0.2732785812376619,-0.00658103087675832
2023-07-27,190.54864501953125,194.47361545879667,189.88790988625553,193.30993672945922,47460200,189.3213653564453,188.64692030728804,57.40958732715025,193.28067902980388,185.36205168308675,-0.00658103087675832,-0.006602781339957136,0.00878647778636865,2.6429595947265625,-0.0002464615909621992,0.013508148275324094
2023-07-28,193.1226043701172,193.91154718487954,191.45596662398776,191.97863804110338,48291400,189.6290542602539,189.0731759323194,70.41862044461247,193.77083906233702,185.48726945817077,0.013508148275324094,0.013417726616448772,0.009216820437714001,5.0689544677734375,0.01751362194006778,0.0031658083845251817
2023-07-31,193.73399353027344,193.77344894031904,192.56044337061044,193.34938604539337,38824100,189.7513397216797,189.51706332260073,73.55094421109091,194.23010174037563,185.27257770298377,0.0031658083845251817,0.0031608077643852234,0.007734681139605836,2.42596435546875,-0.19604525857606114,-0.004275806870700505
2023-08-01,192.90562438964844,194.01013518521242,192.5801849485631,193.52691923606866,35175100,189.9066619873047,189.83978342422432,67.25777660726305,194.60260518238414,185.21071879222524,-0.004275806870700505,-0.004284974274262279,0.007571029307219223,1.85400390625,-0.09398801260042089,-0.015490027378800786
2023-08-02,189.91751098632812,192.48155598125388,189.19760772385698,192.3434921357412,50389300,189.96829833984376,189.84718604918658,55.31812252490923,194.62894190874317,185.30765477094434,-0.015490027378800786,-0.015611251323789658,0.00829100494771732,-2.48516845703125,0.43252755500339735,-0.007321615171060225
2023-08-03,188.52700805664062,189.71041463976601,188.0536484329567,188.92148694956984,61235200,189.93674087524414,189.72145481180127,51.17415777967528,194.62892170690807,185.2445600435802,-0.007321615171060225,-0.007348549745672455,0.008446733117349295,-1.9329071044921875,0.21524212481618132,-0.048020097600172784
2023-08-04,179.4739227294922,184.78940327661547,179.40488328381886,182.95511789971007,115956800,189.50824890136718,188.7454993753909,27.203572369163624,196.1063946125762,182.91010319015817,-0.048020097600172784,-0.049211355338161684,0.013624383287260278,-9.812469482421875,0.8936298076923077,-0.017253693949916493
2023-08-07,176.37733459472656,180.59816071157974,174.89807268327345,179.6119861039443,97576100,189.02699584960936,187.56757892008952,24.520477535383293,197.76037483993068,180.29361685928805,-0.017253693949916493,-0.017404273476258825,0.013909460920979682,-13.70782470703125,-0.15851334290011454,0.0053115887833488085
2023-08-08,177.31417846679688,177.77768168655697,175.1248698685598,177.20569866966517,67823000,188.61871871948242,186.5910645912045,23.41890836990953,198.70847062475679,178.52896681420805,0.0053115887833488085,0.005297532049403864,0.014019879385301557,-13.628936767578125,-0.3049220044662576,-0.008954377201181862
2023-08-09,175.7264404296875,178.42854898853972,174.56274666920834,178.36938092489027,60378500,188.04772338867187,185.55633848058383,23.715562640429397,199.66519609121093,176.4302506861328,-0.008954377201181862,-0.008994708578810072,0.013842472062041821,-16.084518432617188,-0.10976364949943229,-0.0012344126745075235
2023-08-10,175.509521484375,178.2510860859084,175.14464164213348,176.99863993985085,54686900,187.42791519165038,184.59949876665917,24.55361496207904,200.32907817603183,174.52675220726894,-0.0012344126745075235,-0.001235175189402976,0.013749720988282005,-15.03912353515625,-0.09426534279586274,0.0003374139468372839
2023-08-11,175.56874084472656,176.3883728930982,174.34424265962002,175.10462674008653,52036700,186.80366973876954,183.73942658361796,22.434571266641868,200.74372829572727,172.86361118181182,0.0003374139468372839,0.00033735703555293786,0.013743020497091162,-17.553863525390625,-0.04846133169003908,0.00939312656889979
2023-08-14,177.21788024902344,177.44500246999712,175.09473274674426,175.74649049543365,43675600,186.09916229248046,183.11832693270418,24.697252103974805,200.4973810864797,171.70094349848122,0.00939312656889979,0.00934928547831229,0.013221477256135119,-16.51611328125,-0.16067698374416517,-0.011200302114205307
2023-08-15,175.2329864501953,177.23762299403361,174.8379899652799,176.6451282666605,43622600,185.3082305908203,182.36734212484618,20.647104085209946,200.2871759704506,170.32928521119,-0.011200302114205307,-0.011263497814968272,0.013311080368902299,-17.672637939453125,-0.0012134922015953897,-0.004959130774989218
2023-08-16,174.36398315429688,176.30935657463468,174.29485048513217,174.9169842350172,46964900,184.4062957763672,181.60511746098433,20.938736369116114,199.7543794318074,169.05821212092698,-0.004959130774989218,-0.0049714680690816975,0.013042783866587363,-15.55352783203125,0.07661854176504845,-0.014555026035436014
2023-08-17,171.82611083984375,175.29225282363015,171.31260330101006,174.92688028330798,66062900,183.47460556030273,180.67378349706618,11.710282655751456,199.5217811026032,167.42743001800227,-0.014555026035436014,-0.014661989600625976,0.013174991003850577,-16.700897216796875,0.40664411081467233,0.0028160531457990245
2023-08-18,172.3099822998047,172.91236175457905,169.81159252872837,170.14734105941557,61172200,182.62578506469725,179.87723100208888,11.303576606044174,199.1669189753964,166.0846511539981,0.0028160531457990245,0.0028120954963654823,0.013287604155366667,-7.1639404296875,-0.07403096140193666,0.007736811675210786
2023-08-21,173.6431121826172,173.92949746098708,171.56935789788312,172.88274314562352,46311900,181.80368270874024,179.28350540023442,15.83076105232729,198.41802261466123,165.18934280281925,0.007736811675210786,0.007707036028199767,0.013432968924036124,-2.734222412109375,-0.24292570808308345,0.00790500774393399
2023-08-22,175.01576232910156,175.46013721394584,174.04801023595033,174.8478880423005,42038900,181.00731506347657,178.87705367917417,21.95910501226895,197.3009042941251,164.71372583282803,0.00790500774393399,0.007873926859192809,0.013572439409046183,-2.2984161376953125,-0.0922657027675392,0.02194870666381976
2023-08-23,178.8571319580078,179.28176749229362,176.1019960768648,176.28962468028294,52722800,180.35962371826173,178.87515637239642,33.34062387783011,195.8552901689217,164.86395726760176,0.02194870666381976,0.021711301347649283,0.01467921279690714,3.1306915283203125,0.25414318642971145,-0.026170445778602724
2023-08-24,174.17636108398438,178.83739189345877,173.81097351698816,178.41275636104422,54945800,179.54100952148437,178.42765205921432,39.254442843940105,194.4904926790805,164.59152636388825,-0.026170445778602724,-0.026518986319046613,0.015532370905622022,-1.333160400390625,0.04216392149127124,0.01264321073074992
2023-08-25,176.37850952148438,176.91175631972774,173.62337343895007,175.16388093182096,51449600,178.70380477905275,178.23249562704956,50.002472950101,192.2613773278772,165.1462322302283,0.01264321073074992,0.012563952693518975,0.015481105136804101,0.8097686767578125,-0.06362997717750951,0.008846158304829155
2023-08-28,177.93878173828125,178.33377827348758,176.31927183489213,177.8400250704037,43820700,177.91404418945314,178.2045228757383,51.28102737556816,189.4788835908632,166.34920478804307,0.008846158304829155,0.00880726027687928,0.01567823550714909,0.7209014892578125,-0.14827909254882443,0.021810253249267886
2023-08-29,181.81967163085938,182.5899254092932,177.25739693272806,177.45489519701718,53003900,177.35974655151367,178.54882275717839,61.42245990528528,186.75910493600608,167.96038816702125,0.021810253249267886,0.021575812361443625,0.016715760919470468,6.5866851806640625,0.20956306038013994,0.019172213814105055
2023-08-30,185.30555725097656,185.50307057198083,182.43192527543482,182.62942352828824,60813900,177.1291488647461,179.19232128039727,66.35883521784754,185.38846781078857,168.86982991870363,0.019172213814105055,0.01899074272286386,0.01712494080433134,10.941574096679688,0.14734764800326006,0.0011724129696639718
2023-08-31,185.52281188964844,186.75719481874472,185.13768501849643,185.4931879048022,60794500,176.97893905639648,179.795225147945,66.53546779899199,184.43574499016614,169.52213312262683,0.0011724129696639718,0.001171726230287279,0.01706742467620555,13.696701049804688,-0.0003190060167165276,0.008463350880290932
2023-09-01,187.09295654296875,187.54720101813678,185.92769123419916,187.12258052751662,45766500,177.35989074707032,180.49024718556632,66.4474095519927,186.03271226772247,168.68706922641817,0.008463350880290932,0.008427737524034338,0.013009487229289097,14.782974243164062,-0.24719341387790017,0.001266747375731958
2023-09-05,187.3299560546875,187.60645663383806,185.26607135025952,185.92769881238064,45280000,177.90752182006835,181.1416480302445,71.39370623973542,187.6378163162504,168.1772273238863,0.001266747375731958,0.0012659457281935236,0.012187981333041362,13.686843872070312,-0.010630045994340809,-0.03579344744289581
2023-09-06,180.62477111816406,186.49056063180015,179.2027597126584,186.0461707664675,81755800,178.07305145263672,181.09242165766543,59.17776830366509,187.87323279783865,168.27287010743478,-0.03579344744289581,-0.03644974118522706,0.014946727450326219,5.6090087890625,0.8055609540636042,-0.02924943558248516
2023-09-07,175.3415985107422,175.98348658181322,171.37181936653653,172.9913289322691,112488800,178.05380935668944,180.5447242151013,54.76951218653827,187.87487940354748,168.2327393098314,-0.02924943558248516,-0.02968572894635752,0.016289067188112544,-3.515533447265625,0.37591216769941704,0.0034918063730056126
2023-09-08,175.953857421875,177.9881329660241,175.56873058484743,176.121746745329,65551300,178.07602615356444,180.10749880622262,54.92653469276438,187.8748473043613,168.27720500276757,0.0034918063730056126,0.003485724171599822,0.016304225309655827,1.777496337890625,-0.41726376314797564,0.00662266357895791
2023-09-11,177.119140625,178.0473990105972,175.12437356668377,177.82027676778657,58953100,178.15354614257814,179.8228932651538,54.721032088635745,187.89320158943016,168.4138906957261,0.00662266357895791,0.006600830086753528,0.016366377654561167,0.740631103515625,-0.10065704265209086,-0.01706060125709874
2023-09-12,174.09738159179688,177.8795329175836,172.63587633671216,177.2475294233725,90370200,177.9975212097168,179.2776064391198,48.80616264211617,187.89892295701117,168.09611946242245,-0.01706060125709874,-0.017207810030482107,0.016681544665155718,-3.841400146484375,0.5329168440675724,-0.011855056677481546
2023-09-13,172.033447265625,175.08483755067667,171.80631000965792,174.3046992801155,84267900,177.8375442504883,178.58768651783458,40.69986869091455,188.0262378467263,167.64885065425028,-0.011855056677481546,-0.011925888226483404,0.016703751015117972,-9.786224365234375,-0.06752557812199156,0.00878265278173962
2023-09-14,173.5443572998047,173.89986015970092,171.4113401404273,171.82609096561458,60895800,177.79656295776368,178.10736944945077,49.05716383846928,188.05046855379038,167.54265736173699,0.00878265278173962,0.008744309626331912,0.016805436237841788,-11.761199951171875,-0.2773547222607897,-0.004154077719746629
2023-09-15,172.8234405517578,174.29483009436805,171.64832092677912,174.27507575289644,109259500,177.84642944335937,177.60413812586097,44.45125050192028,187.98715680762885,167.7057020790899,-0.004154077719746629,-0.004162729870047133,0.016492607659047833,-12.699371337890625,0.794204197990666,0.016913592138975364
2023-09-18,175.7465057373047,177.13889330258442,173.96899129951683,174.27511585610648,67257600,178.01825561523438,177.42722075552228,46.717919688369925,187.8765154963179,168.15999573415087,0.016913592138975364,0.01677214997498835,0.01689671969309539,-11.346450805664062,-0.3844233224570861,0.006180735549899952
2023-09-19,176.83274841308594,177.38574949277796,174.91698390976052,175.30211073798526,51826900,178.1777374267578,177.37060434195692,41.852234669044016,187.8392179251667,168.5162569283489,0.006180735549899952,0.00616171314532705,0.016868228883536583,-10.497207641601562,-0.2294268603102103,-0.01999204239293928
2023-09-20,173.29750061035156,177.45489404541186,173.20861358406935,177.0203888259045,58436200,178.09182434082032,176.98268970085164,30.4125179083986,187.90112153598648,168.28252714565417,-0.01999204239293928,-0.020194587343281712,0.017415801388516512,-7.3272705078125,0.12752643897281146,-0.008889407403657179
2023-09-21,171.75698852539062,174.0973890433764,171.68787090976878,172.36925276684747,63149100,177.73681716918946,176.48500387461726,28.47450913958356,187.9356801261546,167.53795421222432,-0.008889407403657179,-0.00892915390956318,0.01668777335701944,-3.5846099853515625,0.08065035029656276,0.004944446053424922
2023-09-22,172.60623168945312,174.8676297137013,171.87548661966315,172.48773574692532,56725400,177.6583106994629,176.11559699983974,26.82474820705849,187.99580119393283,167.32082020499297,0.004944446053424922,0.004932262424397345,0.015727804076122207,-3.347625732421875,-0.10172274822602378,0.007380178187225805
2023-09-25,173.88009643554688,174.75897636563758,171.97420160197885,172.02357992644104,46172700,177.53339004516602,175.9026921841928,29.174364988834085,187.99562820519935,167.07115188513268,0.007380178187225805,0.007353077927005088,0.015542177179868132,-3.239044189453125,-0.1860313016743822,-0.023398464258316043
2023-09-26,169.8115692138672,173.01107959102313,169.51531434646242,172.63583748924898,64588900,177.1270294189453,175.32258523463798,31.76829437715915,188.13981744122063,166.11424139667,-0.023398464258316043,-0.023676554816714736,0.01617072044877249,-4.2858123779296875,0.3988547345076203,-0.008897388579565568
2023-09-27,168.30068969726562,170.87808171574733,166.93794126401278,170.46333088230946,66921800,176.45108032226562,174.65383327869776,36.39839763713379,187.90195814142623,165.00020250310502,-0.008897388579565568,-0.008937206702161131,0.015198647095114157,-3.732757568359375,0.03611920933782731,0.0015256913254819704
2023-09-28,168.55746459960938,169.8807195182162,165.5258128129139,167.2243249736919,56294400,175.61367568969726,174.0732267378322,35.51269973723032,186.7842652756294,164.44308610376513,0.0015256913254819704,0.001524528640919911,0.014282841485715578,-4.9868927001953125,-0.1588032599242698,0.003046643749170519
2023-09-29,169.0709991455078,170.9077618887565,168.2118582205317,169.87087702160497,51861100,174.79108505249025,173.59682410999176,33.82309912374596,185.29218644401493,164.28998366096556,0.003046643749170519,0.003042012134971133,0.014328970829454443,-3.75244140625,-0.07875206059572537,0.014835242242562163
2023-10-02,171.57920837402344,172.12233981703872,168.79443355791753,169.08081880430257,52164500,174.01539764404296,173.40467023037573,44.831730844511924,182.8500621458622,165.18073314222372,0.014835242242562163,0.014726276404228794,0.014699211560355637,-4.16729736328125,0.00585024228178721,-0.007769763571273902
2023-10-03,170.24607849121094,171.46072207785286,168.6858318118607,170.1078282132375,49594600,173.16120376586915,173.1038519695029,46.21817864833714,179.53683199347157,166.78557553826673,-0.007769763571273902,-0.007800105452599264,0.014660677597359175,-6.586669921875,-0.049265304948767796,0.007308702585861804
2023-10-04,171.4903564453125,172.03348795172127,168.8339619515459,168.9524578917983,53020300,172.70448303222656,172.95018572910382,45.604426822952554,178.0552534486579,167.35371261579522,0.007308702585861804,0.0072821234465628645,0.012907420837362356,-1.8071441650390625,0.06907405241699704,0.007197926609906036
2023-10-05,172.7247314453125,173.2579782200924,170.52258153582127,171.61871413723316,48527900,172.5736396789551,172.92871389255225,49.7933043254321,177.7788934322872,167.368385925623,0.007197926609906036,0.00717214517748003,0.011421075044300509,0.967742919921875,-0.0847298110346415,0.014750406548307726
2023-10-06,175.27249145507812,175.76624458491796,171.016326818613,171.6285909459562,57266700,172.53957138061523,173.15193080326898,48.991569632498305,177.65989995692732,167.41924280430314,0.014750406548307726,0.014642677375673988,0.011905204121463646,2.666259765625,0.1800778521221813,0.008451196161668673
2023-10-09,176.75375366210938,176.81300162773064,173.60360623261292,174.60098214625398,42390800,172.52130203247071,173.49496155172997,49.834722405793045,177.57500489422006,167.46759917072137,0.008451196161668673,0.00841568473911072,0.011966624472200899,2.8736572265625,-0.2597652737105508,-0.003352027938486879
2023-10-10,176.16127014160156,177.47465549196244,175.72676490471198,175.87489990900735,43698000,172.62449645996094,173.74889570314633,56.8331954655078,177.89341114260003,167.35558177732185,-0.003352027938486879,-0.003357658570348376,0.011314956129193584,6.349700927734375,0.030836879700312236,0.007903919521208724
2023-10-11,177.5536346435547,177.60301297187604,175.3811238107674,175.9736185461729,47551100,172.90050582885743,174.11125179270903,63.92976759092013,178.59982037360527,167.2011912841096,0.007903919521208724,0.007872847170824981,0.011024471132803589,9.252944946289062,0.08817566021328216,0.005061207933376721
2023-10-12,178.4522705078125,180.06189553412176,176.80312172309905,177.82026707710477,56743100,173.14590148925782,174.52468214652842,64.01519142186558,179.36122297496615,166.9305800035495,0.005061207933376721,0.005048443072796558,0.01092853141838314,9.894805908203125,0.19330783094397397,-0.010292646939114691
2023-10-13,176.6155242919922,179.65703072033497,175.91438812346496,179.15340788479125,51427100,173.33550567626952,174.72380996990591,56.38552895071856,179.73795351313964,166.9330578393994,-0.010292646939114691,-0.01034598252147369,0.011177637039925473,7.544525146484375,-0.09368539963449296,-0.0007269318576978989
2023-10-16,176.4871368408203,176.84263973108403,174.3047411678942,174.54174811745375,52517000,173.3725372314453,174.89174586237394,69.09616130012256,179.84191917418116,166.90315528870946,-0.0007269318576978989,-0.0007271962007747997,0.010546045468074944,4.907928466796875,0.021193106358320835,-0.008784947875549398
2023-10-17,174.93670654296875,176.19084355891263,172.61607615659224,174.44295347333787,57549400,173.27773513793946,174.8960278319544,68.94016465694148,179.58721177650108,166.96825849937784,-0.008784947875549398,-0.00882376302337588,0.010634652933017904,4.6906280517578125,0.0958242093036541,-0.007394642244701322
2023-10-18,173.6431121826172,175.36137864838344,172.9222367694585,173.3863659573123,54764400,173.29501571655274,174.7767025320175,63.704110003593655,179.6066130745091,166.98341835859637,-0.007394642244701322,-0.007422118145098297,0.00975516678643104,2.1527557373046875,-0.0483932065321272,-0.002161007919682767
2023-10-19,173.2678680419922,175.61812287122567,173.00123711265553,173.84060845589931,59302900,173.3705596923828,174.63300400915796,61.394069446630816,179.64067783535376,167.10044154941187,-0.002161007919682767,-0.0021633462666955407,0.00954087145116793,0.5431365966796875,0.08287318038725888,-0.014704168975797405
2023-10-20,170.72010803222656,173.2283676109075,170.48310107616433,173.11974130623128,64244000,173.2762535095215,174.2603472494502,47.67262860440391,179.65064530030781,166.90186171873518,-0.014704168975797405,-0.014813346836715648,0.010054889208567746,-4.5523834228515625,0.08331970274640876,0.0006940277770204339
2023-10-23,170.83859252929688,171.8359684831129,167.80694090892598,168.77470794688867,55980100,173.124178314209,173.93446584753084,51.718248184226155,179.58248448470263,166.66587214371535,0.0006940277770204339,0.0006937870511166659,0.009888841263349742,-5.9151611328125,-0.12863302409563537,0.002543390640901144
2023-10-24,171.27310180664062,171.50022404547477,169.30795876796012,170.88797493724758,43816600,173.19725494384767,173.6810026055413,49.3389296956978,179.52958576308816,166.86492412460717,0.002543390640901144,0.0025401616967437534,0.00835611118092634,-4.8881683349609375,-0.21728257005614493,-0.013491671918545722
2023-10-25,168.96234130859375,170.89784530264086,168.51795139973865,169.73259505065448,57157000,173.23033752441407,173.23160629154629,39.25548529237462,179.46105460339123,166.9996204454369,-0.013491671918545722,-0.01358351150598355,0.008683669928556577,-8.591293334960938,0.30445995353359234,-0.02460563042959185
2023-10-26,164.80491638183594,169.23882483986895,163.60015755926395,168.24143389027685,70625300,173.0427101135254,172.4290643953834,22.623896280936663,180.04423802066742,166.04118220638338,-0.02460563042959185,-0.024913408154249774,0.010295143772934627,-13.647354125976562,0.23563692985985973,0.007969424076595288
2023-10-27,166.11831665039062,166.8490767618186,164.7456834493569,164.82468576422622,58499100,172.89507598876952,171.82804080062218,21.938495332235036,180.35850876798403,165.431643209555,0.007969424076595288,0.007937835931768375,0.010456443874109244,-10.497207641601562,-0.17169767774437772,0.01230534788683113
2023-10-30,168.16246032714844,169.03147079181505,166.76020302980592,166.90833803254793,51131000,172.72423858642577,171.4789378983866,30.396886298126176,180.46573133105704,164.9827458417945,0.01230534788683113,0.012230252515688586,0.010270634632815051,-8.324676513671875,-0.1259523650791209,0.0028186062675721324
2023-10-31,168.63644409179688,168.764809656098,165.8022909489589,167.23418704526227,44846000,172.64375686645508,171.2082242025209,27.1160516606611,180.52591676714104,164.76159696576912,0.0028186062675721324,0.0028146414453608555,0.010173298301181032,-6.300262451171875,-0.12291955956269196,0.018738647733690827
2023-11-01,171.7964630126953,172.0532092124064,167.99455793411695,168.86356825336904,56934900,172.65906219482423,171.26424694634704,34.695696290646154,180.5329765107158,164.78514787893266,0.018738647733690827,0.018565242181955623,0.010923990754424556,-1.846649169921875,0.26956473264059233,0.020693315740067053
2023-11-02,175.35150146484375,175.5588693503195,173.26786256268767,173.32711052996643,77334800,172.79040069580077,171.65350928144198,47.30636938822891,180.75602317905265,164.8247782125489,0.020693315740067053,0.02048211770406725,0.011766798901194527,2.0836334228515625,0.3583022012860302,-0.005181156431400491
2023-11-03,174.44297790527344,174.61086723243213,171.1842192438163,172.06309922812656,79829200,172.74892501831056,171.91917295990214,45.78407739125509,180.66863732836364,164.82921270825747,-0.005181156431400491,-0.005194625164936416,0.011362031376851857,3.722869873046875,0.032254560689366274,0.014605203941990608
2023-11-06,176.99075317382812,177.18825142381783,174.00849494223715,174.17636920813592,63841300,172.7607749938965,172.40218059932366,54.06892390875919,180.70638483499218,164.8151651528008,0.014605203941990608,0.014499575195046485,0.011686651523360037,6.15216064453125,-0.2002763399858698,0.014450741969362468
2023-11-07,179.54840087890625,180.1606499568927,176.73400192517136,176.9413698079054,70530000,172.9301315307617,173.08277300690295,61.140072066242446,181.3132632778327,164.54699978369072,0.014450741969362468,0.014347325107277582,0.012078738916207997,8.275299072265625,0.10477073618488353,0.005884905468601653
2023-11-08,180.6050262451172,181.15802736111343,179.32126504404005,180.07177947416378,49340300,173.08270111083985,173.79917807720906,63.49432105195805,181.91895351102198,164.24644871065772,0.005884905468601653,0.005867657049542593,0.012026519298837753,11.642684936523438,-0.3004352757691763,-0.0026245907552053804
2023-11-09,180.13101196289062,181.81963914926845,179.5385022077218,180.67414339377055,53763500,173.16663818359376,174.40220987584541,68.73760073595044,182.2461981658984,164.08707820128913,-0.0026245907552053804,-0.0026280410318866377,0.012010048485872667,15.326095581054688,0.08964679987758495,0.023220115838403554
2023-11-10,184.3136749267578,184.48178544542026,181.475802800193,181.9108804268445,66133400,173.55154571533203,175.34615892831326,73.0923329322064,183.82138896323366,163.2817024674304,0.023220115838403554,0.022954630821852944,0.01273553655720772,18.195358276367188,0.23007988691212433,-0.008583611753147813
2023-11-13,182.73159790039062,183.94782669363863,182.1482051958573,183.74018560328048,43627500,173.86376876831054,176.0495340685111,68.89338405490811,184.86316568734168,162.8643718492794,-0.008583611753147813,-0.008620663123925112,0.012950335359955935,14.569137573242188,-0.3403106448481402,0.01428575245889574
2023-11-14,185.34205627441406,186.0045554032819,184.21481647353394,185.59914075952597,60108400,174.3840362548828,176.93453618335897,76.74344444162094,186.52247717808783,162.24559533167778,0.01428575245889574,0.014184672627486735,0.012983486482651,16.705612182617188,0.37776402498424155,0.0030407743679556898
2023-11-15,185.9056396484375,187.3789678351275,185.67821821290843,185.74744196041772,53790500,174.99716262817384,177.78892698955693,89.03211238346313,188.17252400745144,161.82180124889624,0.0030407743679556898,0.003036160564235143,0.012752535486482267,14.109176635742188,-0.10510843742305565,0.00904230241657733
2023-11-16,187.58665466308594,188.82266388785246,186.5385061665612,187.4482222334322,54412900,175.7131019592285,178.7220439108454,89.1792771704352,190.0019026375695,161.42430128088753,0.00904230241657733,0.009001665583400336,0.01273706623734637,12.235153198242188,0.01157081640810187,-0.00010566405711420757
2023-11-17,187.56683349609375,188.24911285385338,186.45937429973029,188.1205630942755,50922700,176.55543823242186,179.5644048237262,88.23786233485541,191.5726005053239,161.53827595951984,-0.00010566405711420757,-0.00010566963995396427,0.012002566913234576,13.123855590820312,-0.06414287788373718,0.009278268325580541
2023-11-20,189.30712890625,189.76198684131353,187.75470950144614,187.7645921414258,46505100,177.47886505126954,180.49228330777606,88.79697568519632,193.26737500678365,161.69035509575542,0.009278268325580541,0.009235489598771232,0.012002059880993187,12.316375732421875,-0.0867510952875633,-0.004230708716252973
2023-11-21,188.5062255859375,189.37638084971888,187.61630503925363,189.2676114417462,38134500,178.34052124023438,181.2555159056962,84.4099235629002,194.57763354881234,162.10340893165642,-0.004230708716252973,-0.004239683486410636,0.012175727283727764,8.95782470703125,-0.17999316204029236,0.0035145051653140413
2023-11-22,189.16873168945312,190.77059476808083,188.69410838615653,189.34672485819107,39617700,179.35084075927733,182.00915550414922,82.30149863235351,195.64545141929668,163.056230099258,0.0035145051653140413,0.0035083437240934047,0.011394265707405688,8.563705444335938,0.03889391495889538,-0.007004474016326978
2023-11-24,187.8437042236328,188.76328767363577,187.13176183550132,188.733624664797,24048300,180.50278015136718,182.5648268107667,80.729390457769,195.68725023197143,165.31831007076292,-0.007004474016326978,-0.007029120502327977,0.00944047760631172,7.7126922607421875,-0.39299101159330296,-0.0009474819311118265
2023-11-27,187.6657257080078,188.53588093642713,186.78568783853885,187.79427548166112,40552600,181.58015060424805,183.05062670574205,77.46381118455609,195.46978386239977,167.69051734609633,-0.0009474819311118265,-0.0009479310758434751,0.009582188215920584,3.35205078125,0.6862979919578516,0.0032142813875204457
2023-11-28,188.26893615722656,188.94133308224764,187.2801286877285,187.65588035429923,38415400,182.58547439575196,183.5476085582644,74.94406768268678,195.2418312633049,169.92911752819901,0.0032142813875204457,0.003209126628045999,0.009490517703429461,5.5373382568359375,-0.0527019229346577,-0.005409699626199305
2023-11-29,187.25045776367188,189.9400151741752,186.85494082777598,188.7633319210795,43014200,183.51617507934571,183.9002608635413,69.05004982149121,194.47767278394818,172.55467737474325,-0.005409699626199305,-0.005424385037610272,0.00979569356607261,1.9084014892578125,0.11971240700344143,0.0030626698325555424
2023-11-30,187.82394409179688,188.18981305356235,186.08364867108205,187.71517468500207,48794400,184.3175491333008,184.27394498051802,71.92780097425191,193.93217359826,174.70292466834158,0.0030626698325555424,0.0030579894132548883,0.009276717720444246,1.918304443359375,0.13437887953280536,0.006791326508644335
2023-12-01,189.09951782226562,189.4159283197641,187.11200544734405,188.19969953750024,45704800,185.00494995117188,184.73352334639875,66.35133007535339,193.85601688859936,176.1538830137444,0.006791326508644335,0.006768369331947318,0.008487580384124055,1.5128631591796875,-0.06331874149492567,-0.009464750009400613
2023-12-04,187.3097381591797,187.92280887485518,185.35190415389414,187.85358512953687,43389500,185.64828796386718,184.97887713809217,65.42280041081821,193.0125073262944,178.28406860143994,-0.009464750009400613,-0.009509825399437972,0.008775703145112711,-0.2570953369140625,-0.0506576989725368,0.021063447275722735
2023-12-05,191.255126953125,192.2241539878595,188.05138552105933,188.0810636242485,66628400,186.36150665283202,185.57661521571436,68.27611186412861,192.91349822197697,179.80951508368707,0.021063447275722735,0.020844679539457955,0.009304796582118064,1.947998046875,0.5355881031125043,-0.005687127336506781
2023-12-06,190.1674346923828,192.58011192579394,189.95977851245675,192.27358406476233,41089700,186.89245834350587,186.0138361182542,62.758981733662125,192.8101268607362,180.97478982627553,-0.005687127336506781,-0.005703360621608261,0.009194639532967152,1.6612091064453125,-0.3833005144953203,0.010139283964222257
2023-12-07,192.09559631347656,192.81742141001197,191.42319951100376,191.46276025185608,47477700,187.46698684692382,186.59305137494206,63.302044432280205,193.0352897263721,181.89868396747553,0.010139283964222257,0.010088226260230948,0.00931533642127349,2.9268646240234375,0.15546475150706862,0.007412557627873628
2023-12-08,193.51951599121094,193.79638087491043,191.50234030939515,192.02640705982665,53406400,188.13641204833985,187.25271467172956,66.2177206601909,193.18632012638804,183.08650397029166,0.007412557627873628,0.0073852196357526234,0.009259213131651787,5.675811767578125,0.12487336159923501,-0.012927345920499045
2023-12-11,191.017822265625,191.32436525918584,189.2775265277558,190.94861358759854,60943700,188.47161941528321,187.61129634733865,54.47502159435817,193.33987083047026,183.60336800009617,-0.012927345920499045,-0.013011631235016538,0.008748183199577736,3.3520965576171875,0.14113102549507173,0.0079199306245199
2023-12-12,192.53067016601562,192.54055280703432,189.57413099725628,190.9189094878757,52696900,188.96157302856446,188.0798081395936,60.149542061109834,193.34578744872482,184.5773586084041,0.0079199306245199,0.007888732589891092,0.008489312204586236,4.2617340087890625,-0.13531833479096278,0.01669156557182805
2023-12-13,195.7443084716797,195.78385412672148,192.66911702808835,192.90642113434447,70404200,189.48168563842773,188.80976055217323,64.69279388690418,194.4826455969738,184.48072567988166,0.01669156557182805,0.016553792377705864,0.00867782524138439,8.493850708007812,0.33602166351341345,0.0007577777848801759
2023-12-14,195.89263916015625,197.38573293709894,193.96446770304377,195.80365011321348,66831600,189.98103561401368,189.48432041960018,68.98317588843904,195.45096902226877,184.5111022057586,0.0007577777848801759,0.0007574908162576939,0.008689079765360767,8.068695068359375,-0.05074413174214043,-0.0027258097432469874
2023-12-15,195.35867309570312,196.1793699091571,194.79504567055722,195.3191123528845,128538400,190.36963653564453,190.04378257922903,67.84395892985444,196.2147699284134,184.52450314287566,-0.0027258097432469874,-0.002729531527414056,0.00863208715655818,6.2591552734375,0.92331771198056,-0.008503302266198665
2023-12-18,193.69747924804688,194.42920214917604,192.21426816132805,193.89523770867535,55751900,190.6761688232422,190.39175369054502,62.002535692332394,196.54537691426432,184.80696073222006,-0.008503302266198665,-0.008539661603928241,0.008942013764378327,6.3877410888671875,-0.5662626888151712,0.005360103442859199
2023-12-19,194.7357177734375,194.7456004150459,193.69746706046115,193.96444926391277,40714100,190.94759826660157,190.80546455558238,66.53549836314902,197.04778472975568,184.84741180344747,0.005360103442859199,0.005345789216108279,0.008807944376902403,3.4805908203125,-0.26972713037582574,-0.010713826769679247
2023-12-20,192.64935302734375,195.46744514462725,192.64935302734375,194.69617655774934,52242800,191.15475463867188,190.98107298146442,59.99182298209651,197.186873916338,185.12263536100576,-0.010713826769679247,-0.010771633066893046,0.009141063597160168,2.4819183349609375,0.28316234424928965,-0.0007701100664149196
2023-12-21,192.50099182128906,194.87413831888384,191.33420648650613,193.90511142023345,46482500,191.32136764526368,191.12582715668583,57.38822002491033,197.3064116133154,185.33632367721196,-0.0007701100664149196,-0.0007704067535030379,0.009132372538195424,0.4053955078125,-0.11026016982244446,-0.005547432989490564
2023-12-22,191.43310546875,193.2228443252002,190.81015202156473,192.9954077755279,37149600,191.50083770751954,191.15509175783478,59.246178576487665,197.25771407317418,185.7439613418649,-0.005547432989490564,-0.0055628771392838075,0.009071497090685934,-2.0864105224609375,-0.20078309041036946,-0.002840959814311761
2023-12-26,190.88925170898438,191.719846217368,190.6717128965979,191.44298138124012,28919300,191.66201400756836,191.12977365794427,49.031878796296446,197.14056776343577,186.18346025170095,-0.002840959814311761,-0.0028450030001463634,0.00910256293997537,-0.128570556640625,-0.22154478110127696,0.0005179807256814328
2023-12-27,190.98812866210938,191.33421726083122,188.95118798803827,190.33552729492325,48087700,191.7979736328125,191.11628365834096,52.291502460430735,197.05235650973333,186.54359075589167,0.0005179807256814328,0.0005178466199727939,0.009086297057320399,-1.54254150390625,0.6628237889575475,0.002226243904294156
2023-12-28,191.41331481933594,192.48122849088116,191.00790021395272,191.96704448132198,34049900,192.0061164855957,191.1445723403405,47.92042609080661,196.81273812687516,187.19949484431623,0.002226243904294156,0.0022237694950785728,0.008973295701462993,-4.33099365234375,-0.2919208030327922,-0.0054239866624821165
2023-12-29,190.37509155273438,192.22415660179112,189.58404259835586,191.72975289130503,42672100,192.13367385864257,191.07128845580658,40.18512115176333,196.59606438728986,187.67128332999528,-0.0054239866624821165,-0.005438749886023979,0.009077551006605131,-5.517547607421875,0.25322247642430673,-0.03578670230936398
2024-01-02,183.56219482421875,186.33085840634024,181.83178197139316,185.05528848269014,82488700,191.85680770874023,190.35613668136963,31.663361699508684,197.61175919746563,186.10185622001484,-0.03578670230936398,-0.03644274568211502,0.012075073887163598,-11.796478271484375,0.933082740244797,-0.007487656621832928
2024-01-03,182.187744140625,183.79950485996184,181.37691491631995,182.15808112880916,58414500,191.6007080078125,189.57819453463205,24.38787909932077,198.54136889228508,184.66004712333992,-0.007487656621832928,-0.007515829845061042,0.012013642472096275,-11.509735107421875,-0.29184845924350855,-0.012700069414572468
2024-01-04,179.8739471435547,181.04073256447913,178.85547678867908,180.1112512492328,71983600,191.031649017334,188.65398049738658,8.867227294873985,199.73423914111686,182.32905889355112,-0.012700069414572468,-0.01278140467221301,0.011035743356117598,-14.861770629882812,0.23228992801444837,-0.004013074409289441
2024-01-05,179.152099609375,180.7144169560074,178.15340966673114,179.95304619735901,62379700,190.4808822631836,187.7490394604331,7.864537646269014,200.67945340133116,180.28231112503602,-0.004013074409289441,-0.004021148400654817,0.01102066341691004,-13.49725341796875,-0.1334178896304158,0.024174953359670903
2024-01-08,183.48309326171875,183.52265400582175,179.46853775144191,180.05193047893468,59144500,190.0502571105957,187.34275887007936,24.905979400589658,200.67995277379674,179.42056144739468,0.024174953359670903,0.02388736491392682,0.01227193597636181,-9.017898559570312,-0.05186302595235304,-0.0022634154162731734
2024-01-09,183.0677947998047,183.07767744176536,180.68476543102267,181.8614486084712,42841800,189.52767105102538,186.93561943481512,26.290252424488102,200.4625177246652,178.59282437738557,-0.0022634154162731734,-0.002265980812716087,0.012061165380079541,-8.365310668945312,-0.2756418601898739,0.005671250193060473
2024-01-10,184.10601806640625,184.31365913260458,181.8614214601624,182.28661640904596,46792900,189.18208084106445,186.66613359020477,26.29020225012796,200.35297120292998,178.01119047919892,0.005671250193060473,0.0056552291978584366,0.011947800677585866,-6.783233642578125,0.09222535000863652,-0.003222474657645691
2024-01-11,183.5127410888672,184.9564063690912,181.5647895230864,184.4521049955326,49128400,188.73118438720704,186.36581049483928,28.166283917763806,200.05985291148457,177.4025158629295,-0.003222474657645691,-0.0032276780105609036,0.011729838574760062,-7.4753875732421875,0.04991141818523759,0.001778128331392237
2024-01-12,183.83905029296875,184.64987951630312,183.11722519297732,183.97748271061099,40477800,188.13592147827148,186.1251666660897,29.475161673113334,199.1600221384591,177.11182081808386,0.001778128331392237,0.0017765493327085583,0.010901788722175565,-7.5742645263671875,-0.17608145186898005,-0.012317153377850554
2024-01-16,181.57467651367188,182.19761480887055,178.90488492167398,180.1211286782067,65603000,187.42002334594727,185.69178665157372,27.893527389385866,198.1796392807871,176.66040741110746,-0.012317153377850554,-0.012393638210713688,0.011050825833806002,-8.8004150390625,0.620715552722727,-0.0051735013333974456
2024-01-17,180.6352996826172,180.88250149305736,178.2819487070673,179.24109293861534,47317400,186.68385467529296,185.21021646405404,27.40736556938228,197.16768453661427,176.20002481397165,-0.0051735013333974456,-0.0051869302277125955,0.011052680370077828,-2.9268951416015625,-0.2787311555873969,0.03257064152527667
2024-01-18,186.51870727539062,187.0229935165519,183.75004409317066,184.00712853391946,78005800,186.32491607666014,185.33483463656228,42.1527590242146,196.2756936324174,176.3741385209029,0.03257064152527667,0.032051461454806696,0.013652979956526798,4.330963134765625,0.6485647985730407,0.015533034623750996
2024-01-19,189.41590881347656,189.80154302609114,186.7065866846462,187.21087293560348,68903000,186.0589256286621,185.72350836769695,46.77313912315525,195.3238340569628,176.79401720036142,0.015533034623750996,0.015413631911712314,0.014115363676533908,9.541961669921875,-0.11669388686482285,0.012163310753457557
2024-01-22,191.71983337402344,193.14371820043874,190.1080727596782,190.14763349819026,60133900,186.0124496459961,186.29458693972805,52.087111672753856,195.1465609788279,176.8783383131643,0.012163310753457557,0.01208993210815802,0.014237855542278568,12.567733764648438,-0.12726731782360712,0.0066534013033971995
2024-01-23,192.99542236328125,193.55904982724218,191.66054141727486,192.83722464512005,42355600,186.03717117309571,186.9327617419712,67.679741291051,195.2475824111223,176.82675993506913,0.0066534013033971995,0.006631365118662799,0.014317259204044893,9.5123291015625,-0.29564521842089075,-0.0034839883277772987
2024-01-24,192.32302856445312,194.18199120084623,192.16481576816378,193.23272951111284,53631300,186.08166732788087,187.44612048696948,69.50892993507851,195.40968686315978,176.75364779260195,-0.0034839883277772987,-0.0034900715484677473,0.01428085661930773,9.255233764648438,0.2662150931635958,-0.0016967518935532278
2024-01-25,191.9967041015625,194.07320538533628,190.9485708187439,193.0349547434494,54822100,186.13703994750978,187.879509402645,75.2678083572873,195.59743078234902,176.67664911267053,-0.0016967518935532278,-0.0016981930074198583,0.014269777552858274,7.89068603515625,0.02220345208861252,-0.009012694894639406
2024-01-26,190.26629638671875,192.58010181757646,189.7916731135176,192.09559590318426,44594000,186.10094833374023,188.10682244874727,72.23097160925644,195.48864319103214,176.71325347644833,-0.009012694894639406,-0.009053554920516451,0.01442344764424311,6.7535552978515625,-0.18656892019824123,-0.003585929337447502
2024-01-29,189.58401489257812,190.04875551955823,187.4580852833725,189.86087972294905,47145600,186.00948333740234,188.24750744339784,64.28895108813741,195.2130875290064,176.8058791457983,-0.003585929337447502,-0.0035923741938668117,0.014432861552575338,5.744964599609375,0.05721845988249541,-0.019245643594494766
2024-01-30,185.9353485107422,189.65327422408475,185.37173610317973,188.80289920326751,55859400,185.78749618530273,188.02730183076395,55.83268673300269,194.75898861549146,176.816003755114,-0.019245643594494766,-0.019433251990023027,0.015006542100644973,4.3606719970703125,0.18482742822235787,-0.019357662275996335
2024-01-31,182.33607482910156,185.00586682539145,182.28664653050623,184.94652570867123,55467800,185.72619018554687,187.485280211558,46.739572224680145,194.77810638555334,176.6742739855404,-0.019357662275996335,-0.019547475371716933,0.013366289399633894,1.700775146484375,-0.007010458400913744,0.01334055590419636
2024-02-01,184.76853942871094,184.85752846784007,181.76257176566293,181.93066720224104,64885400,185.85522994995117,187.226542994144,52.16651468596857,194.767257388726,176.94320251117634,0.01334055590419636,0.013252354261655748,0.013582412827774311,-1.7501678466796875,0.16978499237395384,-0.005405157209217526
2024-02-02,183.76983642578125,185.2332669548565,177.24370243482153,177.84687547061628,102551700,186.0500244140625,186.89733284477612,49.88329911548139,194.57342047006586,177.52662835805916,-0.005405157209217526,-0.005419817924290132,0.013295991909332422,-5.6460723876953125,0.5805050134544905,0.009846606562522231
2024-02-05,185.579345703125,187.1317803970082,183.75994390321247,186.0440863383638,69668800,186.37138671875,186.77181025985695,56.85742205871594,194.2608070666912,178.48196637080878,0.009846606562522231,0.009798444628467374,0.013373391214213352,-6.1404876708984375,-0.3206470492444299,0.008631877579318381
2024-02-06,187.18124389648438,187.1911265388062,184.67956238073768,184.76855142564483,43490800,186.5562942504883,186.81080393953573,60.960307893710855,194.33323509708484,178.77935340389175,0.008631877579318381,0.008594835930735028,0.012425704937051502,-5.814178466796875,-0.37574925935282366,0.0005810659560401277
2024-02-07,187.29000854492188,188.91165203661865,186.49895962721544,188.50623739169367,53439000,186.76740493774415,186.85644247338203,51.601047008980146,194.3729596422785,179.1618502332098,0.0005810659560401277,0.0005808972025855871,0.012401783858492622,-5.03302001953125,0.22874263062532774,-0.005754736057749565
2024-02-08,186.2122039794922,187.418535043408,185.2530596605407,187.27021997882892,40962000,186.87271423339843,186.7950864263449,42.80648450412374,194.3808104010451,179.36461806575176,-0.005754736057749565,-0.005771358353255408,0.012448708440076268,-5.7845001220703125,-0.23348116544097008,0.004094036818470759
2024-02-09,186.9745635986328,188.10324181676,186.1329987846296,186.77653768433356,45155200,187.04580535888672,186.81217949037233,38.552617629909705,194.38547990070703,179.70613081706642,0.004094036818470759,0.004085679053301888,0.012436660954130138,-3.2917327880859375,0.10236804843513503,-0.009001951676920195
2024-02-12,185.2914276123047,186.79633688725167,184.93500212895557,186.54881961012742,41781900,187.11842422485353,186.66734597817543,31.77344720754752,194.35248837391197,179.8843600757951,-0.009001951676920195,-0.009042714055622337,0.012633570783731384,-4.2925872802734375,-0.07470457444546807,-0.011274403354157192
2024-02-13,183.20237731933594,184.36077144619387,181.68757282391297,183.92513863049606,56529500,187.1998092651367,186.33734896304787,29.777403968795824,194.20424866523197,180.19536986504144,-0.011274403354157192,-0.011338441220437194,0.012580064865923833,-2.73297119140625,0.352966236576125,-0.00480970446391249
2024-02-14,182.32122802734375,183.68752828939827,180.62821823999963,183.47962222785034,54630500,187.28410568237305,185.95486125488557,29.062367920540993,193.99012756119228,180.57808380355382,-0.00480970446391249,-0.004821308314774528,0.012571657720576885,-0.0148468017578125,-0.03359307971943848,-0.0015749120148261797
2024-02-15,182.03408813476562,182.65783644316613,179.5490203671251,181.72716915991907,65434500,187.05987472534179,185.58145429106463,30.9986799600466,194.1618718339861,179.95787761669746,-0.0015749120148261797,-0.0015761534924032523,0.010060479678550832,-2.7344512939453125,0.1977649847612597,-0.008430243425992745
2024-02-16,180.49949645996094,183.0142804515248,179.86585283584154,181.5984737728991,49752500,186.61405410766602,185.09745830715,29.825192763727273,194.19650989400108,179.03159832133096,-0.008430243425992745,-0.008465978909049038,0.009370042724381647,-3.2703399658203125,-0.2396595068350793,-0.004113882451202366
2024-02-20,179.75694274902344,180.6182980286837,178.2124373755958,179.98465441119404,53665600,186.01590957641602,184.5888377778046,34.24551147965536,193.78752089052423,178.2442982623078,-0.004113882451202366,-0.0041223677452774075,0.00872642214245781,-5.8224029541015625,0.0786513240540676,0.00418605207854883
2024-02-21,180.50941467285156,181.07374623255754,178.8658962581704,180.13318356154335,41371400,185.39160919189453,184.2003212916186,44.551055632833496,192.8000410092252,177.98317737456387,0.00418605207854883,0.004177314936813531,0.008596562799495121,-6.6718292236328125,-0.22908902537193288,0.011243746230409135
2024-02-22,182.5390167236328,183.12316891523534,180.6479964148563,181.65785591778803,52292200,184.90240859985352,184.04210180895328,43.1855280266695,191.64597409982332,178.1588430998837,0.011243746230409135,0.011181005174071718,0.009190549219160944,-4.7509918212890625,0.26396979555925104,-0.010033957550512285
2024-02-23,180.70742797851562,183.2023913936763,180.42029946099493,183.17269052734747,45119700,184.33794479370118,183.72451382510206,41.09331037482138,190.44067766430987,178.2352119230925,-0.010033957550512285,-0.01008463699785198,0.009336912036781832,-5.5047760009765625,-0.137161947670972,-0.007451251988331853
2024-02-26,179.36093139648438,180.94503297704767,178.85598645977296,180.4302078946742,40867400,183.79267654418945,183.3089345461861,31.41383128740904,189.60708452499878,177.9782685633801,-0.007451251988331853,-0.007479151242409405,0.009290259177236497,-7.6136322021484375,-0.09424486421673905,0.008114356611770068
2024-02-27,180.8163299560547,182.09351248592515,177.77681047698752,179.30152539649055,54318900,183.3542922973633,183.07154363284025,30.807886079734985,188.62706825624278,178.0815163384838,0.008114356611770068,0.008081612233936691,0.0096081249761111,-4.47509765625,0.32914988474921336,-0.0066256657501249094
2024-02-28,179.61830139160156,181.3014155316966,178.34111913385524,180.6974728870872,48953900,183.03843994140624,182.74266341938895,28.293401927794477,188.41599196989213,177.66088791292034,-0.0066256657501249094,-0.006647712912152712,0.008820199880978541,-3.584075927734375,-0.09876856858294258,-0.0036929133289697047
2024-02-29,178.95498657226562,180.75691955299587,177.74710108364005,179.4698267249393,136682600,182.86938552856446,182.3819322910915,28.972975745105643,188.544270167643,177.19450088948594,-0.0036929133289697047,-0.0036997489675337342,0.0078059062492074486,-3.366241455078125,1.7920676391462171,-0.00603035779179284
2024-03-01,177.87582397460938,178.7371792855814,175.61846756104012,177.76691576574171,73563100,182.52474975585938,181.9527791180932,24.112601360239438,188.54093659782208,176.50856291389667,-0.00603035779179284,-0.0060486138299709795,0.007116415582634132,-4.15826416015625,-0.461796161325582,-0.02538141434486807
2024-03-04,173.361083984375,175.14319605787904,172.06408093389737,174.40064432483445,81510100,182.00431213378906,181.13452243869145,20.766540465317306,189.2435228750699,174.7651013925082,-0.02538141434486807,-0.025709078720566617,0.008832828181467356,-7.1384124755859375,0.10802970511030674,-0.02844079317041437
2024-03-05,168.43055725097656,170.33148818677603,167.93552268101038,169.06420089624305,95132400,181.14687271118163,179.9246209922424,18.22822448309813,190.3885543429854,171.90519107937786,-0.02844079317041437,-0.028853068295865605,0.010002415606301027,-11.326385498046875,0.16712407419448638,-0.005878369472013922
2024-03-06,167.44046020507812,169.53941670485264,167.00482743895031,169.36119643359416,68587700,180.15983352661132,178.73565329822677,18.143195003397267,190.79897088994173,169.52069616328092,-0.005878369472013922,-0.00589571509523046,0.009490935116743355,-13.068954467773438,-0.2790290164024034,-0.0007094442568186254
2024-03-07,167.32167053222656,169.0344857697736,166.81674075207243,167.47017484778516,71765100,179.16141662597656,177.64860732051247,18.274922397698887,190.6935293675372,167.62930388441592,-0.0007094442568186254,-0.0007096960314824941,0.009451623088445637,-15.21734619140625,0.04632609053809933,0.010236473303358862
2024-03-08,169.03445434570312,171.9749601051527,167.26223771139365,167.3216394265741,76267000,178.30252914428712,176.82821179910206,25.465932207263833,190.17721450474457,166.42784378382967,0.010236473303358862,0.010184435432076302,0.010090694207953214,-11.6729736328125,0.06273104893604264,0.011831817063287176
2024-03-11,171.03443908691406,172.6482565736913,170.34139373001014,171.2225546353428,60139500,177.50552291870116,176.27642392175082,32.28788393324129,189.0650284351616,165.94601740224073,0.011831817063287176,0.011762368381765052,0.010585020953014949,-8.326492309570312,-0.21146105130659398,0.0027785031429898854
2024-03-12,171.50965881347656,172.3017170819102,169.31170429451927,171.43045147590772,59825400,176.81643447875976,175.82244629239136,31.516770060206,188.06050673122246,165.57236222629706,0.0027785031429898854,0.002774650238353803,0.01064259678822102,-9.306671142578125,-0.005222856857805547,-0.012122536389272742
2024-03-13,169.43052673339844,171.4700666239107,169.06419090034882,171.05423942259554,52488700,176.1278419494629,175.21369204867776,23.133125006254815,187.41198720982175,164.84369668910404,-0.012122536389272742,-0.01219661361146525,0.010675573745232488,-10.187774658203125,-0.12263520177048548,0.010927251114686065
2024-03-14,171.2819366455078,172.57892461566286,170.34137411890524,171.1928340614332,72913500,175.57587738037108,174.83923915313775,30.697402046289312,186.6626941805621,164.48906058018005,0.010927251114686065,0.01086798009486437,0.01116927849337756,-7.6730499267578125,0.3891275645996186,-0.0021964105013276836
2024-03-15,170.90573120117188,170.90573120117188,168.5988682774061,169.47013396047814,121752700,175.01945953369142,174.46461934818862,31.96785115048833,185.85573312021634,164.1831859471665,-0.0021964105013276836,-0.0021988261486898595,0.011165798022027428,-6.9700927734375,0.6698238323492907,0.006372406606218073
2024-03-18,171.99481201171875,175.94519331439105,171.79680120539754,173.82644596151624,75604200,174.5942253112793,174.22939960185815,30.887997191351104,185.18984630289435,163.99860431966425,0.006372406606218073,0.006352188669061323,0.011283132865692207,-1.36627197265625,-0.3790347154518955,0.01358490157606762
2024-03-19,174.3313446044922,174.85607994565953,171.31163124958826,172.6086191723699,55215200,174.32294540405275,174.23910864972805,39.084194661404176,184.6360716757207,164.0098191323848,0.01358490157606762,0.013493454073346551,0.01181879865347642,5.900787353515625,-0.26968078492993774,0.01470934869989704
2024-03-20,176.89564514160156,176.89564514160156,173.35119593354977,173.97494430389506,53423100,174.14225692749022,174.49211212514456,46.05761517865333,184.12019194766603,164.16432190731442,0.01470934869989704,0.014602215525361253,0.012307723648149796,9.455184936523438,-0.03245664237383905,-0.040857383913252
2024-03-21,169.66815185546875,175.72738555690037,169.14341639458797,175.2917526971676,106181300,173.49871368408202,174.03268733755638,37.28135386105389,182.83607747880416,164.16134988935988,-0.040857383913252,-0.04171550182201228,0.01484575890644482,2.3464813232421875,0.9875540730507963,0.005309922179058235
2024-03-22,170.56907653808594,171.33143385532912,168.37112227286767,170.05423645695066,71160100,172.99179611206054,173.70281964236872,45.1278085856141,181.7651184263944,164.2184737977267,0.005309922179058235,0.005295874249284361,0.014889086270039582,1.5346221923828125,-0.32982455479448824,-0.00830028228510038
2024-03-25,169.15330505371094,170.2324767040703,167.76719930445816,168.87608692531137,54288300,172.48141479492188,173.26953253868703,51.437575951818175,180.87403653703248,164.08879305281127,-0.00830028228510038,-0.008334921437774256,0.014904320192596347,-1.881134033203125,-0.23709635034239696,-0.006672601676891432
2024-03-26,168.0246124267578,169.71762191427138,167.89589862566189,168.3117257823714,57388400,171.84182891845703,172.7700163375509,51.15553250842586,179.4753057195006,164.20835211741345,-0.006672601676891432,-0.006694963011154204,0.014698781927988873,-3.48504638671875,0.05710438529112172,0.021212603620834214
2024-03-27,171.58885192871094,171.87598039200594,168.42063422483255,168.7176579392829,60273300,171.4403564453125,172.65752448908995,57.42847883717348,178.13912646030303,164.74158643032195,0.021212603620834214,0.020990748280078207,0.01567842392565115,2.1583251953125,0.05026974092325287,-0.01055903885437115
2024-03-28,169.77703857421875,170.51959037094832,168.81667037520143,170.0443614510728,65672700,170.98145904541016,172.38319249719746,51.28827827191868,176.69818321895568,165.26473487186465,-0.01055903885437115,-0.010615181060009696,0.01578840598341925,-1.5048980712890625,0.08958195419862536,-0.008455752694376373
2024-04-01,168.34144592285156,169.54933141950085,167.79690490268092,169.48992969134684,46240500,170.50474014282227,171.99826425202164,45.23472145120563,175.31977418285103,165.6897061027935,-0.008455752694376373,-0.008491705386029311,0.015826144217927097,-2.5642852783203125,-0.2958946411522596,-0.0069988239213046866
2024-04-02,167.1632537841797,167.65828830624176,166.55931106297376,167.40087579338118,49329500,170.1948486328125,171.53778706460812,42.49568729773505,175.03356968644943,165.35612757917556,-0.0069988239213046866,-0.007023430568385549,0.014944552986248267,-4.8315582275390625,0.06680291086817824,0.004797351689529217
2024-04-03,167.96519470214844,168.98496453257434,166.90582876011774,167.11373478373662,47691700,170.17158050537108,171.1975401729453,47.35329460141772,175.0503337169208,165.29282729382138,0.004797351689529217,0.004785881069017708,0.013603635327327822,-6.36614990234375,-0.03320122847383411,-0.004892272883319615
2024-04-04,167.14346313476562,170.21266810452119,167.14346313476562,168.59885072968464,53704400,170.15673065185547,170.81143759788057,42.23624104668292,175.0721558382347,165.24130546547624,-0.004892272883319615,-0.004904279225175616,0.013583168968325602,-9.752182006835938,0.12607434836669684,0.0045019524527945
2024-04-05,167.89593505859375,168.69788868535903,167.27218663455102,167.90583031188157,42104800,170.18544387817383,170.53377068937706,44.4322378649601,175.03743889854317,165.33344885780448,0.0045019524527945,0.004491848977080032,0.01361878637697194,-1.772216796875,-0.2159897513052934,-0.006663499111351667
2024-04-08,166.77716064453125,167.51971257536823,166.5692545639612,167.35140261724945,37425500,170.07257919311525,170.17599830415364,40.358562322083515,175.13764350762824,165.00751487860225,-0.006663499111351667,-0.006685799341805363,0.013490917853559,-3.7919158935546875,-0.1111345974805723,0.0072421469604317945
2024-04-09,167.9849853515625,168.3909172188155,166.67810228343993,167.02461732769677,42373800,169.92010650634765,169.96733040390686,37.76240442573645,175.0464795673152,164.7937334453801,0.0072421469604317945,0.0072160485440909685,0.013306368633678246,-1.1683197021484375,0.13221733844571215,-0.011139094113723047
2024-04-10,166.11378479003906,167.4107728345435,165.45044033625643,167.12365945587084,49709300,169.6503128051758,169.60032605972899,28.63849907189629,174.988047673828,164.31257793652358,-0.011139094113723047,-0.011201598416876346,0.013471496049512258,-1.91082763671875,0.17311404688746346,0.04327101448197035
2024-04-11,173.30169677734375,173.7175391133101,166.49003132152566,166.66823651643443,91070300,169.84387130737304,169.95283755664468,57.21024927996822,175.42333016393874,164.26441245080733,0.04327101448197035,0.04236098357155018,0.01652340114324094,1.7128448486328125,0.8320575827863197,0.0086266343825665
2024-04-12,174.7967071533203,176.58872985356905,172.47994902506244,172.52944039553972,101670900,170.01960983276368,170.41415847061378,58.195888182221566,175.99700736172832,164.04221230379903,0.0086266343825665,0.008589637591780648,0.016460444448331033,5.0196685791015625,0.1164001875474221,-0.021863777475176316
2024-04-15,170.97499084472656,174.87586450170738,170.78687534747343,173.61847284158247,73531800,170.0230728149414,170.46757107767215,53.23027004328095,176.00271173636034,164.04343389352246,-0.021863777475176316,-0.02210633181163224,0.017239586363986203,2.633544921875,-0.2767665084109613,-0.019167039193247137
2024-04-16,167.69790649414062,172.0343988146065,166.59892920522176,170.04436539186383,73711200,169.8082275390625,170.20379349828818,49.461689737585374,175.79833975755326,163.81811532057174,-0.019167039193247137,-0.01935310832208638,0.017695162116503328,0.5346527099609375,0.002439760756570708,-0.008147312390528016
2024-04-17,166.3316192626953,168.95529649982927,166.3316192626953,167.92563121825307,50901200,169.40824127197266,169.8350149996603,40.661296985164896,175.19143466582025,163.62504787812506,-0.008147312390528016,-0.008180683118216873,0.017409886162604693,-1.633575439453125,-0.3094509382563301,-0.005714398944142052
2024-04-18,165.38113403320312,166.96525061902096,164.89600984807865,166.36130787024413,43122900,168.83251571655273,169.41083585999772,41.944828126135896,173.69683208866294,163.96819934444252,-0.005714398944142052,-0.005730788589594149,0.016958856229323624,-1.7623291015625,-0.152811721531123,-0.012212575672944204
2024-04-19,163.3614044189453,164.7474951408098,162.4505426435407,164.55939469854349,68149400,168.51717834472657,168.83469953227845,41.06570337342431,173.93913164027268,163.09522504918047,-0.012212575672944204,-0.012287761947687171,0.014668118490370858,-4.5345306396484375,0.5803528983440354,0.005090765009289511
2024-04-22,164.1930389404297,165.59893510418706,163.13367296874276,163.8762247169617,48116400,168.19837646484376,168.39263661876905,44.60427985364231,173.85697394646303,162.5397789832245,0.005090765009289511,0.00507785087510481,0.014662615166887868,-2.5841217041015625,-0.29395710013587795,0.006391770684690545
2024-04-23,165.24252319335938,165.39104261951863,163.28219064755024,163.70792820716713,49537800,168.00283737182616,168.09262581634908,45.098056453132735,173.79128621676847,162.21438852688385,0.006391770684690545,0.006371429947986639,0.014687941078163683,-2.742462158203125,0.02954086340623996,0.012702258513773712
2024-04-24,167.3414764404297,167.6186945681344,164.55938480415762,164.88609429896647,48251800,167.96868057250975,168.02108778054725,50.34083143223792,173.76464569417138,162.17271545084813,0.012702258513773712,0.012622261543971582,0.014935651884507656,1.227691650390625,-0.025959973999652775,0.005147311120353049
2024-04-25,168.2028350830078,168.9156860278579,166.4801094484109,167.84640961058278,50558300,167.79937973022462,168.03839704744826,50.52628053397863,173.34239216822675,162.25636729222248,0.005147311120353049,0.005134108998707086,0.014139976134304611,-5.0988616943359375,0.04780132554640448,-0.003472812825077276
2024-04-26,167.6186981201172,169.63843239437367,167.49987955768663,168.19293999888993,44838400,167.69146270751952,167.99842572103577,51.47004651286767,173.15584069749835,162.2270847175407,-0.003472812825077276,-0.0034788570372051675,0.01397305906334723,-7.178009033203125,-0.11313473752084224,0.024807877681858548
2024-04-29,171.77696228027344,174.2818355072499,171.38094074443057,171.64824848286057,68169400,167.8632385253906,168.35828634572508,56.00504546476028,173.62172822740789,162.10474882337334,0.024807877681858548,0.02450515861402977,0.014929188901353875,0.801971435546875,0.5203352483585497,-0.01827071993746432
2024-04-30,168.6384735107422,173.2521991943247,168.31174889120035,171.60868084411632,65934800,167.93699951171874,168.38497083763147,53.84385927578642,173.69552937366018,162.1784696497773,-0.01827071993746432,-0.018439690852376216,0.015455131302622006,0.9405670166015625,-0.03278010368288409,-0.006047109947067031
2024-05-01,167.6186981201172,170.99483730573115,167.43058257791944,167.8959162536964,50383100,167.9196746826172,168.31199248358251,39.346671601822194,173.6799320256386,162.1594173395958,-0.006047109947067031,-0.006065467761653652,0.015488537219803165,1.287078857421875,-0.23586482403829234,0.022031834330612066
2024-05-02,171.3116455078125,171.69777183075684,169.19289835753364,170.79680537480178,94214900,168.12808380126953,168.59767372398537,43.96428841355421,174.06887865544093,162.18728894709812,0.022031834330612066,0.021792640347870578,0.01619406707673402,5.930511474609375,0.8699702876559798,0.05981617660157412
2024-05-03,181.55885314941406,185.14289799826793,180.84600228009177,184.796367814728,163224100,168.81122970581055,169.8320717645024,64.9930743731054,177.2547243967223,160.36773501489878,0.05981617660157412,0.05809547478488187,0.020821859502873713,18.19744873046875,0.732465883846398,-0.009106502162726016
2024-05-06,179.90548706054688,182.37074978323574,178.62828928930975,180.53913076567568,78569700,169.46764602661133,170.79144464983997,68.1271343740257,179.18975673431697,159.7455353189057,-0.009106502162726016,-0.009148219814608349,0.02089549450033069,15.712448120117188,-0.5186390980253528,0.003796939276960787
2024-05-07,180.5885772705078,183.0637497391675,179.5193160584302,181.62815272879564,77305800,170.0978256225586,171.7245048994274,71.6087054259048,180.9799851073819,159.21566613773527,0.003796939276960787,0.0037897490977264183,0.020881550270822623,15.346054077148438,-0.016086353899785744,0.0018642079591870697
2024-05-08,180.92523193359375,181.25195654794928,179.6480343404535,181.03414013837894,45057100,170.83839797973633,172.60076461696704,74.00626091677844,182.56235298195838,159.11444297751427,0.0018642079591870697,0.0018624724800574552,0.020591460119520632,13.583755493164062,-0.417157574205299,0.010014239550325765
2024-05-09,182.737060546875,182.82616313989396,180.30148392023486,180.74701199258516,48983000,171.3101661682129,173.56612613410115,80.11710969404334,184.15705274327365,158.46327959315215,0.010014239550325765,0.00996442931846323,0.018533832902411843,14.534225463867188,0.08713166182466248,-0.006890196408507299
2024-05-10,181.47796630859375,183.50044009541958,180.56586910059414,183.31206939842306,50759500,171.64422912597655,174.31963472214807,76.51497596346277,185.20072362824882,158.08773462370428,-0.006890196408507299,-0.006914043415283217,0.01860236888969791,13.859268188476562,0.036267684706939196,0.017645337642747894
2024-05-13,184.68020629882812,185.4931713127623,183.03445892506747,183.84742393900163,72044800,172.32948989868163,175.30635582468904,77.9699772440438,187.07680190777955,157.5821778895837,0.017645337642747894,0.017491466112370933,0.018019166323003127,12.903244018554688,0.4193362818782691,0.0061734076651782654
2024-05-14,185.8203125,186.68285108112164,184.69010361608505,185.8996272619275,52393600,173.2356101989746,176.30768503186152,77.34481230979327,188.97810986172095,157.49311053622824,0.0061734076651782654,0.006154430247586187,0.017174510131104163,17.181838989257812,-0.27276361375144353,0.012218096357998753
2024-05-15,188.09068298339844,189.01268886802714,185.76085876781028,186.2962297111884,70400000,174.32356338500978,177.4298753129603,78.25173363945501,191.03479602802196,157.6123307419976,0.012218096357998753,0.012144057881455596,0.016938553644039497,20.47198486328125,0.3436755634275943,0.0006323665736951423
2024-05-16,188.20962524414062,189.45881387860598,188.03117836935675,188.83421956137332,52845200,175.46498794555663,178.4565181635489,79.64226672190442,192.71429810004543,158.21567779106783,0.0006323665736951423,0.0006321667142052474,0.016760147831503605,16.897979736328125,-0.2493579545454545,0.00015801200307485885
2024-05-17,188.23936462402344,189.17129419091543,187.55528802161362,187.88245575005936,41282900,176.70888595581056,179.38821782645124,76.89596510664352,193.87096869634627,159.54680321527485,0.00015801200307485885,0.0001579995204932155,0.01624916459462454,6.680511474609375,-0.21879565220682295,0.006162224074906408
2024-05-20,189.3993377685547,190.2717851507536,187.38677266186554,187.70403175639103,44361300,177.9692008972168,180.3416578209373,86.26309308685015,194.96260156450518,160.97580022992844,0.006162224074906408,0.006143315212802152,0.01624348777112314,9.493850708007812,0.07456840483590055,0.006857214213925822
2024-05-21,190.69808959960938,191.07481584379752,189.28036268210627,189.44890089382775,42309400,179.2419792175293,181.32798465700128,89.92378606462744,196.03384067856922,162.45011775648936,0.006857214213925822,0.006833810449374253,0.016242468435831794,10.109512329101562,-0.04625428019467415,-0.007538413406104727
2024-05-22,189.26052856445312,191.16405275409193,188.63594934473116,190.61877317517173,34648500,180.33793182373046,182.08346502913957,83.67656018102863,196.71550651835352,163.9603571291074,-0.007538413406104727,-0.007566970853531189,0.01651719011541383,8.335296630859375,-0.18106850959833987,-0.0210581343243752
2024-05-23,185.27505493164062,189.35966699130785,185.0272019643745,189.33983451815809,51005900,181.1915428161621,182.38742597223492,59.11406000321833,196.66042569569427,165.72265993662992,-0.0210581343243752,-0.02128301954712243,0.017616282890755224,2.537994384765625,0.4720954731085041,0.016588116834975075
2024-05-24,188.34841918945312,188.94327235106317,186.4250777783575,187.19839293954828,36327000,182.2280288696289,182.95513961197,69.35813864966457,196.60727416727727,167.84878357198053,0.016588116834975075,0.016452036836805774,0.017680084022130067,6.870452880859375,-0.28778827547401375,5.273987285070447e-05
2024-05-28,188.3583526611328,191.34249703943843,187.47599667367734,189.86528785982966,52280100,183.05709838867188,183.4697313309379,68.38214058799745,196.79702679117156,169.3171699861722,5.273987285070447e-05,5.2738482152506934e-05,0.01715219156607171,3.6781463623046875,0.4391526963415642,0.001579115398882447
2024-05-29,188.65579223632812,190.59896650948673,187.88249204796585,187.98163930401122,53068000,184.05796432495117,183.96364189335603,68.32336325562218,196.19876748388475,171.9171611660176,0.001579115398882447,0.0015778699071719818,0.016302982977111292,2.835479736328125,0.015070743935072795,0.00525504163543955
2024-05-30,189.64718627929688,190.52954231443272,188.99286588586446,189.12173915319045,49889100,185.15938873291014,184.50493183487418,67.04151871525744,194.74965732644247,175.56912013937782,0.00525504163543955,0.005241282087757588,0.016066802904049153,1.5565032958984375,-0.05990238938720127,0.005018618975826783
2024-05-31,190.5989532470703,190.9162123421418,188.27905284340878,189.7959119633218,75158300,186.12375411987304,185.0853148265119,72.84008922778533,193.46651716271015,178.78099107703594,0.005018618975826783,0.005006067683534732,0.015635331514418427,2.3893280029296875,0.5065074334874753,0.009258677363141787
2024-06-03,192.3636474609375,193.31540952983562,190.86662095571478,191.24334718637152,50080500,186.66399383544922,185.77848936312387,70.73298472433812,194.18046798469737,179.14751968620106,0.009258677363141787,0.009216078547136816,0.009110538756806074,4.1242828369140625,-0.3336664081013009,0.0016492759748274466
2024-06-04,192.680908203125,193.64257895328527,191.37223723797064,192.96841099700254,47471400,187.30276489257812,186.4358625859811,69.37291886413931,194.56808044243948,180.03744934271677,0.0016492759748274466,0.0016479174127642673,0.008669145847406546,3.2815704345703125,-0.05209812202354214,0.007820924050424338
2024-06-05,194.18785095214844,195.20900403542353,193.19643901671662,193.72188613227584,54156800,187.98272857666015,187.17414719228276,67.99292502107363,195.14703968800163,180.81841746531867,0.007820924050424338,0.007790499154828682,0.008723612510730875,3.4897613525390625,0.14083005767683288,-0.007096488019490366
2024-06-06,192.80979919433594,194.8124556459051,192.5024638984892,194.0094143560484,41181800,188.57695693969725,187.71087595438306,62.636211144353844,195.22977802722815,181.92413585216636,-0.007096488019490366,-0.007121787854967978,0.00904556626147623,3.5492706298828125,-0.23958210233987232,0.012391912841288155
2024-06-07,195.19908142089844,195.2486550396786,192.4726987931798,192.9783133981505,53103900,189.20005798339844,188.42403837976548,66.92382586394211,195.88418182174524,182.51593414505163,0.012391912841288155,0.01231576155073182,0.009154460862058914,9.924026489257812,0.2894992448120286,-0.019147681618552403
2024-06-10,191.4614715576172,195.60558138834554,190.49980075281104,195.20900753042525,97010200,189.6992332458496,188.71331773003706,54.4558686213791,195.36943146436371,184.02903502733548,-0.019147681618552403,-0.019333372664281603,0.010223556267528584,3.1130523681640625,0.826799914883841,0.07264908186963592
2024-06-11,205.3709716796875,205.38089548057218,191.96709351098235,191.98691085726122,172373300,190.73377151489257,190.2997609633371,70.52135573832766,199.33885346096307,182.12868956882207,0.07264908186963592,0.07013136623411645,0.018497125040714258,17.012619018554688,0.7768574850891967,0.028578387172127462
2024-06-12,211.24014282226562,218.30889945026047,205.1231180281253,205.58908283581826,198134300,192.00476303100587,192.2940830451398,77.35015341616794,204.2804224189548,179.72910364305693,0.028578387172127462,0.028177642250046774,0.01920612644363869,22.5843505859375,0.14944889956855256,0.005491036659353243
2024-06-13,212.4000701904297,214.88850837078886,209.78274363476027,212.8957760920924,97862700,193.22023239135743,194.20893896373886,86.30577346074745,208.34697643091266,178.0934883518022,0.005491036659353243,0.005476015878905835,0.019161439156438555,22.752883911132812,-0.5060789575555571,-0.008168190880778803
2024-06-14,210.66514587402344,213.32212283006638,209.48536314811375,212.01346682824212,70122700,194.34300842285157,195.77619676471838,80.98005099833973,211.14459752048745,177.54141932521568,-0.008168190880778803,-0.008201733330875174,0.019397197293971487,20.066192626953125,-0.2834583554306186,0.019671376910190164
2024-06-17,214.80921936035156,217.06963733267014,210.8931452933454,211.5375569916551,93728300,195.67150115966797,197.5888655833501,82.93838574388425,214.51829117230636,176.82471114702957,0.019671376910190164,0.01948039588540103,0.019586971978752032,22.445571899414062,0.3366327879559685,-0.010984506955912021
2024-06-18,212.44964599609375,216.7523850703462,211.17073132176122,215.7213082393038,79943300,196.82401657104492,199.0041780036114,78.18230516875181,216.8387867514856,176.80924639060424,-0.010984506955912021,-0.011045282119043577,0.01998755771278423,19.76873779296875,-0.14707404273842584,-0.021512809647276865
2024-06-20,207.87925720214844,212.40010854906527,207.0563985691976,212.09275812722348,86172500,197.68307495117188,199.8494236415673,69.90697747260089,218.06231675659333,177.30383314575042,-0.021512809647276865,-0.0217475833377525,0.020904938448099642,13.69140625,0.07792022596014925,-0.010444468504045346
2024-06-21,205.70806884765625,210.07027533194446,205.33132746963062,208.58315742215362,241805100,198.50545196533204,200.40738985167104,66.06922324673963,218.78078968858597,178.23011424207812,-0.010444468504045346,-0.010499394750251386,0.021003068456996055,12.898269653320312,1.8060587774522032,0.0031326392945953963
2024-06-24,206.35247802734375,210.87331399723786,204.8157865138524,205.93608683303725,80727000,199.5593231201172,200.97358872554466,65.24093313002602,219.11756969497,180.0010765452644,0.0031326392945953963,0.003127742803415755,0.0201398605188502,11.153396606445312,-0.6661484807392399,0.004468216697492089
2024-06-25,207.27450561523438,209.5646648210329,206.81844945769743,207.35380525957078,55549700,200.50562744140626,201.57367604837225,65.69302895217692,219.6060470001136,181.40520788269893,0.004468216697492089,0.004458263853892413,0.019973139898092192,15.813034057617188,-0.31188202212394867,0.019993239075961844
2024-06-26,211.41859436035156,213.01476817493463,208.8310086144187,209.68362348048936,66213200,201.65863952636718,202.5112873161798,67.53436271373826,220.45321575848814,182.86406329424622,0.019993239075961844,0.019795998917311906,0.02021035806113834,6.0476226806640625,0.19196323292475026,0.003985917823852159
2024-06-27,212.26129150390625,213.88720639689362,210.52632069800987,212.84622088780682,49772700,202.8389144897461,203.4398591435823,70.0122920902048,221.1540084450717,184.52382053442048,0.003985917823852159,0.003977995099310788,0.020189928458313057,1.021148681640625,-0.2482964121957555,-0.016254041117535256
2024-06-28,208.81118774414062,214.2143951724623,208.49394377490637,213.91696855097956,82542700,203.79711456298827,203.9514142483974,63.705389803708535,221.18819560050184,186.4060335254747,-0.016254041117535256,-0.016387587129391132,0.02080094901718627,-3.5888824462890625,0.6583930548272448,0.02910450760523653
2024-07-01,214.88853454589844,215.64200216221636,210.10001313722785,210.26855134899324,60402900,205.0115936279297,204.9930447529213,72.52627328678568,221.90734220863328,188.11584504722612,0.02910450760523653,0.02868901399338926,0.02148649952120177,4.223388671875,-0.2682223867162087,0.01623993862074924
2024-07-02,218.37831115722656,218.4873670751859,213.25271326862932,214.2936836981781,58046200,206.31232681274415,206.2678320295218,65.64145547450667,223.11348892411365,189.51116470137464,0.01623993862074924,0.016109481334685347,0.021594738305328844,3.569091796875,-0.03901633861950338,0.005811003783563251
2024-07-03,219.64730834960938,219.64730834960938,217.14894613859082,218.11061688690268,37369800,207.66064682006837,207.54206786953014,61.367325633693554,224.1815892031822,191.13970443695453,0.005811003783563251,0.005794185025533637,0.02156477177194336,7.197662353515625,-0.35620591873369833,0.02162036779099341
2024-07-05,224.3961639404297,224.5052198536283,219.7464397478406,219.7464397478406,60412400,209.17106246948242,209.1472198762825,64.78500346410681,226.0259008997945,192.31622403917035,0.02162036779099341,0.021389962686034176,0.02181887235264458,16.51690673828125,0.6166102039614876,0.006538883683540053
2024-07-08,225.86346435546875,225.89320550199054,221.3327047505454,225.13972278278513,59085900,210.82374572753906,210.73924316001455,68.8560875828946,227.40353433432446,194.24395712075366,0.006538883683540053,0.006517597923313741,0.021550933994832138,20.1553955078125,-0.02195741271659457,0.0037749148977164193
2024-07-09,226.71607971191406,227.42989753320916,224.4259205051531,225.97252074204383,48076100,212.39959564208985,212.26084664114782,66.08627856484952,228.71552063242677,196.08367065175293,0.0037749148977164193,0.003767807786684971,0.021547974987355927,20.363601684570312,-0.18633548782366016,0.01880352522350659
2024-07-10,230.97914123535156,231.07828847688273,227.28117906796422,227.3307526887298,62627700,214.37547912597657,214.0435413644053,73.80896269419608,229.54613537807126,199.20482287388188,0.01880352522350659,0.01862892428944646,0.020711534844978015,23.704635620117188,0.3026784618552669,-0.023220755359770306
2024-07-11,225.61563110351562,230.39422897123262,223.83108651749725,229.40281699319425,64710600,215.38771209716796,215.14564514908253,72.33463903794178,230.72925805086638,200.04616614346955,-0.023220755359770306,-0.023494604732204067,0.015890470343421625,14.197036743164062,0.033258446342433245,0.01305077132027943
2024-07-12,228.56008911132812,230.64206011910093,226.71606240173486,226.9540066999144,53046500,216.2537094116211,216.42321124072498,78.22683395354727,232.53598625696554,199.97143256627663,0.01305077132027943,0.01296634377394876,0.015024925021231159,16.298797607421875,-0.18025022175655925,0.016743336666463327
2024-07-15,232.38694763183594,235.1926451763578,231.08820043911544,234.44908623752588,62631300,217.2530532836914,217.94356708749743,79.81385420419912,234.9329058566376,199.5732007107452,0.016743336666463327,0.016604712222338686,0.01528986295786136,23.575759887695312,0.1806867559593941,0.001791957838201963
2024-07-16,232.80337524414062,234.2409196318231,230.3347538954296,232.98182214446476,43234300,218.35996475219727,219.35878691193966,79.57736120706663,237.0465688327924,199.67336067160215,0.001791957838201963,0.0017903541972405345,0.015011160749148721,17.914840698242188,-0.3097013793422777,-0.025295991964869646
2024-07-17,226.9143829345703,229.47222770464353,224.6936146131452,227.4794799069808,57345900,218.9652229309082,220.07836748552353,67.25550459588558,237.94938306315146,199.98106279866494,-0.025295991964869646,-0.025621435576912915,0.016048059611741095,8.53607177734375,0.32639825323874794,-0.02053498402030629
2024-07-18,222.25469970703125,228.46094752609622,220.36111458394757,228.30231800055432,66034600,219.4554756164551,220.28563722090524,60.25638455741733,238.23650219231533,200.67444904059485,-0.02053498402030629,-0.020748758437837005,0.016614037354712872,2.607391357421875,0.15151388329418491,0.0005799933597350204
2024-07-19,222.38360595703125,224.8522270905052,221.36245288688534,222.88923571935766,49151500,220.18069305419922,220.48544376720295,64.94865424096609,238.18361307630178,202.17777303209667,0.0005799933597350204,0.0005798252285931748,0.015647488763054652,-2.0125579833984375,-0.25567051212546155,-0.001560367368705018
2024-07-22,222.03660583496094,225.8237912569016,221.17406723372827,225.06039989232605,48201800,220.99711990356445,220.6331734879418,59.010224728610005,237.66827917307273,204.32596063405617,-0.001560367368705018,-0.0015615860097177665,0.01535431634558874,-3.8268585205078125,-0.019321892515996475,0.004688417760198904
2024-07-23,223.07760620117188,224.9910392063895,220.7676144514488,222.44310313331528,39960300,221.83337631225587,220.86597660348752,56.31325855429284,237.02362429907083,206.6431283254409,0.004688417760198904,0.004677461361754141,0.015353958932271351,-3.6384735107421875,-0.17097909206710127,-0.028754315948423814
2024-07-24,216.6631622314453,222.86941075843336,215.26528287042115,222.07627816799848,61777600,222.3028091430664,220.46570856805494,46.47789565210501,236.11657279839758,208.48904548773524,-0.028754315948423814,-0.029175821015094007,0.017010319973270637,-14.31597900390625,0.5459743795717249,-0.004804624361154031
2024-07-25,215.62217712402344,218.95332167523742,212.77681471652627,217.0497975364767,51391200,222.51298828125,220.00441985909953,38.65097441686963,235.7451383025185,209.28083825998146,-0.004804624361154031,-0.004816203673164572,0.01655467884162888,-9.993453979492188,-0.1681256636709746,0.002161132799024079
2024-07-26,216.08816528320312,217.60502442671483,214.15489978899527,216.82180047841348,41601300,222.70433197021484,219.6314432328237,37.01955028350424,235.412599796824,209.99606414360568,0.002161132799024079,0.0021588009106125604,0.016543050242486704,-12.471923828125,-0.19049759491897444,0.0012845341690608247
2024-07-29,216.36573791503906,217.41663210574902,213.89711684474761,215.0967318967012,36311800,223.08205947875976,219.32042367874897,36.04280984130877,234.4276368194685,211.73648213805103,0.0012845341690608247,0.0012837098608709284,0.016036025837316576,-16.021209716796875,-0.12714746894928763,0.0025659840850451587
2024-07-30,216.92092895507812,218.43778796730905,214.2639371695869,217.3075789949067,41643800,223.18367919921874,219.0919003717327,28.93649437152122,234.2533080317184,212.11405036671908,0.0025659840850451587,0.002562697568781216,0.014709701500757516,-15.8824462890625,0.14683931944987583,0.014990858974981203
2024-07-31,220.17276000976562,221.89782218872546,218.7352157578384,219.53825698895486,50036300,223.2734016418457,219.1948393848787,41.29400784531185,234.20729209248643,212.339511191205,0.014990858974981203,0.014879606517217859,0.014642184355759508,-6.7416229248046875,0.20153059999327638,-0.01675070665527678
2024-08-01,216.48471069335938,222.55214689360594,215.15622233135366,222.44309097566543,62501000,223.1152717590332,218.9367318904483,31.133948460529126,234.35711074391654,211.87343277414985,-0.01675070665527678,-0.01689258636386748,0.015075137543160118,-5.769989013671875,0.24911314385755934,0.006869406976909742
2024-08-02,217.97183227539062,223.66254232334134,215.84030263063204,217.2679231335739,105568600,222.79405517578124,218.84483668901424,25.7020165050846,234.2469395832741,211.34117076828838,0.006869406976909742,0.006845920100064433,0.01426925470174011,-4.411773681640625,0.6890705748708021,-0.04816695160420703
2024-08-05,207.47279357910156,211.6664621054212,194.3167520967801,197.3802115476467,119548600,221.8745216369629,217.76178496426064,18.134269253346048,235.10494599714946,208.64409727677634,-0.04816695160420703,-0.04936562890192134,0.017544155058858726,-14.563812255859375,0.13242574022957587,-0.009748372004665495
2024-08-06,205.4502716064453,208.18657796978488,199.3431861620261,203.53685401433648,69660500,220.81123123168945,216.58925988256394,20.088475402613255,235.71558020010414,205.90688226327475,-0.009748372004665495,-0.00979619845688833,0.017485615596617626,-17.627334594726562,-0.4173039249309486,0.01249845054238996
2024-08-07,208.01808166503906,211.8052677945223,204.61753049861642,205.12314519344287,63516400,219.66317825317384,215.77295719518062,28.932098026685694,234.80517948002213,204.52117702632555,0.01249845054238996,0.012420989668882457,0.017090698362655716,-8.64508056640625,-0.08820063019932389,0.016633128367415484
2024-08-08,211.4780731201172,212.36042911915672,207.03655197769595,211.27979376271134,47161100,218.9563003540039,215.36392061660317,35.30985969338991,234.24752025851026,203.66508044949754,0.016633128367415484,0.01649631291601159,0.017187438032911687,-4.14410400390625,-0.25749727629399655,0.013735993558752435
2024-08-09,214.3829345703125,214.91829038971974,210.1496011292121,210.27848952903548,42201600,218.24744262695313,215.2704933740993,40.354883581586726,232.9678903450443,203.52699490886195,0.013735993558752435,0.013642509887181598,0.017221950079011856,-1.705230712890625,-0.10516082110044078,0.007129923557630757
2024-08-12,215.91146850585938,217.8767320905019,213.9958359256548,214.4623401059105,38028100,217.4236686706543,215.33153862474308,41.078891141348784,230.57256586307327,204.27477147823535,0.007129923557630757,0.007104625828735031,0.01676851563507511,-0.4542694091796875,-0.09889435471640884,0.01719310579651956
2024-08-13,219.6236572265625,220.2390393048837,217.380462936734,217.380462936734,44155300,216.7646827697754,215.74031182491635,53.9513638813094,227.82302983906646,205.70633570048432,0.01719310579651956,0.017046976914585166,0.017368872028476513,2.702728271484375,0.16112295907499985,0.002033591287475156
2024-08-14,220.07028198242188,221.37053243582614,218.06530765715263,218.9288446755302,41960600,216.42247772216797,216.15268993515497,56.03258424501591,226.54209833473124,206.3028571096047,0.002033591287475156,0.002031526339745476,0.016559100254769216,-0.10247802734375,-0.04970411253009266,0.013530570165032119
2024-08-15,223.04795837402344,223.67327566716008,221.1025352094067,222.9288560878089,46414000,216.46214065551757,216.80938216742814,58.83693184482143,226.6837137551439,206.24056755589123,0.013530570165032119,0.01343984942002915,0.016235881104142907,6.5632476806640625,0.10613289609776788,0.005918521493608608
2024-08-16,224.36807250976562,225.14226768918678,221.98592068094572,222.25391598005478,44340200,216.5613639831543,217.52925743812693,59.898598261199126,227.05974226182002,206.0629857044886,0.005918521493608608,0.005901075846388807,0.016284443125908585,6.396240234375,-0.04468048433662253,-0.0007078256491043211
2024-08-19,224.20925903320312,224.30852103873067,221.38045847347976,224.0405257400108,40687800,216.6699966430664,218.16544806622943,59.104681882817594,227.44815926408276,205.89183402205006,-0.0007078256491043211,-0.0007080762759528058,0.016279681534104896,16.736465454101562,-0.08237220400449252,0.0027446991508923713
2024-08-20,224.82464599609375,225.47973889834265,223.7725353535306,224.0901616619868,30299000,216.7573486328125,218.7996573928832,56.22097303685904,227.7797181218256,205.7349791437994,0.0027446991508923713,0.002740939342302288,0.016259874296038954,19.374374389648438,-0.2553296074007442,-0.00048567582102698736
2024-08-21,224.7154541015625,226.2836998547364,223.37550792716294,224.83457153469638,34765500,217.15996322631835,219.36306660323362,62.17209955572886,228.74189643308952,205.57803001954719,-0.00048567582102698736,-0.0004857937997297011,0.014738917332207911,16.697372436523438,0.14741410607610805,-0.008259686050446802
2024-08-22,222.859375,226.64102413052154,222.2340576918725,226.09511339685906,43695300,217.52182312011718,219.6960483553066,57.14995553460265,229.3510487177967,205.69259752243767,-0.008259686050446802,-0.008293986260495234,0.014841911774540863,11.381301879882812,0.25685809207403887,0.010288174603870104
2024-08-23,225.15219116210938,226.52192810531062,222.66087229355688,223.98097823318813,38677300,217.9750244140625,220.21568100357354,84.03469512807693,230.25877114275806,205.6912776853669,0.010288174603870104,0.010235611546731548,0.014964264093610813,10.769256591796875,-0.11484072657700028,0.0014988234276755996
2024-08-26,225.48965454101562,225.58891654674125,222.22414052811973,225.0727813784282,30602200,218.43122024536132,220.71796419761563,91.25443155752716,231.13386920432043,205.7285712864022,0.0014988234276755996,0.0014977013129365655,0.014963677287469359,9.57818603515625,-0.20878137822443654,0.0037415861342333656
2024-08-27,226.33334350585938,227.14724957253156,223.21670725505913,224.31844891527626,35934600,218.9018409729004,221.25276222697215,90.5861635458306,232.05822845569566,205.74545349010515,0.0037415861342333656,0.0037346038120536456,0.014967599973674873,6.709686279296875,0.17424891020906985,-0.006753463329221332
2024-08-28,224.8048095703125,228.149730282918,224.00082364270057,226.22416240429726,38052200,219.13344345092773,221.59105245014743,82.29632056514983,232.54464877369767,205.72223812815778,-0.006753463329221332,-0.006776371159071747,0.014780792586211396,4.734527587890625,0.05892927707557627,0.014570134898927556
2024-08-29,228.0802459716797,231.18696212304621,227.1770283167567,228.3879521456165,51906300,219.71322021484374,222.20907088076956,82.60868933460135,233.6351355564524,205.79130487323508,0.014570134898927556,0.01446501037218936,0.014439998057925504,5.03228759765625,0.3640814460136339,-0.0034379069042266286
2024-08-30,227.29612731933594,228.68570457235603,225.78743262658827,228.4772755570311,52990800,220.179434967041,222.6935524463473,78.0989833817527,234.4752910209817,205.8835789131003,-0.0034379069042266286,-0.003443830085628291,0.014467763617512043,2.9280548095703125,0.020893417562030114,-0.027205279993480214
2024-09-03,221.1124725341797,227.29611365629745,219.52437135882835,226.84946493362216,50190600,220.8614189147949,222.54297340709323,53.27505845501532,233.84622305482782,207.876614774762,-0.027205279993480214,-0.027582195409840964,0.01096158147591555,-3.0967864990234375,-0.05284313503476079,-0.008618762752463982
2024-09-04,219.20675659179688,220.1298295937355,215.86182100754215,220.01072730838987,43840200,221.5492431640625,222.2252384723031,48.21502242576787,232.3746208550275,210.72386547309748,-0.008618762752463982,-0.008656119086619325,0.01089380403652735,-5.617889404296875,-0.1265256840922404,0.006927847503684692
2024-09-05,220.7253875732422,223.80231295165626,219.87178579311316,219.9809679444758,36615400,222.18460845947266,222.0823955295354,44.8908774779976,230.96448300085942,213.4047339180859,0.006927847503684692,0.00690396022963689,0.010716070964829546,-3.9900665283203125,-0.16479851825493497,-0.007015055657756841
2024-09-06,219.17698669433594,223.56409767944487,218.13479623481732,222.28368749781316,48423000,222.5695541381836,221.80568992618305,38.69435207776835,229.9339301509104,215.2051781254568,-0.007015055657756841,-0.007039776842194427,0.010436413684735132,-3.6823883056640625,0.3224763350939768,0.0004076167452997659
2024-09-09,219.26632690429688,219.6236489368284,215.09757995493325,219.17700018247805,67180000,222.8137237548828,221.56384582886054,39.20212957444511,229.3076051819231,216.3198423278425,0.0004076167452997659,0.00040753369216270797,0.010055503158630135,-5.8858642578125,0.38735724758895573,-0.0036214743687437156
2024-09-10,218.47225952148438,219.83206111139577,215.1174037589381,217.29111136152258,51591000,222.94176330566407,221.26940903768187,36.23065789612946,228.94508094249227,216.93844566883587,-0.0036214743687437156,-0.003628047782142972,0.010007671175414668,-7.01739501953125,-0.23204822863947605,0.011585231192673628
2024-09-11,221.00331115722656,221.4301044903715,216.26879790334314,219.81224273641337,44587100,223.01074600219727,221.24406638240043,42.71814669965584,228.88382022833687,217.13767177605766,0.011585231192673628,0.011518636253436099,0.009589216062759672,-5.3300323486328125,-0.13575817487546282,0.0004939354816972941
2024-09-12,221.1124725341797,221.88666769221828,218.18442519080247,220.8444772424724,37455600,223.06285552978517,221.23153363495084,46.32108388320787,228.84385088321451,217.28186017635582,0.0004939354816972941,0.0004938135357212315,0.009581225478608697,-3.6923370361328125,-0.15994536536352444,-0.001212008120723529
2024-09-13,220.844482421875,222.37301734416337,220.25887596851652,221.91644846858938,36766600,222.95268173217772,221.19467161465792,40.08228983841345,228.81824136482788,217.08712209952756,-0.001212008120723529,-0.0012127431965711709,0.009061143221798912,-7.2357635498046875,-0.01839511314729969,-0.027775213662930454
2024-09-16,214.71047973632812,215.60377723416104,212.32832783334672,214.92882889414335,59357400,222.46980209350585,220.57712953100744,30.411325995039775,229.34752906422835,215.59207512278334,-0.027775213662930454,-0.028168239594902656,0.010782183729013205,-12.585647583007812,0.6144381041488742,0.0021727256097638925
2024-09-17,215.17698669433594,215.28616885496612,212.9040318988166,214.14473138540643,45519300,222.0181884765625,220.0628302132292,29.444086762163153,229.56830465788133,214.46807229524367,0.0021727256097638925,0.0021703686548696435,0.010821512966012694,-5.93548583984375,-0.2331318420281212,0.017989710420038163
2024-09-18,219.04795837402344,221.05293280374121,215.92138686335736,215.9313221513165,59894900,221.72935409545897,219.96617575235248,40.23569067139283,229.26939130363408,214.18931688728387,0.017989710420038163,0.017829810434849776,0.01167629862844275,-0.1587982177734375,0.3158132923836703,0.037065584565443066
2024-09-19,227.16709899902344,228.11004268622213,222.95865620671253,223.31597824995185,66781300,221.85193634033203,220.65197796632114,48.669764414664336,229.6709349770237,214.03293770364036,0.037065584565443066,0.036395171765807234,0.014484627603203947,6.44171142578125,0.11497473073667375,-0.002927532487892792
2024-09-20,226.50205993652344,231.35567496568984,225.9263736470506,228.25889437635817,318679900,222.0340705871582,221.20912863014996,48.83920748474731,230.1171233274656,213.9510178468508,-0.002927532487892792,-0.002931826092953033,0.014360697296992853,7.3250732421875,3.7719930579368777,-0.007580955560679947
2024-09-23,224.7849578857422,227.74278104335218,224.12986496132828,225.64847983003366,54146000,222.01570892333984,221.54968379734922,56.17491733594958,230.07055688633272,213.96086096034696,-0.007580955560679947,-0.007609837063132509,0.01430218704374812,5.5186309814453125,-0.8300928298270459,0.003973931519701379
2024-09-24,225.67823791503906,227.64351653597865,224.05044101841318,226.94871280288095,43556100,222.025138092041,221.94287942760542,61.26466865090643,230.09753129205092,213.9527448920311,0.003973931519701379,0.00396605631063945,0.014326387610345184,7.2059783935546875,-0.1955804676245706,-0.004398159870869889
2024-09-25,224.6856689453125,225.59882178569194,222.35316341740713,223.25638097071698,42308700,221.94275436401367,222.20409747691085,57.02211820727534,229.86220179083813,214.0233069371892,-0.004398159870869889,-0.004407860228927521,0.01433427472684829,3.6823577880859375,-0.028638927727689167,0.005080339558573899
2024-09-26,225.8271484375,226.79985253593196,223.73284722402752,225.608784129346,36636700,221.99387130737304,222.54914994934794,61.964293655774235,230.0037825930489,213.9839600216972,0.005080339558573899,0.0050674781752963055,0.014296664485155429,4.7146759033203125,-0.13406226142613697,0.0011865694473873756
2024-09-27,226.09510803222656,227.81224676693589,225.60876359989413,226.76013618443497,34026000,221.89461441040038,222.88686024295544,62.20719091487853,229.63150990921412,214.15771891158664,0.0011865694473873756,0.0011858660302411827,0.013902529655230655,5.2506256103515625,-0.071259147248524,0.02287207668243929
2024-09-30,231.26637268066406,231.26637268066406,227.94129216556473,228.32838978012126,54541900,222.0931266784668,223.68490904654675,69.77603474081891,230.58086694890304,213.60538640803057,0.02287207668243929,0.022614431919190426,0.01480967927414096,16.555892944335938,0.6029477458414154,-0.029141597013988885
2024-10-01,224.5269012451172,227.94129335648356,222.0752779583648,227.81227091446172,63285000,222.26384811401368,223.76509877974394,54.81944960408727,230.80571898867132,213.72197723935605,-0.029141597013988885,-0.029574647291485096,0.015008559010348371,9.34991455078125,0.16030061292327558,0.002519675193235038
2024-10-02,225.09263610839844,225.67824256269316,221.360617941662,224.20925878310885,32880600,222.55814208984376,223.89153090628247,55.37678117058836,231.06202299637917,214.05426118330834,0.002519675193235038,0.0025165061339125203,0.014843551515180983,6.044677734375,-0.48043612230386346,-0.004894631936951388
2024-10-03,223.9908905029297,225.12240767637772,221.65838486968212,223.46483520314058,34044200,222.72141723632814,223.90099372501078,54.15682743933883,231.20249907114936,214.2403354015069,-0.004894631936951388,-0.004906649879491466,0.014848496893657703,-3.17620849609375,0.0353886486256334,0.005007334394361962
2024-10-04,225.11248779296875,226.3035561118749,222.46235586119454,226.20429410810965,37245100,223.01819229125977,224.01637411243533,65.84036620503764,231.39176324613624,214.6446213363833,0.005007334394361962,0.004994839389247269,0.014756872342343592,-1.3895721435546875,0.09402188919111043,-0.022530782272209282
2024-10-07,220.04052734375,224.01076551273388,219.68320530273118,222.8296172342201,39505400,223.05690231323243,223.63772203922719,56.49523174505619,231.3643410266213,214.74946359984355,-0.022530782272209282,-0.022788478434021726,0.01570244980682074,-4.7444305419921875,0.060687177642159584,0.01840398053448067
2024-10-08,224.09014892578125,224.29857792676054,221.58889489724396,222.63108533790577,31855700,223.33779678344726,223.6808103141371,56.701838414395475,231.36780524324288,215.30778832365164,0.01840398053448067,0.01823667686936833,0.01617859154061437,-1.5880889892578125,-0.19363681927027698,0.016698384008903222
2024-10-09,227.83209228515625,228.0405364361267,223.15714569962594,223.55416342639623,33591100,223.67923583984376,224.0761705018532,51.00026761938556,231.8704015134452,215.48807016624232,0.016698384008903222,0.016560498850388693,0.01638715831985315,3.14642333984375,0.05447690680160844,-0.00217825702468466
2024-10-10,227.3358154296875,227.7923994519787,225.47973405841245,226.0851959438118,28183500,223.99040298461915,224.38661287593266,51.260515445414725,232.24360621958238,215.73719974965593,-0.00217825702468466,-0.002180632877289542,0.016407962017563945,1.5086669921875,-0.1609831175519706,-0.0065053414127963505
2024-10-11,225.85691833496094,227.70307961960657,225.6484741750507,227.5938974682738,31759200,224.24102478027345,224.5266419672687,51.632403815231555,232.39582723946995,216.08622232107695,-0.0065053414127963505,-0.006526593363848884,0.016496742851521504,-0.238189697265625,0.1268721060194795,0.01647993322955732
2024-10-14,229.5790252685547,230.00581860221664,226.89911753216435,226.99836439928595,39882100,224.98445205688478,225.00782132929595,55.46901273582847,232.12938906476845,217.8395150490011,0.01647993322955732,0.01634561284817792,0.015324734807723875,-1.687347412109375,0.25576525857074484,0.011024618277751363
2024-10-15,232.11004638671875,235.7229623804217,230.6410474142004,231.87182665313995,64751400,225.83110504150392,225.68422371571717,59.978712146381675,232.0336407744023,219.62856930860553,0.011024618277751363,0.010964290164964917,0.015413030550299977,7.5831451416015625,0.6235704739720325,-0.008851949740342313
2024-10-16,230.055419921875,230.39288648800354,228.1298522341637,229.87676649695567,34082200,226.3814781188965,226.10052811630362,55.546841408665195,231.9731059248132,220.78985031297978,-0.008851949740342313,-0.008891360997468364,0.015290392809736549,4.9627838134765625,-0.47364535747489633,0.0015964144381819256
2024-10-17,230.4226837158203,232.11004699556463,228.8048220166126,231.69315867439417,32993800,226.54425735473632,226.51216198292425,55.66236031372461,232.41477482742505,220.67373988204758,0.0015964144381819256,0.0015951415232058656,0.01295718105266505,6.431793212890625,-0.031934558215138686,0.012276619644776776
2024-10-18,233.25149536132812,234.4227083661851,232.2688559498539,234.4227083661851,46431500,226.88172912597656,227.15400325705795,52.767023970509356,233.4736963311791,220.28976192077403,0.012276619644776776,0.012201873084757163,0.013171729248814334,8.139007568359375,0.40727954949111655,0.006297767226620898
2024-10-21,234.720458984375,235.08771628667242,232.7055644739604,232.7055644739604,36254500,227.3785041809082,227.87461808823102,66.65582947175157,234.755854686893,220.00115367492342,0.006297767226620898,0.0062780191597181685,0.013030081701732987,14.679931640625,-0.21918309768153088,-0.002621721629057161
2024-10-22,234.10508728027344,234.4624093106695,230.86934872103873,232.14974382855843,38846600,227.79984664916992,228.4679961065208,64.70210465317729,235.71153823255423,219.8881550657856,-0.002621721629057161,-0.002625164359778162,0.013067455275529695,10.014938354492188,0.07149733136576142,-0.02162301363855812
2024-10-23,229.04302978515625,233.39044533687328,226.0653512199268,232.33833466706656,52287000,228.0177146911621,228.5227612187718,57.29856033435689,235.8073660513665,220.2280633309577,-0.02162301363855812,-0.02186021659325295,0.014037156181405787,1.2109375,0.3459865213429232,-0.0008233534729275016
2024-10-24,228.8544464111328,229.10258628095696,226.71051430099084,228.26882480795348,31109500,228.16907958984376,228.55435028471092,55.55557569268842,235.8969101875532,220.44124899213432,-0.0008233534729275016,-0.0008236926145666017,0.01401009669465373,1.5186309814453125,-0.4050241933941515,0.0036431692992595632
2024-10-25,229.68820190429688,231.484732210271,227.86189602437614,228.03062932515897,38802300,228.34873428344727,228.66233615324293,66.38570615559567,236.04053231708141,220.65693624981313,0.0036431692992595632,0.003636549032284828,0.014024797822433564,3.8312835693359375,0.2472813770713127,0.008599370511064741
2024-10-28,231.6633758544922,232.98348177622344,230.81970938626554,231.5839844241638,36087100,228.36858444213868,228.94814945812382,63.83750710249847,236.09406109314787,220.6431077911295,0.008599370511064741,0.008562606538802668,0.013184972032126851,2.0843505859375,-0.0699752334268845,0.001156808284072497
2024-10-29,231.93136596679688,232.5864588417728,230.59141979007921,231.36561495313973,35417200,228.73880767822266,229.23226531609268,58.57915302539289,236.3985146613575,221.07910069508782,0.001156808284072497,0.001156139696937863,0.011236691559897032,-0.178680419921875,-0.018563420169534273,-0.015277909906239895
2024-10-30,228.387939453125,231.7328600109945,227.8420287171323,230.87925826342104,47070900,228.903572845459,229.1518533291434,51.95285859618038,236.3724326578104,221.43471303310758,-0.015277909906239895,-0.015395819656392546,0.011854741409137864,-1.66748046875,0.32904069209310727,-0.018209493659384512
2024-10-31,224.22911071777344,228.11994197442104,223.693120129287,227.63358238786932,64370100,228.91548385620118,228.6830206994891,47.251994287610174,236.35204614489456,221.4789215675078,-0.018209493659384512,-0.01837732705189544,0.0125447987424958,-6.193572998046875,0.367513686800125,-0.013279615577432402
2024-11-01,221.25143432617188,223.67328184782377,218.6310779402587,219.32586653780092,65276700,228.72243118286133,227.975250568697,35.579205150251795,236.75153833841256,220.6933240273101,-0.013279615577432402,-0.013368578142622366,0.012833565922381631,-12.00006103515625,0.014084178834583128,-0.0040375356191276746
2024-11-04,220.35812377929688,221.13231895883285,218.0752491010658,219.34572401852256,44944500,228.73831100463866,227.24980992208745,28.42562837268507,236.69605875321997,220.78056325605735,-0.0040375356191276746,-0.004045708472273717,0.011809792719557146,-14.362335205078125,-0.311477142686441,0.006486079248604115
2024-11-05,221.78738403320312,222.28366370888506,219.49457435479323,220.14966716155428,28111300,228.62317276000977,226.72957888505084,34.4646961140954,236.92335852313226,220.32298699688727,0.006486079248604115,0.006465135151196762,0.011120189556986992,-12.317703247070312,-0.37453303518784276,-0.003266791229866395
2024-11-06,221.06285095214844,224.387931303672,219.54423614319148,220.95366880237512,54561100,228.2847106933594,226.1898905104887,32.64624371519521,237.2464266204001,219.3229947663187,-0.003266791229866395,-0.00327213884186687,0.010369877914940059,-7.9801788330078125,0.9408956540608224,0.02137210678805812
2024-11-07,225.7874298095703,226.18446269494834,222.89909318788202,222.95864433437472,42137700,228.20729141235353,226.15156091992506,37.070066118664684,237.23006736966607,219.18451545504098,0.02137210678805812,0.021146926054968325,0.011553102024183587,-3.0670166015625,-0.22769702223745492,-0.0011881297853209016
2024-11-08,225.5191650390625,227.20836966100222,224.97265364792685,225.72782337627459,38328800,228.1904037475586,226.09133274079528,33.36883794562334,237.23294501026413,219.14786248485308,-0.0011881297853209016,-0.0011888361710883652,0.011463089784326768,-4.169036865234375,-0.0903917394637106,-0.012028722787535084
2024-11-11,222.80645751953125,224.26712634517858,220.0937933412938,223.5715733715174,42005600,227.8517753601074,225.77848748162728,31.01718092189087,237.1781510636664,218.52539965654842,-0.012028722787535084,-0.012101653304160484,0.011070130077221428,-8.856918334960938,0.09592786625200889,0.0
2024-11-12,222.80645751953125,224.15782408060912,221.94198562097503,223.1244332571579,40398300,227.38659591674804,225.4954370090467,37.37438326864836,236.74670859673301,218.02648323676306,0.0,0.0,0.010684683818713027,-9.124908447265625,-0.038263945759613005,0.003969224708879171
2024-11-13,223.69082641601562,225.2111120360391,221.34580821096,222.58787261698694,48566200,227.06836624145507,225.3235693335199,39.832942057296755,236.4790690808266,217.65766340208353,0.003969224708879171,0.0039613681193352126,0.010635758969992908,-4.697113037109375,0.2021842503273652,0.013770445194280168
2024-11-14,226.77114868164062,227.41701609796436,223.57158960851197,223.59146688403666,44923900,226.8857894897461,225.46143403334094,44.723215291226225,236.16322691753186,217.60835206196032,0.013770445194280168,0.013676494129966283,0.011149118247858228,2.5420379638671875,-0.07499660257545371,-0.01410917774135001
2024-11-15,223.57159423828125,225.47940335635096,222.8462328667566,224.96270031544069,47923700,226.40179443359375,225.2814492909543,35.983316461250155,235.2824436448019,217.5211452223856,-0.01410917774135001,-0.014209658442695373,0.011088842916897768,2.320159912109375,0.0667751464142694,0.013422205914992658
2024-11-18,226.57241821289062,228.28149999782985,223.74050538640262,223.8199993254601,44633700,225.99439239501953,225.40439871209108,41.52002333415749,233.9696511580808,218.01913363195825,0.013422205914992658,0.013332926109904214,0.011478982697462885,6.21429443359375,-0.06865079282275788,0.0011401709919756087
2024-11-19,226.83074951171875,228.69881907074455,225.22103903072198,225.53899960732684,36211800,225.63067550659179,225.54024164538893,47.25000161682185,232.65533726373678,218.6060137494468,0.0011401709919756087,0.0011395214906782835,0.011493935622375988,5.043365478515625,-0.18868926394181973,0.003154131893945644
2024-11-20,227.54620361328125,228.4702922716314,224.45594670445817,226.61216873586113,35169600,225.55583419799805,225.73128564233107,56.66908205594827,232.45825112918268,218.65341726681342,0.003154131893945644,0.003149168054939831,0.010505223157003734,6.4833526611328125,-0.028780673703047044,-0.0020960313209054116
2024-11-21,227.0692596435547,228.6988476019872,224.27710117470866,227.42697481306035,42108300,225.46657485961913,225.8587117376857,63.00453156645672,232.2342414409828,218.69890827825546,-0.0020960313209054116,-0.0020982310689191806,0.010512569276459357,1.281829833984375,0.19729254810973118,0.005907449333256487
2024-11-22,228.41065979003906,229.25526960886552,226.6121530455377,226.6121530455377,38168300,225.40269775390624,226.10175440933838,67.64626614637147,232.02514955816778,218.7802459496447,0.005907449333256487,0.005890068770714481,0.010569748746425021,2.8914947509765625,-0.09356825138986846,0.013050799709615646
2024-11-25,231.3916015625,231.76919395430343,228.28148292479264,229.99056458191066,90152800,225.38910903930665,226.60554937630616,69.7064363342175,231.95837252458068,218.8198455540326,0.013050799709615646,0.012966371797554901,0.010809512444277247,8.58514404296875,1.361981015659592,0.009404476777311155
2024-11-26,233.56771850585938,234.07449047305911,231.84870566104107,231.84870566104107,45986200,225.47092666625977,227.2686131029303,74.21564693430221,232.41342663505642,218.52842669746312,0.009404476777311155,0.009360530001678743,0.011011532652573541,10.761260986328125,-0.4899082446690508,-0.0005530768936284902
2024-11-27,233.43853759765625,234.1937224347506,232.32565277909848,232.9814664022851,33498400,225.72345657348632,227.85622495957082,68.02431121460455,233.43729084301063,218.009622303962,-0.0005530768936284902,-0.0005532298970713366,0.010381722722212133,9.747711181640625,-0.27155537965737553,0.010215883411244464
2024-11-29,235.8233184814453,236.3002669685808,232.48464874765904,233.31931239062584,28481400,226.30316696166992,228.6149957711779,72.07314514036025,235.19660918488614,217.4097247384537,0.010215883411244464,0.010164053964483975,0.009500923384507145,9.052169799804688,-0.14976834714493825,0.009522535772919394
2024-12-02,238.06895446777344,239.26133321145704,235.654388648958,235.76369091824088,48137100,227.14404296875,229.51537278990125,83.36231814449178,237.13841557565192,217.14967036184808,0.009522535772919394,0.009477482219375487,0.00884475649172855,14.497360229492188,0.6901240809791653,0.0127718170011486
2024-12-03,241.10952758789062,241.21882985808793,237.3833345065081,238.28756099978403,38861000,228.18161315917968,230.61957800875737,85.31443867144627,239.4386163265824,216.92460999177695,0.0127718170011486,0.0126909452049901,0.0088687406044063,14.537109375,-0.19270167916222625,0.001483607037725987
2024-12-04,241.4672393798828,242.5602620666903,239.71841824290905,241.32812877991805,44383900,229.16560592651368,231.65268861553122,85.0097937688911,241.4617536682747,216.86945818475266,0.001483607037725987,0.0014825075801124887,0.008881715249772035,14.636489868164062,0.14211934844702911,0.00012354028933203587
2024-12-05,241.4970703125,242.98754766386446,240.59285890906452,242.44105143123323,40033900,230.18731689453125,232.5902487771473,82.9626558170799,243.03222121942258,217.34241256963992,0.00012354028933203587,0.0001235326588589325,0.008761289165484278,13.95086669921875,-0.09800851209560224,-0.0008229736587772596
2024-12-06,241.29832458496094,243.0769692456264,240.5431549096241,241.36788746709487,36870600,230.96286163330078,233.41958933027243,95.83755183529496,244.54129683109932,217.38442643550223,-0.0008229736587772596,-0.000823312487509616,0.007867316493171525,14.22906494140625,-0.07901553433465136,0.01610120119058589
2024-12-09,245.1835174560547,245.67041216886827,240.21525975684386,240.29475369946152,44649200,231.9460792541504,234.5399634374898,96.01959865468652,246.6647385045818,217.22742000371898,0.01610120119058589,0.01597295166684451,0.008280644114428892,16.772857666015625,0.21097025814605685,0.00413377928669334
2024-12-10,246.19705200195312,246.63426111556626,243.78247081974237,245.3226337747269,36914800,233.1156089782715,235.65016234839106,96.16290556534365,248.47952063351838,217.75169732302462,0.00413377928669334,0.004125258694524911,0.0073473694979736635,14.805450439453125,-0.17322594805730007,-0.005166172185906537
2024-12-11,244.92515563964844,249.2077910379196,244.69660488558225,246.38582450957213,45205800,234.22154388427734,236.53349504279655,90.35519181832161,249.64511715880633,218.79797060974835,-0.005166172185906537,-0.005179562992819888,0.007619277252547511,11.357437133789062,0.22459826411087147,0.005963773287277263
2024-12-12,246.38583374023438,247.1608807008323,244.12029436088807,245.32261935264157,32777500,235.35629425048828,237.47181301398112,92.89479765495659,250.85693721892628,219.85565128205027,0.005963773287277263,0.005946060380318725,0.007621280867680102,12.947296142578125,-0.274927111122909,0.0006856321694574952
2024-12-13,246.5547637939453,247.7073880681415,244.676762972136,246.24673423955153,33155300,236.34547500610353,238.33685594540628,92.50448961383601,252.0628043855062,220.62814562670084,0.0006856321694574952,0.0006853972311029933,0.00737473984882076,10.7314453125,0.011526199374571,0.011727596362295811
2024-12-16,249.44625854492188,249.78411156803347,246.07778066556844,246.41563368868003,51694800,237.63920822143555,239.39489428821727,92.47294536233902,253.18809337496862,222.0903230679025,0.011727596362295811,0.01165936107652652,0.006158216156666438,11.377304077148438,0.5591715351693394,0.009719587636433547
2024-12-17,251.8707733154297,252.21855739876366,248.19426586582333,248.49236434269267,51356400,238.9041259765625,240.58307324318986,92.55989741704697,254.77505574467696,223.03319620844806,0.009719587636433547,0.00967265630162667,0.005960263484669545,10.761245727539062,-0.006546112955268191,-0.021421669861448778
2024-12-18,246.47528076171875,252.66572594292316,246.16725119368886,250.55918941684527,56774100,239.8863525390625,241.14423586400213,74.35043725995163,255.02585152759772,224.74685355052728,-0.021421669861448778,-0.02165444410971981,0.008420891894499044,5.0080413818359375,0.1054922073977147,0.007014608552068813
2024-12-19,248.20420837402344,250.4001849209636,245.52135228225407,245.92875304737495,60882300,240.91925277709962,241.8166141982899,73.7062275908171,255.314360373336,226.52414518086323,0.007014608552068813,0.006990120634247171,0.008439993561030677,6.7071380615234375,0.07236046013939457,0.01881582123937009
2024-12-20,252.87437438964844,253.38113119374523,244.13023820234332,246.46531011815415,147495300,242.2095085144043,242.86973421651453,75.94011696856991,255.99048898886466,228.42852803994393,0.01881582123937009,0.01864099329132848,0.00887835069877164,11.5760498046875,1.422630222577005,0.0030648594422948428
2024-12-23,253.64939880371094,254.02697602810866,251.84094596601008,253.15257310041957,40858800,243.4714454650879,243.89636893910466,73.86533981580594,256.53575139538077,230.40713953479505,0.0030648594422948428,0.0030601723350356315,0.008893111649312611,8.46588134765625,-0.7229823594378939,0.011478258023877252
2024-12-24,256.56085205078125,256.5707679464462,253.6693071300515,253.86804957710976,23234700,244.72990798950195,245.10251018783578,76.18066065226748,257.743640027452,231.7161759515519,0.011478258023877252,0.011412882608564084,0.008827611421083738,10.363800048828125,-0.4313415959352698,0.0031755732672802406
2024-12-26,257.3755798339844,258.44874034869076,255.99442012888886,256.55086249805703,27237100,245.9203010559082,246.27137396365944,76.81204304710158,258.99035225113323,232.8502498606832,0.0031755732672802406,0.0031705417835750154,0.008781716455955128,12.450424194335938,0.1722595944858336,-0.01324213869551416
2024-12-27,253.96737670898438,257.05764856283577,251.45343969164696,256.19314630806485,42355300,246.9467430114746,247.00432660607132,69.30067176312133,259.0803325566668,234.81315346628242,-0.01324213869551416,-0.01333059760546277,0.009615355705886787,7.58154296875,0.555059092194103,-0.013263393440257065
2024-12-30,250.59890747070312,251.890657464443,249.15811581542044,250.6287158030117,35557500,247.6855224609375,247.34666764079813,58.38204514504429,258.71663451926645,236.65441040260856,-0.013263393440257065,-0.01335213781759899,0.01026239922777962,4.0441436767578125,-0.16049467244949278,-0.007057920935259476
2024-12-31,248.8302001953125,251.6720440162376,247.84647977817443,250.83738041728796,39480700,248.22358474731445,247.48795645551377,53.982536161444955,258.28704124856006,238.16012824606887,-0.007057920935259476,-0.007082945878119779,0.010384670625833018,-0.616058349609375,0.11033396611122837,-0.026235922286754865
2025-01-02,242.30191040039062,247.51858047528103,240.28479918438643,247.34964638751123,55740700,248.28320388793946,246.9940473074068,46.576745597500924,258.181984499064,238.3844232768149,-0.026235922286754865,-0.02658622468654093,0.01186493833403755,-9.568862915039062,0.41184680109521876,-0.002009446394338199
2025-01-03,241.8150177001953,242.6298040057451,240.3543488544026,241.8150177001953,40244100,248.30059280395508,246.50080639243427,43.8796763156572,258.1500580465624,238.45112756134776,-0.002009446394338199,-0.002011468040457724,0.011872520242222009,-4.6602630615234375,-0.27801229622161183,0.006739006166805561
2025-01-06,243.44461059570312,245.75982034447205,241.65603491404494,242.75898865424097,45045600,248.39796981811523,246.20974012607894,45.992272678116734,257.9996126127811,238.79632702344938,0.006739006166805561,0.006716400567433074,0.011963863540335032,-4.7595977783203125,0.1193094142992388,-0.011387652273174287
2025-01-07,240.67234802246094,243.9911405526811,239.81780708502322,241.4374487975533,40856000,248.36667098999024,245.6823694495439,38.65913563548105,258.06930777813574,238.66403420184474,-0.011387652273174287,-0.011452988073152199,0.012253674342112806,-12.2020263671875,-0.09300797414175854,0.002022988703965334
2025-01-08,241.1592254638672,242.1628232218062,238.52605495049286,240.38417847646193,37628900,248.16545639038085,245.2515938318604,35.42451682345525,258.3031979777906,238.0277148029711,0.002022988703965334,0.0020209452178193013,0.011666850445280841,-12.49017333984375,-0.07898717446641867,-0.02410385171770446
2025-01-10,235.3463592529297,238.63534322792128,231.52079498772144,238.48628640867517,61710900,247.6229217529297,244.3082381576765,35.02666210630436,259.25539291428214,235.99045059157723,-0.02410385171770446,-0.024399103678973594,0.01270555159799224,-21.214492797851562,0.6399868186420543,-0.010344173195219075
2025-01-13,232.91189575195312,233.180185891021,228.26161420500546,232.04742383507855,49630700,247.02225875854492,243.22287221427428,29.808394752504014,260.3573233676402,233.68719414944962,-0.010344173195219075,-0.01039804598980548,0.012821954030393136,-24.46368408203125,-0.19575472080296996,-0.004778135173780784
2025-01-14,231.79901123046875,234.62097773623856,230.9941559742804,233.2596800887061,39435300,246.29291763305665,242.13488545391183,19.287490321699806,261.2691599596086,231.3166753065047,-0.004778135173780784,-0.004789586954984799,0.012675865330123843,-22.168365478515625,-0.20542527105199004,0.019675956706457276
2025-01-15,236.35987854003906,237.4429702030776,232.94171493841435,233.1503884256181,39832000,245.78317337036134,241.58488479544775,27.30829063690574,261.4021033863223,230.16424335440036,0.019675956706457276,0.01948488731870582,0.013638796192422892,-14.239028930664062,0.010059515205919523,-0.04040017608687774
2025-01-16,226.81089782714844,236.4990004602556,226.58236221549976,235.8432019589194,71759100,244.65140533447266,240.1778384175145,16.748001922438675,262.3010852126306,227.00172545631472,-0.04040017608687774,-0.04123893151690381,0.01569854564226348,-22.019302368164062,0.8015439847358907,0.007535246075507596
2025-01-17,228.5199737548828,230.8153063545454,227.02949646555186,230.6463874145182,68488300,243.4838653564453,239.06756559250195,18.37979737852828,262.1810028678039,224.7867278450867,0.007535246075507596,0.00750699792456,0.015600775844180806,-13.781936645507812,-0.045580281803980216,-0.03191579220080276
2025-01-21,221.22657775878906,222.99527628303537,217.9872792040061,222.57794445660952,98070400,242.22143020629883,237.3684238940531,16.937587155327165,263.3231011440032,221.1197592685945,-0.03191579220080276,-0.03243620396100727,0.01634998931004136,-20.58843994140625,0.43192924922943043,0.005344969636105645
2025-01-22,222.40902709960938,222.6971793763667,218.39466636780546,218.39466636780546,64126500,240.93167114257812,235.94371943743943,20.21835390187583,263.58954100173474,218.2738012834215,0.005344969636105645,0.005330735982338231,0.016288158631712048,-21.03558349609375,-0.3461176868861553,-0.0007595467500304265
2025-01-23,222.24009704589844,225.58869773276695,220.88873040600683,223.3132424800993,60234800,239.39995727539062,234.63861254300696,20.925688204726413,262.78854828661565,216.0113662641656,-0.0007595467500304265,-0.0007598353518101169,0.015319280977270505,-18.4322509765625,-0.06068785915339214,-0.003934505603846894
2025-01-24,221.36569213867188,224.19760513427786,220.00439436057442,223.35299524803202,54697900,237.78577194213867,233.37452488545125,23.878016331808496,261.4876512788182,214.08389260545914,-0.003934505603846894,-0.003942266133607039,0.015172776113579176,-19.793533325195312,-0.09192194545345878,0.03178021567167488
2025-01-27,228.40074157714844,230.67619691244207,222.55806572164707,222.59782027357136,94863400,236.37776641845704,232.90083123704147,35.61382275335747,258.6883785745422,214.0671542623719,0.03178021567167488,0.03128567506779453,0.017017984373272958,-6.94561767578125,0.7343152113700893,0.036544013079224946
2025-01-28,236.74742126464844,238.66517670855166,229.34471998625472,229.38447454034346,75707600,235.34635848999022,233.2671731444326,43.72207411696351,255.3586107916252,215.33410618835524,0.036544013079224946,0.035892115165558194,0.019398758723352855,3.8355255126953125,-0.2019303545940795,0.004616679897539777
2025-01-29,237.8404083251953,238.33723404319062,232.52436707787834,232.63366934231402,45486100,234.54001007080078,233.7027193521243,47.25905486320824,252.597244573647,216.48277556795455,0.004616679897539777,0.004606055717311958,0.019361428777319015,6.0413970947265625,-0.39918713576972453,-0.007394700325762837
2025-01-30,236.08164978027344,239.26133146080375,235.7040725307193,237.1547951903121,55658300,233.81414718627929,233.92928415480517,45.203661754692654,250.24744834890208,217.3808460236565,-0.007394700325762837,-0.0074221766588497716,0.019243346263221616,-0.278228759765625,0.22363315386458726,-0.0066921551124439205
2025-01-31,234.5017547607422,245.62071750771995,231.95800933839706,245.62071750771995,100959800,233.09772491455078,233.98380516489442,49.13282862179409,247.94770685683812,218.24774297226344,-0.0066921551124439205,-0.0067146479891791785,0.019239263197521013,7.69085693359375,0.8139217331467186,-0.03385590878682998
2025-02-03,226.56248474121094,230.35824094469035,224.2671520837408,228.52992572925916,73063300,232.3107536315918,233.27701274359123,44.14300187850707,246.77002627232997,217.85148099085364,-0.03385590878682998,-0.03444229314672258,0.019795521059928527,-1.957489013671875,-0.27631294832200537,0.02100788126400066
2025-02-04,231.32208251953125,231.64998934854387,225.21111642561868,225.80731341689966,45067300,231.7861068725586,233.09082891272837,49.58779093076744,245.5374821975981,218.0347315475191,0.02100788126400066,0.020790258314342846,0.02052204526788063,10.095504760742188,-0.38317458970509133,-0.0014174873172186908
2025-02-05,230.9941864013672,231.19291368703577,226.82085275464706,227.0791967098242,39620300,231.1635856628418,232.8911486735511,44.99631175673077,243.77254080680854,218.55463051887506,-0.0014174873172186908,-0.001418492902748086,0.020419715407722198,8.585159301757812,-0.12086368608725173,0.003226159110898852
2025-02-06,231.73941040039062,232.31573010563136,228.96711414866223,229.8216550685821,29925300,230.7169387817383,232.7814593142025,55.498901054000726,242.51441804368113,218.91945951979545,0.003226159110898852,0.00322096622531368,0.020343361716994583,9.499313354492188,-0.24469779380771983,-0.023968751732536098
2025-02-07,226.18490600585938,232.5144614947352,225.81724462416,231.12335539671392,39707200,229.96822280883788,232.15321614197936,47.600581889975885,240.8396620997334,219.09678351794236,-0.023968751732536098,-0.024260676414083616,0.020915699109508346,4.8192138671875,0.32687725770501874,0.0011873236470210102
2025-02-10,226.45346069335938,229.378010419489,226.00582893863492,228.36338248973718,33115600,229.52357788085936,231.61038228972984,56.27715051901402,240.19443274812656,218.85272301359217,0.0011873236470210102,0.0011866193357414547,0.020328385889661193,-1.9472808837890625,-0.16600515775476488,0.021831762511779873
2025-02-11,231.3973388671875,233.99362125199642,226.93094812871882,227.000572314181,53718400,229.4478500366211,231.5900924399639,59.89997472309691,240.03865558425767,218.85704448898454,0.021831762511779873,0.02159686229322903,0.020876361033230345,-5.3500823974609375,0.622147869886096,0.018270137217260674
2025-02-12,235.625,235.71453849328682,229.4675323792709,229.98480349517558,45243300,229.63914947509767,231.97436935044354,63.53258104417685,240.54237771177065,218.73592123842468,0.018270137217260674,0.018105243650625984,0.0212386045721383,-2.2154083251953125,-0.15776903258473818,0.01967333077751987
2025-02-13,240.26052856445312,241.06626881430705,234.33186254170715,235.66481592241834,53614100,229.83418197631835,232.76352737082541,67.75313760741844,241.36507023784824,218.30329371478845,0.01967333077751987,0.019482312057122607,0.021238483270818464,4.1788787841796875,0.1850174500975834,0.012710570000191712
2025-02-14,243.3143768310547,244.25938055012708,239.7233505557091,239.9819785190441,40896200,230.65935592651368,233.76837017656152,65.14557967506535,243.55997802320564,217.75873382982172,0.012710570000191712,0.012630468746277242,0.018986021123346044,8.8126220703125,-0.23721185285214152,-0.0005314862154425226
2025-02-18,243.18505859375,243.89131830963376,240.56887710589865,242.86673323889264,48822500,231.39261016845703,234.66519764486517,57.84753830329026,245.40077902848873,217.38444130842532,-0.0005314862154425226,-0.0005316275043053986,0.0189857063495079,16.622573852539062,0.19381507328309233,0.0016362166519758858
2025-02-19,243.5829620361328,244.716969605811,241.88195827091008,243.37407429304395,32204200,232.51042938232422,235.51450853927162,57.12089768449351,246.67006692718363,218.3507918374648,0.0016362166519758858,0.0016348795078827002,0.017100236261506366,12.260879516601562,-0.3403819960059399,0.003920392411341123
2025-02-20,244.53790283203125,245.4829065325138,243.00598867544505,243.6525813389452,32316900,233.61687316894532,236.37387942429635,60.6992365975984,247.91070898137724,219.3230373565134,0.003920392411341123,0.0039127276989343015,0.017101531601451964,13.543716430664062,0.0034995435377993545,-0.0011389591287577217
2025-02-21,244.25938415527344,247.38287960480025,243.93111682470231,244.6572756706751,53197400,234.71783752441405,237.1248798748656,62.76620380536988,248.71091724642045,220.72475780240765,-0.0011389591287577217,-0.0011396082356238142,0.017108340461507505,12.519973754882812,0.646117047117762,0.006312429397624886
2025-02-24,245.80125427246094,247.55199828948733,243.1353323966777,243.64264638435856,51326400,235.93961563110352,237.95120124606515,80.23134254636969,249.27565572887642,222.60357553333063,0.006312429397624886,0.006292589463524479,0.016983660536005404,19.616348266601562,-0.035170891810502036,-0.00024291023973121995
2025-02-25,245.74154663085938,248.68599549611233,243.62275227067275,246.69650753214344,48013300,236.80665588378906,238.69313890175985,76.5851907450315,250.33242380168488,223.28088796589324,-0.00024291023973121995,-0.00024293974720204436,0.015835001661886096,19.2880859375,-0.06454962748215343,-0.027040125258632197
2025-02-26,239.09666442871094,243.6923767743236,237.87313357927937,243.04579925662603,44433600,236.9241180419922,238.73156990432662,62.11627520668248,250.48846816416494,223.35976791981943,-0.027040125258632197,-0.02741243635010092,0.0152851007891477,7.6993255615234375,-0.07455642499057558,-0.012730896109299117
2025-02-27,236.05274963378906,241.1856322165831,235.81400561415145,238.15166004001364,41153600,236.83473510742186,238.47644416427542,56.03516926843703,250.39722192693594,223.2722482879078,-0.012730896109299117,-0.012812628391607893,0.01553565590855378,0.4277496337890625,-0.07381801159482915,0.019131926257306642
2025-02-28,240.5688934326172,240.8175794410065,228.9900734891547,235.70459571566596,56833400,237.05909729003906,238.67572504697463,70.72819553881668,250.71725478751614,223.40093979256199,0.019131926257306642,0.01895121225632392,0.01601945176746989,0.3083648681640625,0.38100676490027596,-0.01575423145222765
2025-03-03,236.77891540527344,242.74737946323825,234.8690087281554,240.51914741730602,47184000,237.17295532226564,238.49507650966976,63.508594576271996,250.77921736836873,223.56669327616254,-0.01575423145222765,-0.015879648331593207,0.016374613426402184,-6.53546142578125,-0.16978396506279758,-0.00882233740225502
2025-03-04,234.68997192382812,238.80822713414068,233.44654177924315,236.46063041402056,53798100,237.57932968139647,238.13268559673247,54.655456600907854,250.3084885888203,224.85017077397265,-0.00882233740225502,-0.008861484637698192,0.014444264830833982,-8.495086669921875,0.14017675483214642,-0.0008053630011023438
2025-03-05,234.50096130371094,235.30670153327668,228.0251680036218,234.18263593082168,47227600,237.73827362060547,237.7868070926352,48.20581591839379,250.21534739307614,225.2611998481348,-0.0008053630011023438,-0.0008056874801114057,0.013728387425541135,-9.082000732421875,-0.12213256601998956,-0.0017392996146927686
2025-03-06,234.0930938720703,236.60979483297604,231.9345013377031,233.20777237015392,45170400,237.89321899414062,237.43502488115283,38.61964535800101,250.09151023547778,225.69492775280347,-0.0017392996146927686,-0.0017408139524470619,0.013731277483969585,-10.444808959960938,-0.04355927466142684,0.015892683419673093
2025-03-07,237.81346130371094,240.10136041796665,233.5261018066448,233.87426828677374,46273600,238.19692153930663,237.471066445206,40.09321242099478,250.04760897308384,226.34623410552942,0.015892683419673093,0.015767717021972816,0.014137296035426974,-6.4459228515625,0.024423073517170435,-0.04847965168299473
2025-03-10,226.2843475341797,234.91873283818802,223.041487749586,234.30198127309518,72071200,238.20189361572267,236.40566464415588,28.42269355103275,250.0314255539928,226.37236167745255,-0.04847965168299473,-0.04969420696014332,0.01718514919597333,-19.51690673828125,0.5575014695204177,-0.02918932463623347
2025-03-11,219.67926025390625,224.65298022983382,216.30707871737093,222.63365113389432,76137400,237.86318359375,234.81267374984637,23.65713086506281,251.37709419585838,224.3492729916416,-0.02918932463623347,-0.02962380872974085,0.018390065590811525,-26.062286376953125,0.05641920767241282,-0.017478623870416543
2025-03-12,215.83956909179688,220.58450266635003,213.78045671174684,218.98296406915986,62547500,237.08529510498047,233.0057114014607,20.26393494149781,253.61980569122736,220.5507845187336,-0.017478623870416543,-0.017633178600504017,0.017874996979765048,-23.257095336914062,-0.17849177933577975,-0.033643703453495544
2025-03-13,208.5779266357422,215.70029772842102,207.3245545879158,214.81497612462363,61368300,235.7329414367676,230.6792557094875,17.70220204348398,256.62143274264986,214.84445013088535,-0.033643703453495544,-0.03422267576860307,0.018338063344932834,-27.474822998046875,-0.018852871817418793,0.018170561422649945
2025-03-14,212.36790466308594,212.8254784087618,208.4784519318959,210.13967261110687,60107600,234.33831024169922,228.93531751459213,20.920607821153126,257.5494194365028,211.1272010468957,0.018170561422649945,0.018007449695951448,0.018230458245612795,-28.20098876953125,-0.02054317945910189,0.0023888212334428616
2025-03-17,212.87521362304688,214.0888025037831,208.8663965620962,212.18883784213668,48073400,232.81635208129882,227.40578381063546,21.63464197612805,257.4947324126828,208.1379717499148,0.0023888212334428616,0.0023859725357845284,0.01781452114145886,-23.903701782226562,-0.200210955020663,-0.006121501054763834
2025-03-18,211.5720977783203,214.01915944879542,210.37840804794794,213.03437263106773,42432400,231.23570404052734,225.8978137123197,23.832064479441087,257.137120244562,205.33428783649265,-0.006121501054763834,-0.006140314258336676,0.017759598395183616,-23.117874145507812,-0.11734139877770244,0.01198932118931273
2025-03-19,214.10870361328125,217.6101915579757,212.6265295918345,213.0940604852241,54385400,229.76199111938476,224.77504132193508,28.934330921392046,256.0564321355528,203.46755010321672,0.01198932118931273,0.011918018625125523,0.01816430474214614,-20.392257690429688,0.2816951197669706,-0.005296387612504949
2025-03-20,212.97470092773438,216.3468825511506,211.10457731145533,212.86527847830126,48862900,228.18383102416993,223.65119937963024,21.67078505699483,254.5329546248625,201.83470742347737,-0.005296387612504949,-0.005310463195201758,0.018008435807484437,-21.118392944335938,-0.10154379668072677,0.019476826454002172
2025-03-21,217.12277221679688,217.68976839110027,210.16950634984832,210.4480334492585,94127800,226.8270004272461,223.02944441174137,29.967570163306164,252.47611582016287,201.17788503432934,0.019476826454002172,0.01928958046898615,0.018912616120736747,-20.690689086914062,0.926365401971639,0.011270431174758455
2025-03-24,219.56983947753906,220.3158974796034,217.4311459430569,219.8384246082871,44299500,225.5154296875,222.69995822753162,34.70208437348222,249.72137085489098,201.309488520109,0.011270431174758455,0.01120739306756486,0.019109811308554426,-6.714508056640625,-0.5293685818642314,0.013681911591246765
2025-03-25,222.573974609375,222.92214108802088,218.92326587520165,219.6096416779903,34493600,224.35705108642577,222.68795978770717,38.58313145172763,246.62752043485992,202.08658173799162,0.013681911591246765,0.013589159300328122,0.019557966770954765,2.89471435546875,-0.2213546428289258,-0.009921772080253355
2025-03-26,220.3656463623047,223.83730853242594,219.3112201065871,222.33523531503357,34466100,223.42050018310547,222.466787080526,37.29751954560113,244.63126275432123,202.20973761188972,-0.009921772080253355,-0.009971320874512928,0.018894697486514917,4.5260772705078125,-0.0007972493448059614,0.010472595574967603
2025-03-27,222.67344665527344,223.80745418869535,219.40073045135125,220.22636977863218,37094800,222.75153503417968,222.48646894478765,35.61435374954475,243.11167259668122,202.39139747167815,0.010472595574967603,0.010418137825280779,0.019035705994982114,14.09552001953125,0.07626914562425102,-0.026580320996315576
2025-03-28,216.7547149658203,222.6336557419088,216.5358700680628,220.504904155295,39818600,221.56082611083986,221.9405876134574,39.8645872214739,240.25048012053722,202.8711721011425,-0.026580320996315576,-0.02693996501737922,0.01901579374351837,4.386810302734375,0.07342808156399272,0.019412629300024964
2025-03-31,220.96249389648438,224.43414081005062,215.09349507460487,215.86939419548492,65299300,220.7700050354004,221.84743583088854,51.43814299004049,238.03237569322536,203.50763437757544,0.019412629300024964,0.01922660780137315,0.01958868676591103,8.0872802734375,0.6399195350916407,0.004771977732473953
2025-04-01,222.0169219970703,222.50433685640354,217.749461617725,218.65468232589998,36412700,220.1363525390625,221.8635773705249,57.38405613384865,236.13114680713758,204.14155827098742,0.004771977732473953,0.0047606279397177,0.01962157200315527,10.44482421875,-0.4423722765787689,0.003136266889143924
2025-04-02,222.71322631835938,224.0063965120705,219.85831598824518,220.15674221426906,35905900,219.5469657897949,221.9444963179377,70.04230564694062,234.11845645644658,204.97547512314324,0.003136266889143924,0.0031313590629683512,0.019660159748386724,8.604522705078125,-0.01391822084053096,-0.09245619302187891
2025-04-03,202.12200927734375,206.39941095201831,200.1922037418915,204.4596482635752,103419000,217.9484115600586,220.05664040930972,40.160457193098146,232.8126489026925,203.08417421742467,-0.09245619302187891,-0.0970134418559945,0.028138805995967492,-10.852691650390625,1.8802787285655005,-0.07288724643046629
2025-04-04,187.389892578125,198.82944937179326,186.35535024633944,192.87092693410324,125910900,215.4272331237793,216.9455215682445,30.77731551836611,232.9685673936597,197.8858988538989,-0.07288724643046629,-0.07568008805185286,0.031187297080343523,-29.732879638671875,0.21748324775911576,-0.03673429969943287
2025-04-07,180.50625610351562,193.12954493623218,173.70219548773406,176.26863687444822,160466300,213.1383285522461,213.4751153335084,28.38754358465141,235.88815079712282,190.38850630736937,-0.03673429969943287,-0.03742599630886612,0.030555806838345176,-39.06358337402344,0.27444327695219406,-0.049818177330232194
2025-04-08,171.51376342773438,189.33957458197378,168.32064359895526,185.71870692843436,120859500,210.7300537109375,209.47879610438704,22.809233262811745,239.86570139326875,181.59440602860627,-0.049818177330232194,-0.051101920416750976,0.03154229884592573,-51.060211181640625,-0.24682316473926302,0.1532885256174954
2025-04-09,197.8048553466797,199.55559936553783,170.98654976711688,171.04623198001363,184395900,209.82831802368165,208.36699222270065,42.67038245323012,239.41102776118026,180.24560828618303,0.1532885256174954,0.14261744902614956,0.0484877461897794,-22.560791015625,0.5257046405123305,-0.0423938616432078
2025-04-10,189.4191436767578,193.7562279640405,182.03814529024513,188.07624843340898,121880000,208.87037887573243,206.5624352183251,37.14100798728766,239.83221402088407,177.9085437305808,-0.0423938616432078,-0.043318714611892455,0.048814609406619386,-33.254302978515625,-0.33903085697675495,0.04059442685153014
2025-04-11,197.10850524902344,198.4911987157403,185.08205468111316,185.12185293864357,87435900,208.1074089050293,205.6620609355345,40.05811308480496,239.45598862587465,176.75882918418395,0.04059442685153014,0.039792114152949434,0.049594845424079256,-19.646209716796875,-0.2826066622907778,0.02205415312614023
2025-04-14,201.45556640625,211.8207974391945,200.10271391024364,210.32868138530173,101352900,207.53642654418945,205.26144240893598,40.762341009312046,238.93531529292687,176.13753779545203,0.02205415312614023,0.021814477780998154,0.04989272125313735,-19.506927490234375,0.1591680305229317,-0.001876449715328632
2025-04-15,201.07754516601562,202.44033954558066,198.74984792281177,200.7990180691496,51343900,207.0116989135742,204.86297600484835,41.4256626217863,238.47731003105918,175.54608779608924,-0.001876449715328632,-0.0018782124525660647,0.04988151553088788,-20.939376831054688,-0.49341459395833764,-0.038933304436288285
2025-04-16,193.24893188476562,199.64512887500646,191.35890907242805,197.31743142832593,59732400,205.96871032714844,203.75687656484047,37.53162249743729,237.8242791900088,174.11314146428808,-0.038933304436288285,-0.03971147016854836,0.0504588964382612,-29.46429443359375,0.16337870711028968,0.013949492299973665
2025-04-17,195.9446563720703,197.78493872612725,193.39811432307044,196.16350125239885,52164700,205.11720809936523,203.01285559410042,40.93429764152197,237.09446532518126,173.1399508735492,0.013949492299973665,0.013853093573358932,0.05061488210049046,-6.1773529052734375,-0.12669338583415368,-0.01939270154435302
2025-04-21,192.14476013183594,192.78139570274652,188.8123615658979,192.25418258208256,46742500,203.8683074951172,201.97779888340855,37.40105661468894,235.82236805782668,171.9142469324077,-0.01939270154435302,-0.01958320694582564,0.05045341963165237,4.7548675537109375,-0.10394385475235168,0.03406499428742693
2025-04-22,198.69017028808594,200.53043756485187,194.93998119085117,195.08918671811182,52976400,202.82432403564454,201.6646913981397,40.268896231485826,233.9725989889165,171.67604908237257,0.03406499428742693,0.03349763125532333,0.051091783664040075,18.183914184570312,0.13336685029683903,0.024331638502555597
2025-04-23,203.52462768554688,206.9067512010516,201.7340854567431,204.9172632087338,52929200,201.87185668945312,201.84182818741655,42.26233810854966,231.61043433281378,172.13327904609247,0.024331638502555597,0.024040339909284596,0.05133823703875812,32.0108642578125,-0.0008909627683270083,0.018426188260926013
2025-04-24,207.27481079101562,207.73239972806866,201.87335793866913,203.81310578126346,47311000,201.21731491088866,202.359255102045,52.40439562943311,229.79563724001594,172.63899258176139,0.018426188260926013,0.018258483033462374,0.05153517337615915,9.469955444335938,-0.10614556804183706,0.0043672089188706575
2025-04-25,208.18002319335938,208.6475540878433,205.1162098506388,205.28531450927932,38222300,200.49264373779297,202.91361396788452,61.138340851532064,227.4703466557396,173.51494081984634,0.0043672089188706575,0.004357700335927208,0.051476522025169676,18.760879516601562,-0.19210543002684366,0.004109347264288132
2025-04-28,209.03550720214844,210.38835967290976,206.3696005213303,208.89624364686077,38743100,200.10668334960937,203.4966514187668,66.34001659439465,226.31467492744258,173.89869177177616,0.004109347264288132,0.0041009269569146625,0.05116591324318532,11.927001953125,0.01362555366893159,0.005091920047891385
2025-04-29,210.0998992919922,211.12448445804597,207.27481462988695,207.59314001435672,36827600,199.56355361938478,204.12553216859777,74.30756841168918,224.3641441909176,174.76296304785194,0.005091920047891385,0.005079000062798506,0.05097095266649778,8.644332885742188,-0.04944106176325591,0.006107585626286438
2025-04-30,211.3831024169922,212.4574277707069,205.5837430092506,208.19992461631293,52286500,199.03186264038087,204.81672933511155,62.48856209700689,222.20840802866292,175.8553172520988,0.006107585626286438,0.006089009921960949,0.05098022186146561,10.305557250976562,0.4197639813618048,0.003858818787250806
2025-05-01,212.19879150390625,213.43226431553572,207.8020097882055,207.98107159612528,57365700,198.5061408996582,205.51978287499676,74.341022504677,219.8233273424118,177.18895445690458,0.003858818787250806,0.003851392643997796,0.05098374862610447,18.949859619140625,0.09714170961911783,-0.03736166699984034
2025-05-02,204.27069091796875,205.9020705063368,201.09745506032002,205.0067917796952,101010600,198.61357498168945,205.40082173623216,57.6142516529305,220.02892250761127,177.19822745576764,-0.03736166699984034,-0.03807750054973233,0.04713758076814772,8.326034545898438,0.7608187470910317,-0.031458605921946825
2025-05-05,197.84461975097656,203.02724230800965,197.168201163887,202.0324983774042,69018500,199.13631134033204,204.68118345192207,46.323647981685895,219.89855668236848,178.3740659982956,-0.031458605921946825,-0.031964056647756964,0.044532993232216815,5.699859619140625,-0.31672022540208655,-0.00191062047540691
2025-05-06,197.46661376953125,199.59536519080132,195.9844550154461,197.1682027308483,51216500,199.9843292236328,203.99408157740865,46.32366237460782,218.8406429536166,181.12801549364903,-0.00191062047540691,-0.0019124480389319748,0.04354216380771834,-1.2235565185546875,-0.25793084462861404,-0.011384749387458926
2025-05-07,195.218505859375,198.39174158064424,192.23427392267118,198.1231564563361,68536700,201.16956634521483,203.15831246140542,52.26232114801783,214.72612941267926,187.6130032777504,-0.011384749387458926,-0.011450051753916314,0.04179194585535509,-8.306121826171875,0.3381761736940243,0.006318587695328448
2025-05-08,196.45201110839844,198.99855348942916,193.65676753221484,196.68079799363124,50478900,201.10192413330077,202.5196170944524,50.603021454868596,214.74241685778813,187.4614314088134,0.006318587695328448,0.006298709112532449,0.02382634571303905,-10.822799682617188,-0.2634763564630337,0.005265995369670984
2025-05-09,197.4865264892578,199.48595647897335,196.50172445806652,197.95405738682032,36453900,201.5052932739258,202.0402751320529,56.79573617919353,214.13048993564666,188.8800966122049,0.005265995369670984,0.005252178501204581,0.02165515609937277,-10.693496704101562,-0.2778388594046225,0.0631461813685279
2025-05-12,209.95704650878906,210.435160708662,205.93301745006437,210.13634313336473,63775800,202.14772033691406,202.79425335840872,62.4557949221768,215.13334147991804,189.16209919391008,0.0631461813685279,0.06123260765537327,0.024192032478840112,0.921539306640625,0.7494918239200743,0.010152295700247338
2025-05-13,212.08859252929688,212.55673652410627,208.17412935394688,209.59847136477597,51909300,202.67937164306642,203.67942851754094,60.06943946078924,216.39577744730133,188.9629658388315,0.010152295700247338,0.010101107307854204,0.023854039546324316,1.9886932373046875,-0.18606587451666623,-0.0028178117705190964
2025-05-14,211.490966796875,213.09460539099953,209.7478820292828,211.5905625216416,49325800,203.20004272460938,204.4233845441442,55.35425972820025,217.44097991637832,188.95910553284043,-0.0028178117705190964,-0.0028217892757707217,0.02386476953180909,0.1078643798828125,-0.04976950180410833,-0.0041445074093784395
2025-05-15,210.61444091796875,212.11848379882832,208.71198473801002,210.11641669484823,45029500,204.06831817626954,205.01300896069895,53.09381547175343,217.8652746362114,190.27136171632768,-0.0041445074093784395,-0.004153119684206215,0.021845513204440174,-1.5843505859375,-0.0871004626382137,-0.0008985115224213747
2025-05-16,210.42520141601562,211.73003772257164,208.94109887256835,211.52086084946143,54737900,204.7923454284668,205.5284558612053,51.796536053613416,218.3113208651557,191.2733699917779,-0.0008985115224213747,-0.0008989154258587225,0.021760900239728775,6.154510498046875,0.21560088386502185,-0.011739086232724016
2025-05-19,207.9550018310547,208.65223273202483,203.45285841572866,207.0884445111699,46140500,205.58285751342774,205.7595554773814,47.32442031771652,217.77142510450233,193.39428992235315,-0.011739086232724016,-0.011808533337582812,0.02139592926458301,10.110382080078125,-0.15706484903512918,-0.009196290225973569
2025-05-20,206.04258728027344,207.64622592622177,204.2198167548668,206.84938410987283,42496600,205.95047836303712,205.78651088718064,43.44111515809342,217.69929615011412,194.20166057596012,-0.009196290225973569,-0.00923883715308381,0.02037780232880654,8.575973510742188,-0.07897400331595883,-0.02305911477177236
2025-05-21,201.2914276123047,206.22186440009241,199.91689108628387,204.3592586621154,59211800,205.838818359375,205.35840771814483,37.785032985067424,217.72633999370157,193.95129672504845,-0.02305911477177236,-0.023329135189360545,0.020401309855774975,6.0729217529296875,0.3933302899526079,-0.003612234385890978
2025-05-22,200.56431579589844,201.94882252859867,198.91087172706415,199.91689038506837,46742400,205.50329360961913,204.90182753507375,45.05111248658876,217.59717484858663,193.40941237065164,-0.003612234385890978,-0.0036187742583048813,0.019922994161610908,4.1123046875,-0.21058978109093118,-0.030244253294404055
2025-05-23,194.49839782714844,196.9187884239126,192.69555244631704,192.9047141233614,78432900,204.8192123413086,203.91102470574754,45.48861260303461,217.7914728880631,191.8469517945541,-0.030244253294404055,-0.03071104671354942,0.02087101702945286,-2.988128662109375,0.677981875128363,0.02529826078968056
2025-05-27,199.4188690185547,199.94677348688452,196.64984031499387,197.51641281084125,56288500,204.3383804321289,203.48320035458627,52.344833880643904,217.36540022051742,191.3113606437404,0.02529826078968056,0.024983556398390557,0.02177902224364823,-10.538177490234375,-0.2823356015141605,0.0010488851004830657
2025-05-28,199.62803649902344,201.9289060786693,199.11008702875665,199.79736291846774,45339700,203.81478729248047,203.11604189215174,55.56900675064991,216.70786708927898,190.92170749568197,0.0010488851004830657,0.0010483354048508517,0.02172716852757724,-12.460556030273438,-0.1945122005382982,-0.002345136061230768
2025-05-29,199.15988159179688,203.0046291598645,197.72556941325453,202.77554227533128,51396800,203.2036262512207,202.73926472068936,53.487315512023045,215.74004102841397,190.66721147402743,-0.002345136061230768,-0.0023478901995321877,0.021636392435871343,-12.331085205078125,0.13359373793827478,0.0045011768949494435
2025-05-30,200.05633544921875,201.1619498266407,196.00241099917397,198.5821728136608,70819900,202.59650344848632,202.48374764721598,53.32132451459537,214.45655166867715,190.73645522829548,0.0045011768949494435,0.004491076894813233,0.021647199760954194,-10.55810546875,0.3779048501073996,0.0042320537763562704
2025-06-02,200.90298461914062,201.3312933884623,199.3292261245183,199.4885975362889,35423300,202.42811813354493,202.33319878739925,33.27202596786043,214.28371031202488,190.57252595506498,0.0042320537763562704,0.004223123822604175,0.020085841256017048,-9.522216796875,-0.4998114936620921,0.007783765588379676
2025-06-03,202.46676635742188,202.9647905668523,200.16589694161215,200.55435521702816,46381600,202.6592254638672,202.34591950835383,31.84209798844485,214.31716955756696,191.00128137016742,0.007783765588379676,0.007753628371346302,0.018792132832341445,-5.4882354736328125,0.3093528835540449,-0.002213754276742086
2025-06-04,202.0185546875,205.42503857555045,201.30139858491114,202.10819540070028,43604000,202.88682250976564,202.31474190636774,32.0226853610846,214.2929392608841,191.48070575864716,-0.002213754276742086,-0.0022162082530769673,0.018794997420234966,-4.0240325927734375,-0.05988581678941651,-0.010797849584515684
2025-06-05,199.83718872070312,203.9409031289377,199.35907456166248,202.69584267027508,55126100,203.11775665283204,202.07878446011398,30.511508810268808,214.04722619544452,192.18828711021956,-0.010797849584515684,-0.010856569443704327,0.018774589661933457,-1.4542388916015625,0.2642441060453169,0.01639838949706518
2025-06-06,203.11419677734375,204.8871617909174,201.2515910514923,202.19783403313102,46607700,203.45086593627929,202.17739515699301,38.10757278661669,213.92139409275578,192.9803377798028,0.01639838949706518,0.016265387945758276,0.019048732623565396,2.5498809814453125,-0.1545257146796164,-0.012112648419101646
2025-06-09,200.65394592285156,205.18596915505242,199.22960401477,203.58233063284266,72862600,203.60923690795897,202.03230475374144,38.119910735833486,213.79177716218817,193.42669665372978,-0.012112648419101646,-0.012186604353181927,0.019279107818127594,6.155548095703125,0.5633167910023451,0.006056171467545779
2025-06-10,201.869140625,203.54250994980842,199.77744796710627,199.8073282051838,54672600,203.20484161376953,202.01676531290894,43.051412399236824,212.95932383212565,193.45035939541341,0.006056171467545779,0.006037906567603641,0.012688388508089048,2.4502716064453125,-0.24964796754439178,-0.019193789486923962
2025-06-11,197.9945068359375,203.69190510411792,197.62597377823997,202.69585666840098,60989900,202.50013732910156,201.6336930770069,44.34575259556771,211.5643124040058,193.43596225419734,-0.019193789486923962,-0.019380381731049234,0.01291779065997887,-1.6335296630859375,0.1155478246873205,0.0021129385173963566
2025-06-12,198.41285705566406,198.890956077424,196.58013147350607,198.29333609984755,43904600,201.84623184204102,201.32694678925998,46.27073474444384,210.02290635961774,193.6695573244643,0.0021129385173963566,0.0021107094022437905,0.012975461873079588,-0.7470245361328125,-0.2801332679673192,-0.013805310006740679
2025-06-13,195.6737060546875,199.57821397711425,194.92666975119658,198.94074360607502,51447300,201.09919509887695,200.78854290977688,52.302824139875376,208.60544282045387,193.59294737730002,-0.013805310006740679,-0.013901489516828505,0.013194126366421331,-4.38262939453125,0.1717974881903035,0.010028094916962882
2025-06-16,197.6359405517578,197.90487790098294,195.78328974313985,196.52037110088898,43020700,200.45973205566406,200.488295066156,46.04858061915468,206.69164169172453,194.2278224196036,0.010028094916962882,0.009978147215757682,0.013533269675327699,-3.2670440673828125,-0.1637909083664254,-0.014010749776737996
2025-06-17,194.86691284179688,197.60604600468164,194.43861931524052,196.42074594971083,38856200,199.80532760620116,199.95292533050275,40.52341773497459,205.44372917543484,194.16692603696748,-0.014010749776737996,-0.014109826849418127,0.013619355483481208,-7.599853515625,-0.09680223706262336,0.00480486810612768
2025-06-18,195.80322265625,196.78931617646225,194.29919484122428,195.16575220236885,45394700,199.293359375,199.5577155520025,43.441110665865224,204.37958793556868,194.2071308144313,0.00480486810612768,0.004793361570904557,0.013652365666872108,-6.21533203125,0.16827430371472252,0.022484445331105496
2025-06-20,200.20574951171875,200.90298042554332,196.08210930882012,197.45666110928434,96813500,199.23907546997071,199.6194330719755,50.25677199423102,204.25824753092363,194.2199034090178,0.022484445331105496,0.022235396428993304,0.013832128837006913,0.368560791015625,1.1327049192967462,0.0024875227541492073
2025-06-23,200.70376586914062,201.50060768152076,198.17380945321412,200.83325703321927,55814300,199.2460479736328,199.7227028621817,49.65348516005609,204.27335242183204,194.21874352543358,0.0024875227541492073,0.0024844339906089923,0.013819694071322256,-2.410430908203125,-0.4234863939429935,-0.005955377660487593
2025-06-24,199.5084991455078,202.63609053842802,199.40888822531906,201.78944331230142,54064000,199.49655303955078,199.70230250821274,44.78766243437966,203.99974829143673,194.99335778766482,-0.005955377660487593,-0.005973181643514452,0.011951316022727388,-1.14544677734375,-0.031359346977387514,0.006290483303657002
2025-06-25,200.7635040283203,202.8651666655851,199.82721614273908,200.6539381013163,39525700,199.56378479003905,199.80336931965155,47.84978759558199,204.10210985434568,195.02545972573242,0.006290483303657002,0.006270780795922684,0.010628395690600494,-1.1056365966796875,-0.26890907073098547,-0.002778166875005761
2025-06-26,200.20574951171875,201.8392684520338,198.67184150130464,200.63404307360597,50799100,199.59267044067383,199.84169124270556,50.668633942709086,204.1400624324993,195.04527844884836,-0.002778166875005761,-0.002782033143017206,0.0106503316287467,2.21124267578125,0.2852169601044383,0.0003979975434207361
2025-06-27,200.28543090820312,202.41697405518968,199.20969672208463,201.09222774816857,73188600,199.64894790649413,199.88395216322914,44.19464138086529,204.2016439028933,195.09625191009496,0.0003979975434207361,0.0003979183634067224,0.010633502111199553,1.8725738525390625,0.4407459974684591,0.020340157852722696
2025-06-30,204.35926818847656,206.570497066428,198.47261792694385,201.21175129212304,91912800,199.86409454345704,200.3101727370622,57.131931570674354,204.88088393425468,194.8473051526594,0.020340157852722696,0.02013605979229072,0.01151348263967128,8.685562133789062,0.2558349251112879,0.012916107943551136
2025-07-01,206.99879455566406,209.35942450018746,205.3254252695324,205.85332972802502,78788900,200.16888504028321,200.9471843388338,59.36023094232957,206.10743956484933,194.2303305157171,0.012916107943551136,0.01283340638163014,0.011796985360678643,9.36285400390625,-0.14278642365372396,0.02223078455769123
2025-07-02,211.6005401611328,212.49697770796604,207.31752868499885,208.08449026524102,67941800,200.62557373046874,201.96178965524325,74.18555135142466,208.42229005419904,192.82885740673845,0.02223078455769123,0.021987282881436514,0.012612171570644827,16.733627319335938,-0.137672946316042,0.005225040243511225
2025-07-03,212.70616149902344,213.80180573654258,210.97303162710094,211.31168447150716,34955800,201.15995407104492,202.98506316417468,74.80124079543927,210.64163378815303,191.6782743539368,0.005225040243511225,0.005211437084864038,0.012582200186140062,16.902938842773438,-0.48550376940263573,-0.016857926854769723
2025-07-07,209.12037658691406,215.37555986284275,207.97492690746134,211.83958469799765,50229000,201.62411346435547,203.56937872824508,72.66623489995375,211.72200723469203,191.52621969401892,-0.016857926854769723,-0.01700163912053269,0.012989619287748132,8.914627075195312,0.43692892166679065,0.00028580991356896845
2025-07-08,209.18014526367188,210.59453234535175,207.62631199643187,209.26980118177752,42848900,201.9274108886719,204.10373744590476,70.79297147044063,212.56378254996446,191.29103922737931,0.00028580991356896845,0.00028576907769630084,0.012565390992515168,8.47637939453125,-0.14692906488283664,0.005380619644419049
2025-07-09,210.3056640625,210.49491569520316,206.40115605631001,208.70202548866368,48749400,202.4099967956543,204.69439712367574,79.5576204659837,213.66114448101627,191.15884911029235,0.005380619644419049,0.005366195826791592,0.012167018835040419,10.797164916992188,0.13770481856010308,0.006015124005702255
2025-07-10,211.5706787109375,212.63644276910486,209.20007826975964,209.67817732396114,44443600,202.89507369995118,205.34928108436733,79.81171354979274,214.86181810903565,190.9283292908667,0.006015124005702255,0.005997105367425927,0.01216637698912571,10.807174682617188,-0.08832518964335967,-0.005884967980950728
2025-07-11,210.32559204101562,211.29176024279,209.03072603053,209.73792710960444,39765800,203.5116279602051,205.82321546119096,71.72793737034605,215.68414558186032,191.33911033854986,-0.005884967980950728,-0.005902352644030488,0.011251563580839782,10.119842529296875,-0.10525249979749618,-0.012028745424552567
2025-07-14,207.79563903808594,210.0765986782557,206.71990480407712,209.10046017794556,38840100,203.98076705932618,206.01106532565714,64.00472958273244,216.04866127433525,191.91287284431712,-0.012028745424552567,-0.012101676216787868,0.011749238750539412,7.5102081298828125,-0.02327879735853422,0.002348713237791289
2025-07-15,208.28369140625,211.05270487364396,208.09443976951917,208.39325734338402,42296300,204.61126632690429,206.2275059047612,67.82680665470134,216.15814236922395,193.06439028458462,0.002348713237791289,0.0023459593221171315,0.01111635101230414,3.9244232177734375,0.08898535276685693,0.005021289252517214
2025-07-16,209.3295440673828,211.5606828488181,207.8155461810567,209.4689902412225,47490500,205.19594650268556,206.52293811072514,67.5510602217987,216.43581072837927,193.95608227699185,0.005021289252517214,0.005008724622513407,0.011010025270453446,2.33074951171875,0.12280506805559832,-0.0006661019354642361
2025-07-17,209.1901092529297,210.9630743588066,208.7618004967043,209.7379389650813,48068100,205.9121063232422,206.77695440998275,68.7292166733572,216.16260879147273,195.66160385501166,-0.0006661019354642361,-0.0006663238799223456,0.010311160545533262,-2.410430908203125,0.012162432486497288,0.005523257149813832
2025-07-18,210.34552001953125,210.95311022715865,208.87137245947412,210.03674740882613,48974600,206.63922119140625,207.1168178013683,70.0715185110316,215.88427689899225,197.39416548382025,0.005523257149813832,0.005508059898247254,0.01031681781681122,-2.3606414794921875,0.01885866094145605,0.006155802989930459
2025-07-21,211.64036560058594,214.92732845073886,210.7937335563828,211.2618775331451,51377400,207.2109519958496,207.5476318774843,66.33879998466014,216.19130337469633,198.23060061700286,0.006155802989930459,0.006136933433292541,0.009347512202898353,2.519989013671875,0.04906216691917842,0.009036224276703031
2025-07-22,213.55279541015625,214.1006251327807,211.39137195770533,212.29777975345726,46404100,207.8534034729004,208.11955221392927,65.2033099319905,216.71125761856098,198.99554932723981,0.009036224276703031,0.008995641893247627,0.009449308734117695,4.372650146484375,-0.09679937092963053,-0.0011660263132247106
2025-07-23,213.3037872314453,214.29983576430007,211.5706725113145,214.15043456376964,46989300,208.54316787719728,208.61328888226413,54.95078663326639,216.79252206596672,200.29381368842783,-0.0011660263132247106,-0.001166706650818722,0.00926531283809157,2.9981231689453125,0.012610954635474014,-0.0018212218160039706
2025-07-24,212.91531372070312,214.83769515517375,212.68622683006964,213.05475989741393,46022600,209.1507583618164,209.023005533544,50.63438538159852,216.75207995412777,201.54943676950504,-0.0018212218160039706,-0.0018228822567824276,0.00930906937001708,1.344635009765625,-0.02057276869414948,0.0005615031169694529
2025-07-25,213.0348663330078,214.38949295365802,212.55675209148805,213.85161823157193,40268800,209.79221420288087,209.4050875144453,65.0344478383073,216.30211317119844,203.2823152345633,0.0005615031169694529,0.0005613455330807401,0.00922989140779246,2.7092742919921875,-0.1250211852437716,0.000794759685829316
2025-07-28,213.2041778564453,214.00101967144602,212.2180844005514,213.18425263148458,37858000,210.43815155029296,209.76690564225484,65.32620912578906,215.34179344006222,205.5345096605237,0.000794759685829316,0.0007944440315853128,0.009224088166876115,5.408538818359375,-0.059867689129052715,-0.012987680343794161
2025-07-29,210.43515014648438,213.96115480223384,209.9869314052821,213.33363944545516,51411700,210.74194564819337,209.83054797599098,50.43829837345128,214.72661262822135,206.75727866816538,-0.012987680343794161,-0.013072757705372804,0.008965857247211514,2.151458740234375,0.3580141581700036,-0.010507880529716407
2025-07-30,208.2239227294922,211.55072076453234,206.89917652304968,211.06265157316113,45512500,210.80320205688477,209.677536047753,39.35352154653117,214.57770583991945,207.0286982738501,-0.010507880529716407,-0.010563478124557005,0.008926500381939598,-1.105621337890625,-0.11474430917475986,-0.007079572477626139
2025-07-31,206.74978637695312,209.01080544085684,206.3414028602417,207.66614913739534,80698400,210.56066436767577,209.39870274577206,38.788269651051976,214.72291614555743,206.3984125897941,-0.007079572477626139,-0.0071047515593244985,0.007421304416469267,-2.4403228759765625,0.77310409228234,-0.025003627425670194
2025-08-01,201.58029174804688,212.73603143542957,200.7037642416869,210.03673342752194,104434500,210.00437088012694,208.65409217456013,33.279723890846896,215.6639282351031,204.34481352515078,-0.025003627425670194,-0.02532152842779553,0.00897410669652114,-8.765228271484375,0.29413346485184344,0.004793060447819686
2025-08-04,202.54647827148438,207.058576977071,200.88306382200804,203.70188303605903,75109300,209.67567596435546,208.0724146599815,34.953065621688424,216.24230947189778,203.10904245681314,0.004793060447819686,0.004781610306494539,0.008460417186851971,-9.093887329101562,-0.28079992722711367,-0.002114797207129704
2025-08-05,202.11813354492188,204.52856877803342,201.3611422546983,202.59623250724772,44155100,209.32257537841798,207.50534026807108,30.453581044473026,216.70962671631898,201.93552404051698,-0.002114797207129704,-0.002117036548468912,0.008449852194863215,-11.434661865234375,-0.4121220674403836,0.050906861490558564
2025-08-06,212.40733337402344,214.52892145014,204.77759854868273,204.81744899810374,108483100,209.42765884399415,207.97219675435227,55.62517675056427,216.93244922028973,201.92286846769858,0.050906861490558564,0.04965346902459199,0.01445252036704676,-0.896453857421875,1.4568645524526045,0.03179372151243287
2025-08-07,219.16055297851562,219.9773200540019,215.7241886502616,218.01510326859565,90224800,209.80715255737306,209.03775448998687,62.88956379564545,218.44958530243616,201.16471981230995,0.03179372151243287,0.031298764824856114,0.01602530500159644,6.2452392578125,-0.16830547799611184,0.0423579323014438
2025-08-08,228.44374084472656,230.08721487155407,218.38364441813084,219.95740294972967,113854000,210.7130599975586,210.88594366662875,69.91733020026825,222.7255586246851,198.70056137043207,0.0423579323014438,0.04148538943456772,0.018268231349622247,15.40887451171875,0.26189251735664687,-0.008337491848564249
2025-08-11,226.53909301757812,228.91238364576833,224.12592192869855,227.27701087414155,61806100,211.6502326965332,212.3767197952906,65.3957225481208,225.49000534646692,197.8104600465995,-0.008337491848564249,-0.008372443140046247,0.018112607886917622,13.334915161132812,-0.45714599399230593,0.010872351709827699
2025-08-12,229.00210571289062,230.14887046423402,226.42939779448272,227.36673308681236,55626200,212.68615341186523,213.9600898826811,67.68265832588253,228.43485742274763,196.93744940098284,0.010872351709827699,0.010813672630568538,0.01816002614762033,18.56695556640625,-0.09998851246074414,0.016024512985909567
2025-08-13,232.6717529296875,234.33703985510917,229.77992501054072,230.4181341091737,69878500,213.85326385498047,215.74215303001503,70.72200310231958,231.85336558962305,195.85316212033788,0.016024512985909567,0.015897475819875263,0.018329563885351435,24.447830200195312,0.2562155962478112,-0.0023571690519698096
2025-08-14,232.12330627441406,234.4567012802976,230.19875827485632,233.39969406647393,51916300,214.9999237060547,217.30226286281493,69.84282832871543,234.59997880563887,195.3998686064705,-0.0023571690519698096,-0.0023599515483424664,0.018363164590015187,25.373519897460938,-0.25704902080038927,-0.005112134265439328
2025-08-15,230.93666076660156,233.61907447658757,228.69300821277216,233.3398655982593,56038700,216.02948074340821,218.60077694888983,68.05147979399135,236.73232377295415,195.32663771386228,-0.005112134265439328,-0.00512524592862372,0.01851195045650008,29.356369018554688,0.07940473415863614,-0.0030225974608621975
2025-08-18,230.23863220214844,232.46233685580373,229.46083388892833,231.04634466466607,37476200,216.95939407348632,219.70914411586685,71.0471920287211,238.48650059704917,195.43228754992347,-0.0030225974608621975,-0.0030271747343979783,0.018591224886936545,27.692153930664062,-0.33124430081354495,-0.0014291944969683223
2025-08-19,229.90957641601562,232.21305735738468,228.70299840660482,230.6275464777077,39402600,217.7772331237793,220.68061385873818,74.00807279093755,239.99127605812708,195.5631901894315,-0.0014291944969683223,-0.0014302167695570704,0.018600596253576206,27.79144287109375,0.051403290621781395,-0.019734652812962383
2025-08-20,225.3723907470703,229.81981519856654,225.13307755654054,229.33119207499826,42263900,218.38066329956055,221.12744975286506,69.30751806879732,240.73825818575946,196.02306841336164,-0.019734652812962383,-0.01993198153129969,0.019314303440716673,12.965057373046875,0.07261703542405828,-0.004911305040181113
2025-08-21,224.26551818847656,225.88095827873425,223.14868274098328,225.63166356522294,30621200,218.94817352294922,221.42631341339947,75.68312458474573,241.2978578356829,196.59848921021555,-0.004911305040181113,-0.004923405133202545,0.01936659839035328,5.1049652099609375,-0.2754762338544242,0.012716750813830835
2025-08-22,227.11744689941406,228.44369658121065,224.77408575714253,225.53193619713707,42477800,219.65230255126954,221.96832612635325,76.67891030006014,242.10467890647914,197.19992619605995,0.012716750813830835,0.012636571965657789,0.019483840600948342,-1.3262939453125,0.38720233041161034,-0.002634239986928577
2025-08-25,226.5191650390625,228.65312729963858,225.59178073979155,225.84107546750252,30983100,220.31805191040038,222.4017393561351,76.39698094968954,242.75500340209663,197.88110041870414,-0.002634239986928577,-0.0026377157023371018,0.019522863475764304,-0.019927978515625,-0.2706048806670779,0.00946463359101557
2025-08-26,228.6630859375,228.84258604761433,224.05612439304167,226.22996704217394,54575100,221.22944869995118,222.99805807816983,71.34753086197105,243.45596073363518,199.00293666626717,0.00946463359101557,0.009420124567184027,0.019184942407351146,-0.339019775390625,0.7614473696950919,0.005145918125483151
2025-08-27,229.8397674560547,230.24859923631865,227.6160475796746,227.96506627689797,31259500,222.31024093627929,223.6496494474922,66.43080273401826,243.96891549733363,200.65156637522495,0.005145918125483151,0.005132723136336729,0.018864190428848182,-2.8319854736328125,-0.42722047233994986,0.00898081290311703
2025-08-28,231.90391540527344,232.7515235304584,228.692998228932,230.16883391080088,38074700,223.5679473876953,224.43577001489993,56.84410485726634,244.32463663865036,202.81125813674026,0.00898081290311703,0.008940725237363131,0.018658388081262113,-0.219390869140625,0.21802012188294762,-0.001805954775134011
2025-08-29,231.485107421875,232.7216147258446,230.71727541448905,231.85405874294378,39418400,225.0631881713867,225.1071354822309,60.39399054432955,243.3071502791096,206.81922606366382,-0.001805954775134011,-0.0018075874774794432,0.017306962440927134,0.5484466552734375,0.03529115134196714,-0.010424763463666054
2025-09-02,229.07192993164062,230.19874691737337,226.3296880547272,228.60325464814514,44075600,226.38946075439452,225.48473495360324,50.14704275679461,241.29186631851596,211.48705519027308,-0.010424763463666054,-0.010479481927209851,0.01774184918319179,-1.1667022705078125,0.11814787003023963,0.03808989840304622
2025-09-03,237.79725646972656,238.17618932549604,233.69885053091846,236.5408165177042,66427800,228.17341690063478,226.6573560503769,58.89890475425984,238.75919209316925,217.5876417081003,0.03808989840304622,0.037382388318206415,0.018971078327529523,7.8876800537109375,0.5071331984136347,0.005493355773038333
2025-09-04,239.1035614013672,239.2232180033205,236.07214416452067,237.77731160532718,47549400,229.50822830200195,227.8427089409474,61.80837849753693,238.30467211122712,220.7117844927768,0.005493355773038333,0.00547832232513567,0.016108512587749157,13.731170654296875,-0.28419426806246784,-0.000375433370914946
2025-09-05,239.0137939453125,240.63920029193574,237.81718240373485,239.32291694518142,54870400,230.5008903503418,228.90662179850597,64.19058066473971,238.85006739490277,222.15171330578082,-0.000375433370914946,-0.00037550386366705076,0.014969357758398328,14.748275756835938,0.1539661909508847,-0.0075513878695669945
2025-09-08,237.2089080810547,239.47249309970456,235.67324414176576,238.62490021245955,48999500,230.93914871215821,229.69731573017728,61.787516901830045,239.74155062395508,222.13674680036135,-0.0075513878695669945,-0.0075800439522243105,0.012226013828845897,10.091461181640625,-0.10699575727532518,-0.014839387013392713
2025-09-09,233.68887329101562,238.1063683630383,232.70166073618753,236.33139119913957,66313900,231.29663772583007,230.07746406930474,55.76862879544472,239.92566285191123,222.6676125997489,-0.014839387013392713,-0.014950592233048619,0.012594965417020237,7.169708251953125,0.3533587077419158,-0.03225941254848019
2025-09-10,226.15020751953125,231.7643298806428,225.31258085277642,231.53498298240493,83440800,231.1540428161621,229.70343963599296,51.0875877804419,240.03334524277795,222.27474038954625,-0.03225941254848019,-0.032791215790723915,0.014480550691479629,-2.51287841796875,0.2582701364269029,0.014286302255316352
2025-09-11,229.3810577392578,229.7998710451417,226.010588238333,226.23995033725743,50208600,230.98950805664063,229.67273659820864,56.751800267935614,239.87234962870193,222.10666648457934,0.014286302255316352,0.014185214680128478,0.014380854573261388,-0.458709716796875,-0.3982727874133517,0.01756295951024689
2025-09-12,233.40966796875,233.84841389514688,228.3739115767776,228.5733443098202,55824200,231.05382614135743,230.0286348239745,58.05466909341781,239.98970406369935,222.11794821901552,0.01756295951024689,0.017410513088878223,0.014932996227686013,1.5057525634765625,0.11184538107017516,0.011235926409398633
2025-09-15,236.03224182128906,237.5180438551372,234.36695488957946,236.33139853346725,42699500,231.3086051940918,230.60040691895685,61.577662105171285,240.5168365266052,222.1003738615784,0.011235926409398633,0.011173272269641253,0.015063291259982734,4.5471343994140625,-0.23510771314232892,0.006125890181851501
2025-09-16,237.4781494140625,240.53949594661788,235.65332541334,236.51088466190768,63421100,231.6705810546875,231.25543001372884,60.91358360536815,241.2628766857792,222.0782854235958,0.006125890181851501,0.006107203194049533,0.015067239156654852,8.406219482421875,0.48528905490696617,0.003527257082143187
2025-09-17,238.3157958984375,239.42266510979977,237.05934071942244,238.2958480596019,46508000,232.09089202880858,231.9278458122725,60.58267838343365,242.08649274728862,222.09529131032855,0.003527257082143187,0.0035210509004652986,0.015054565301888015,0.5185394287109375,-0.2666793858826163,-0.004644626316983702
2025-09-18,237.2089080810547,240.51953392817583,235.98236714862816,239.2930082114909,44249600,232.6827178955078,232.4308041235851,56.7857095456806,242.4012063191694,222.9642294718462,-0.004644626316983702,-0.00465544610939042,0.0142707036809594,-1.8946533203125,-0.04855938763223533,0.03203292635537114
2025-09-19,244.80740356445312,245.60514967420656,239.53233423145286,240.54944568604057,163741300,233.70981216430664,233.60952787985823,64.39652619435978,244.00741669736692,223.41220763124636,0.03203292635537114,0.031530571933516646,0.015571007310258567,5.793609619140625,2.7004018115417994,0.043095737653501054
2025-09-22,255.35755920410156,255.9160073848096,247.42002368458668,247.5995237986898,105517400,235.121817779541,235.6807689583576,74.15687133490148,248.80225795236706,221.44137760671495,0.043095737653501054,0.04219296246145317,0.017744167056456265,18.148651123046875,-0.35558469366006007,-0.006443278871197333
2025-09-23,253.71221923828125,256.6140134777918,252.86462630601793,255.15814081026073,60275200,236.48147048950196,237.39804993739796,66.8141406032116,251.86162097929042,221.1013199997135,-0.006443278871197333,-0.006464126391678221,0.017862053825913392,20.023345947265625,-0.4287653031632698,-0.008332328960039437
2025-09-24,251.59820556640625,255.01853710208397,250.33178410429736,254.49999981420794,42303700,237.62822647094725,238.75044571158924,62.979065772409506,253.94544659624833,221.31100634564618,-0.008332328960039437,-0.008367236857623894,0.018113246204619907,25.447998046875,-0.29815745115735826,0.018073060767529903
2025-09-25,256.1453552246094,256.44452717224715,250.99992334214926,252.4956917858775,55202100,238.943505859375,240.40710376044828,66.28747369160145,256.78680158394593,221.10021013480403,0.018073060767529903,0.017911684479911448,0.018349894022336343,26.764297485351562,0.30490004420417116,-0.005489212856193304
2025-09-26,254.73931884765625,256.87328100426123,253.06405044687503,253.38315498635407,46076300,240.08527603149415,241.77207662589663,66.79403674163765,258.92643647555377,221.24411558743452,-0.005489212856193304,-0.005504333945722916,0.018493918966350508,21.32965087890625,-0.1653161745658227,-0.004031963397017835
2025-09-29,253.71221923828125,254.28061851263055,252.29622703166862,253.84185736381545,40127700,241.19663162231444,242.90923306517135,70.14444128553542,260.5178921169719,221.875371127657,-0.004031963397017835,-0.004040113676564628,0.01854283108197853,17.679977416992188,-0.12910324830769837,0.0007861175643599783
2025-09-30,253.9116668701172,255.1980209495745,252.39595068950493,254.1410137555297,37704300,242.4386184692383,243.9570839037376,82.76831792873432,261.6714897957369,223.20574714273974,0.0007861175643599783,0.0007858087357872592,0.018226502372669016,16.433517456054688,-0.06039219790817818,0.003220363988628794
2025-10-01,254.72935485839844,258.05994405161016,254.21081755391603,254.3205078449461,48713900,243.28522338867188,244.98301447084816,81.72736891561019,263.13850642317254,223.4319403541712,0.003220363988628794,0.0032151897222239072,0.016513869049507992,16.413558959960938,0.2919985253671331,0.006576576905767517
2025-10-02,256.40460205078125,257.45162766856953,253.43299812845933,255.85613542550084,42630200,244.15027542114257,246.07078471655606,80.58350312938865,264.7307542839365,223.56979655834863,0.006576576905767517,0.006555045573952552,0.01652227076678066,19.195693969726562,-0.12488632607941474,0.0034612549164674267
2025-10-03,257.2920837402344,258.5086431914624,253.23357360959045,253.9515436206674,49155600,245.06418991088867,247.13947986166826,79.643995882604,266.29728430622947,223.83109551554784,0.0034612549164674267,0.0034552785601604428,0.01649559592254528,12.48468017578125,0.15306988942111466,-0.005154581092728927
2025-10-06,255.96585083007812,258.3391414491699,254.33047806472084,257.2621712100349,44664100,246.00203704833984,247.98008662056444,75.8649398467927,267.430301839023,224.57377225765666,-0.005154581092728927,-0.005167911774969734,0.016417157509339527,0.6082916259765625,-0.09137310906590501,-0.0008181232786117487
2025-10-07,255.75643920898438,256.67382669789566,254.70938317067183,256.0854948355218,31955800,247.10541534423828,248.72069162898535,74.83665896861123,268.1329437333359,226.07788695514066,-0.0008181232786117487,-0.0008184581241036363,0.015863060911812377,2.044219970703125,-0.28453052899308395,0.006160398261371158
2025-10-08,257.3320007324219,257.7906945345413,255.38748958216482,255.79633660873378,36496900,248.6645050048828,249.5408163055031,78.27916537470692,267.6774790548061,229.65153095495953,0.006160398261371158,0.006141500579785572,0.0132744244171005,5.733795166015625,0.1421056584407212,-0.015577861438013874
2025-10-09,253.3233184814453,257.2721535801604,252.42586356688122,257.082687156571,38322000,249.8616180419922,249.9010546079738,63.310464700851476,266.64685107363056,233.0763850103538,-0.015577861438013874,-0.01570047132154628,0.014018566320864706,-2.8220367431640625,0.05000698689477745,-0.034522106251509976
2025-10-10,244.57806396484375,255.6567217403356,243.3116425485481,254.2207817432353,61999100,250.42003784179687,249.39410311815192,32.14407579488429,265.56353988179194,235.27653580180183,-0.034522106251509976,-0.03513207354504185,0.01623759032076153,-10.1612548828125,0.6178461458170241,0.00974435305541288
2025-10-13,246.96131896972656,248.98559082884384,244.86723728717817,248.6764678182016,38142900,250.96649169921875,249.16240938973047,39.08418334492123,264.64150681292375,237.29147658551378,0.00974435305541288,0.009697183027240885,0.0161985595040838,-6.7509002685546875,-0.3847830049145875,0.0004441806313149055
2025-10-14,247.07101440429688,248.14796941642882,244.00966795095763,245.90431694508948,35478000,251.44613494873047,248.9632289149273,42.17243056882016,263.73148690288565,239.1607829945753,0.0004441806313149055,0.00044408201230031126,0.016179393573998196,-6.8406524658203125,-0.06986621363346779,0.006336506208048043
2025-10-15,248.63658142089844,251.10959602979932,246.77186176083558,248.78616738422895,33893600,251.96217422485353,248.93211962978168,35.52478695835062,262.69411133148236,241.23023711822472,0.006336506208048043,0.006316514957929752,0.01620456189751611,-6.0927734375,-0.04465866170584587,-0.007579973963228515
2025-10-16,246.75192260742188,248.33743345063007,244.43847540742667,247.54966879270205,39777000,252.43932495117187,248.72448181812837,34.88110807138831,261.0479272031752,243.83072269916855,-0.007579973963228515,-0.007608847967879364,0.01628335629847198,-9.652679443359375,0.1735843935138197,0.019559419889786378
2025-10-17,251.5782470703125,252.66518358811555,246.57242016484557,247.3203043073955,49147000,252.77786712646486,248.99626898500304,46.46862996417422,260.62128435242727,244.93444990050241,0.019559419889786378,0.019370592698148312,0.015284762974155538,-5.713836669921875,0.23556326520350956,0.039438767662544505
2025-10-20,261.50018310546875,263.63416054313814,254.90884523128253,255.168106265739,90483000,253.0849983215332,250.1871179488569,59.50060959511499,261.787733086627,244.38226355643937,0.039438767662544505,0.03868092101339173,0.014774002607958869,5.534332275390625,0.8410686308421673,0.0020211608621845123
2025-10-21,262.0287170410156,264.54162761794373,261.0913663387469,261.1412435480521,46695900,253.5008232116699,251.31488929096724,59.205245152617366,263.08031946839213,243.92132695494772,0.0020211608621845123,0.002019121064612679,0.01466154460583394,6.27227783203125,-0.48392626239183056,-0.016440300357890014
2025-10-22,257.72088623046875,262.1084670888602,254.70938662410154,261.9090191460537,45015300,253.80695724487305,251.92498423758644,51.556611774556195,263.52082874345956,244.09308574628656,-0.016440300357890014,-0.01657694178315752,0.015060665125855868,0.388885498046875,-0.03599031178326151,0.004372173918809619
2025-10-23,258.8476867675781,259.8847613495841,257.28213901467177,259.206686997747,32754900,253.94207382202148,252.5842892404428,51.82927135615276,263.86580817646603,244.0183394675769,0.004372173918809619,0.004362643734738812,0.014561396418181837,5.5243682861328125,-0.2723607306849005,0.012481724364091562
2025-10-24,262.07855224609375,263.3848541030092,258.44880663072195,260.4531458541269,38253700,254.30903549194335,253.48850476479052,56.87989541786826,264.8786628415878,243.73940814229888,0.012481724364091562,0.012404469824879983,0.014717853069331403,17.50048828125,0.16787717257570622,0.022791311850895335
2025-10-27,268.0516662597656,268.36078929414754,263.90339825112477,264.13276036080543,44888200,255.02600784301757,254.87547252621673,62.24915068623094,267.2422918823009,242.80972380373424,0.022791311850895335,0.022535469923743244,0.015391640463823976,21.090347290039062,0.17343420375022545,0.0007067783895675639
2025-10-28,268.2411193847656,269.12862319727753,267.39351124836816,268.23113785786586,41534800,255.74248046875,256.14839127464995,61.17692413999249,269.2916838751158,242.1932770623842,0.0007067783895675639,0.0007065287393462459,0.015392214695829366,21.17010498046875,-0.07470560191765319,0.0026022429598195895
2025-10-29,268.93914794921875,270.6443152614699,266.35642794866993,268.5203194424725,51086700,256.45297012329104,257.3665585769898,67.16352728439996,271.2145064475723,241.69143379900976,0.0026022429598195895,0.002598862988010724,0.015392075927493597,20.302566528320312,0.2299734198792338,0.006303249053230431
2025-10-30,270.63433837890625,273.36662916750566,267.72259312931254,271.2226702585742,69886500,257.1644569396973,258.6301566533628,83.89103103022046,273.2302665393254,241.0986473400692,0.006303249053230431,0.006283466664280875,0.01538869547078631,23.882415771484375,0.36799793292579097,-0.0037950435186790976
2025-10-31,269.6072692871094,276.53767519933945,268.40069127196034,276.2085891024436,86167100,257.780216217041,259.67559595181484,80.53243757115578,274.7832978677278,240.77713456635422,-0.0037950435186790976,-0.00380226296753672,0.015458078352536786,18.029022216796875,0.2329577243101315,-0.004882341269010326
2025-11-03,268.29095458984375,270.08589475979994,265.49886601188945,269.65711516237894,50194600,258.3964714050293,260.4961062982938,77.70828584681153,276.0052970746176,240.78764573544095,-0.004882341269010326,-0.004894298833628012,0.01545114437552334,6.790771484375,-0.41747372256928683,0.0036797500454424092
2025-11-04,269.2781982421875,270.72408938596277,266.86501191822913,267.5730004152706,49274800,259.07255935668945,261.33249600723605,77.36644895194699,277.28265680166726,240.86246191171162,0.0036797500454424092,0.0036729963281676823,0.015433530893496228,7.249481201171875,-0.01832468034410073,0.00037036583712879434
2025-11-05,269.3779296875,270.9335263776032,266.17696342424256,267.8522167164328,43683100,259.6748558044434,262.0987277863088,81.48760344618165,278.4312005591637,240.91851104972307,0.00037036583712879434,0.00037029726863190167,0.015419349016758982,11.65704345703125,-0.11347991265312085,-0.0013697782796735503
2025-11-06,269.0089416503906,272.6287059365568,267.1342708755924,267.1342708755924,51204000,260.4591369628906,262.75684339241184,77.69317669419003,279.40800677590005,241.5102671498812,-0.0013697782796735503,-0.0013707172835239541,0.014864665221423158,10.1612548828125,0.1721695575634512,-0.004818894404181151
2025-11-07,267.7126159667969,271.5218466038475,266.0173996929098,269.03885049148494,48227400,261.6158645629883,263.2288217328295,63.5966289117968,279.2625581398453,243.9691709861313,-0.004818894404181151,-0.0048305427121975416,0.012140839315720568,5.634063720703125,-0.05813217717365826,0.00454869456011342
2025-11-10,268.93035888671875,273.22240319845355,266.96401085683,268.46122924118225,41312400,262.7143165588379,263.77182527129514,64.66269442481376,279.2181707010597,246.21046241661605,0.00454869456011342,0.004538380514148896,0.012080367460166908,0.878692626953125,-0.14338322198584208,0.02160114657791201
2025-11-11,274.73956298828125,275.3983427074405,269.2996575494418,269.3096487524697,46208300,264.0977439880371,264.8163717205319,83.98831276161593,279.69401835897906,248.50146961709515,0.02160114657791201,0.021371148071028613,0.012635002918726768,6.498443603515625,0.11850921273031823,-0.006466862149501096
2025-11-12,272.9628601074219,275.2186787593472,271.19615348009904,274.49002155435767,48398000,265.3140579223633,265.59222775737857,77.47642209966281,279.5700798953737,251.0580359493529,-0.006466862149501096,-0.006487862890758322,0.012906298385700423,4.023712158203125,0.047387590541093205,-0.0019014031834500011
2025-11-13,272.44384765625,276.1868935731559,271.5854266195937,273.6016697208788,49602800,266.59865417480466,266.2447629858425,72.55863318526706,278.1939304853913,255.00337786421804,-0.0019014031834500011,-0.001903213145158224,0.012681126958584735,1.80950927734375,0.02489359064424157,-0.00197850671637112
2025-11-14,271.9048156738281,275.44821996704485,269.10002929321837,270.54732197227213,47431300,267.61498260498047,266.7838156227935,60.98386782473136,277.02409136219194,258.205873847769,-0.00197850671637112,-0.001980466546235507,0.012291771026873847,2.29754638671875,-0.043777770609723654,-0.018171161859606544
2025-11-17,266.9639892578125,269.98836893107386,265.237217022597,268.3214829895084,45018300,267.88817291259767,266.80097501660487,47.135376380151826,276.8567046431509,258.9196411820444,-0.018171161859606544,-0.018338285065585238,0.010094645011624014,-1.32696533203125,-0.05087357926095215,-7.464669137968727e-05
2025-11-18,266.9440612792969,270.2079864201871,264.8279974843966,269.48932037088264,45677300,268.1339401245117,266.8146022797184,45.38458823114124,276.6861237161023,259.5817565329211,-7.464669137968727e-05,-7.464947758260898e-05,0.010095268528758054,-2.334136962890625,0.01463849145791829,0.0041877290655560895
2025-11-19,268.06195068359375,271.7051756343288,265.00762791735707,265.0375710636542,40424500,268.65099334716797,266.93339736580174,43.8857520876009,275.6643770977059,261.63760959663006,0.0041877290655560895,0.0041789849317348,0.009239523159584552,-1.31597900390625,-0.11499804060222474,-0.008601349703672212
2025-11-20,265.7562561035156,274.91922505965954,265.42688147061517,270.327749378444,45823600,268.99642181396484,266.8212886741554,41.37110472288247,274.4933901182376,263.4994535096921,-0.008601349703672212,-0.008638554808404069,0.009516176698124698,-3.252685546875,0.13356009350764997,0.019680647235321702
2025-11-21,270.98651123046875,272.8230952896135,265.17732758833057,265.4568071090486,59030800,269.4418197631836,267.21797653666147,55.138587342255235,273.92958294814946,264.9540565782178,0.019680647235321702,0.01948948732721377,0.010078501182601105,3.273895263671875,0.2882182979949197,0.016317468883471742
2025-11-24,275.4083251953125,276.4863089537433,270.397615191446,270.397615191446,65585800,269.8096527099609,267.9980097422473,60.33290054958735,274.97279590184354,264.6465095180783,0.016317468883471742,0.016185769721398423,0.009450551752436448,6.47796630859375,0.11104372632591808,0.003805495657415614
2025-11-25,276.4563903808594,279.8600705608694,274.73957871594786,274.75953066216096,46914200,270.2204162597656,268.8035698030675,61.56177442010932,276.1136776602927,264.32715485923853,0.003805495657415614,0.0037982730766835957,0.009464033235486573,1.716827392578125,-0.2846896736793635,0.002093957526739132
2025-11-26,277.0352783203125,279.01161742605893,276.1170014953278,276.44637611579356,33431400,270.62522277832034,269.5875420428051,63.02072864632583,277.21857425038525,264.0318713062554,0.002093957526739132,0.0020917682533082623,0.00946174626144376,4.072418212890625,-0.2873927297065707,0.0046839067924580036
2025-11-28,278.3328857421875,278.4826014787427,275.4781737009374,276.7458380127342,20135600,271.01015014648436,270.42043191893674,67.2280214693707,278.4502682971806,263.5700319957881,0.0046839067924580036,0.004672971434540764,0.009425577565629287,5.8890380859375,-0.3977039549644945,0.01524119743713337
2025-12-01,282.57501220703125,282.89442609469603,275.62792768573877,277.4944549964911,46587700,271.65853729248045,271.57801099399336,70.15634298079524,280.6767386875485,262.6403358974124,0.01524119743713337,0.0151262172065036,0.009821376674881243,10.670196533203125,1.3136981267009675,0.010914832876105063
2025-12-02,285.6592712402344,286.86701880065203,282.10587559562896,282.47518456741903,53669500,272.526953125,272.9190833983973,67.54333409491386,283.3451133885063,261.70879286149363,0.010914832876105063,0.010855696011275954,0.009840325019537811,18.695281982421875,0.1520100799137969,-0.007128157809805358
2025-12-03,283.623046875,288.0847586222564,282.77461708045536,285.6692634925469,43538700,273.24419555664065,273.93850849140705,66.98476047662531,285.0155699670088,261.4728211462725,-0.007128157809805358,-0.007153684504557431,0.01010505310398163,16.678985595703125,-0.18876270507457682,-0.012141479874668626
2025-12-04,280.179443359375,284.20196835267484,278.07334059490756,283.5731318378766,43989100,273.7842712402344,274.5328832407373,61.274336251696845,285.7974305083242,261.7711119721445,-0.012141479874668626,-0.012215789741831256,0.010627204345829432,12.11749267578125,0.010344819666181948,-0.006840055245008081
2025-12-05,278.26300048828125,280.6186397013617,277.53434330937836,280.01974631085085,47265800,274.2469741821289,274.88813250240815,58.909107391636404,286.1984052071195,262.2955431571383,-0.006840055245008081,-0.00686355564689062,0.01078824469771878,12.506744384765625,0.07448890747935288,-0.003192433705098474
2025-12-08,277.3746643066406,279.15136205700173,275.6378704438954,277.6142094762677,38211800,274.7300765991211,275.1249450551922,66.45637339132398,286.3457755146938,263.1143776835484,-0.003192433705098474,-0.003197540392983899,0.010742172117190007,6.388153076171875,-0.19155499325093406,-0.002555062909471051
2025-12-09,276.66595458984375,279.5106752769474,276.40645748061854,277.64414811825674,32193300,275.11685638427736,275.27170786801616,65.04009691622468,286.43065901338275,263.80305375517196,-0.002555062909471051,-0.0025583326534953568,0.010764929359769835,1.25762939453125,-0.15750370304460926,0.005772469911612843
2025-12-10,278.26300048828125,279.2312028389952,275.92734368017386,277.23491184461454,33038300,275.2930282592773,275.55659287947,65.55082064833078,286.69150700352765,263.894549515027,0.005772469911612843,0.005755873046479309,0.00974039430454937,1.806610107421875,0.026247697502275402,-0.002690246960942222
2025-12-11,277.514404296875,279.07150890817053,273.3022288840155,278.5824273392719,33248000,275.52060546875,275.743051109699,68.81787021471335,286.9049368908028,264.13627404669717,-0.002690246960942222,-0.0026938721785778564,0.009630490325464796,0.4791259765625,0.006347178880269366,0.0008992046267306542
2025-12-12,277.7639465332031,278.70220580092337,276.30666253778065,277.38464634485007,39532900,275.78661041259767,275.93551734050897,62.90386494818884,287.11673074498754,264.4564900802078,0.0008992046267306542,0.0008988005844432756,0.009608390093955095,-0.568939208984375,0.18903091915303172,-0.01498499906996098
2025-12-15,273.6016540527344,279.63046152672615,272.33402020742307,279.63046152672615,50409100,275.87145233154297,275.7132446464352,46.525864851383474,287.10417677888336,264.6387278842026,-0.01498499906996098,-0.015098408555415868,0.010240742651412062,-8.973358154296875,0.2751176867874605,0.0018241281266524467
2025-12-16,274.1007385253906,274.9891026980292,271.2859911871425,272.3140798989353,37648600,276.22828979492186,275.55967263490714,45.37250190639253,286.6970185408478,265.7595610489959,0.0018241281266524467,0.0018224664254049999,0.009265947552901273,-11.55853271484375,-0.25313881818957296,-0.010087028861802017
2025-12-17,271.33587646484375,275.6478724530811,271.13626563598973,274.50001118897205,50138700,276.44788055419923,275.15740633299635,39.689466094564665,286.26030280379496,266.6354583046035,-0.010087028861802017,-0.010138247658845124,0.009611600413275564,-12.28717041015625,0.33175470004196694,0.001287574790797219
2025-12-18,271.68524169921875,273.12257373871984,266.4549687260805,273.1025913325419,51630700,276.6290451049805,274.8267239869223,37.54679314058866,285.90890151947514,267.34918869048585,0.001287574790797219,0.001286746577224654,0.009580580542994545,-8.49420166015625,0.029757452825861064,0.005437411303821804
2025-12-19,273.1625061035156,274.09077415448866,269.399477884542,271.6453053723066,144632000,276.99935760498045,274.66822704564544,30.32965771465379,284.94796180717515,269.05075340278574,0.005437411303821804,0.005422681951884745,0.009374139414764856,-5.100494384765625,1.8012790839558637,-0.009865948891234266
2025-12-22,270.4674987792969,273.37210596231955,270.00836035897595,272.3539780142796,36571800,276.97340698242186,274.2681576869456,17.727036979409775,285.0075951950923,268.93921876975145,-0.009865948891234266,-0.009914939859583293,0.008644151990321328,-6.90716552734375,-0.7471389457381492,0.005129713035979311
2025-12-23,271.85491943359375,271.99467443806464,269.06012395403746,270.3377490962612,29642000,276.7957366943359,274.03832547234066,24.291447771940582,285.1273120844528,268.46416130421903,0.005129713035979311,0.005116600880012278,0.007854434086589257,-4.81103515625,-0.18948479429505793,0.005323781322749355
2025-12-24,273.3022155761719,274.9192064044749,271.69521595033444,271.8349404799371,17910600,276.6380279541016,273.9682197679436,33.540423480604474,285.1147955633829,268.1612603448202,0.005323781322749355,0.005309660095674185,0.007906619966566282,-4.960784912109375,-0.3957695162269752,-0.0014973926274014504
2025-12-26,272.8929748535156,274.859322715931,272.35396775197984,273.65157518449314,21521800,276.43091278076173,273.865815490379,36.14834920030165,285.067721757834,267.79410380368944,-0.0014973926274014504,-0.0014985148401437073,0.007884309492216433,-4.621429443359375,0.20162361953256736,0.001316908213532919
2025-12-29,273.2523498535156,273.8512128461511,271.8449608988494,272.1843267483383,23715200,276.1768859863281,273.80739019163013,39.06843798758263,284.876781909435,267.4769900632212,0.001316908213532919,0.0013160418504418513,0.007798249624395442,-4.5115966796875,0.10191526731035516,-0.0024840480713893553
2025-12-30,272.5735778808594,273.5717234473003,271.77507361210075,272.304089543875,22139600,275.6768142700195,273.68988425727105,39.13056870001929,283.96841146025207,267.38521707978697,-0.0024840480713893553,-0.002487138437606135,0.006813278115488706,-1.028076171875,-0.06643840237484822,-0.00446757506501283
2025-12-31,271.3558349609375,273.17246717497864,271.24605357156486,272.553621806917,27293600,274.9616424560547,273.46759384809644,31.2771948632936,282.0007404005304,267.92254451157896,-0.00446757506501283,-0.004477584501558454,0.006139981237525234,-2.744903564453125,0.23279553379464857,-0.003126592761770741
2026-01-02,270.5074157714844,277.32473598417806,268.5011336129586,271.75509761912826,37838100,274.3058609008789,273.1856721265143,31.108843929209073,280.3159663256215,268.29575547613626,-0.003126592761770741,-0.0031314907649584198,0.00604734658083606,-0.828460693359375,0.38633599085499903,-0.013837114156417418
2026-01-05,266.7643737792969,271.0064921177503,265.6464557026853,270.1381104139889,45647200,273.635107421875,272.5741199029698,25.045418039823872,279.8751031505307,267.39511169321923,-0.013837114156417418,-0.013933739398968666,0.0062018013410656235,-4.920867919921875,0.20638192721093285,-0.018334270451824564
2026-01-06,261.8734436035156,267.0538212812338,261.6338984265986,266.504853430471,52352100,272.81562957763674,271.5550078744504,24.24389053904801,280.60822808476104,265.02303107051245,-0.018334270451824564,-0.018504426184870557,0.00709941790914541,-11.2890625,0.1468852415920363,-0.007737497507594893
2026-01-07,259.8471984863281,263.1909919246956,259.32817380451803,262.71190159101934,48309800,271.9392562866211,270.43997840891495,20.66567181427412,281.347837073368,262.53067549987423,-0.007737497507594893,-0.007767587254826069,0.0071779895745005045,-10.62030029296875,-0.0772137125349317,-0.004955093401707855
2026-01-08,258.55963134765625,258.80916773471864,255.22581364132833,256.5433578451618,50419300,271.03394012451173,269.3085167840332,22.003637871310303,281.8992141524818,260.16866609654164,-0.004955093401707855,-0.004967410582383972,0.00718610197855316,-13.2952880859375,0.04366608845410247,0.0012738888084979916
2026-01-09,258.8890075683594,259.7274461787287,255.74485516422806,258.5995368285105,39997000,270.06524047851565,268.31618257301665,21.93525069106535,281.647712231408,258.4827687256233,0.0012738888084979916,0.0012730781005779077,0.006951999839324586,-14.4132080078125,-0.20671250890036152,0.0033929113461488303
2026-01-12,259.76739501953125,260.8154357257053,256.32378048041085,258.6794199598783,45263800,269.1778900146484,267.50201232982755,19.82922996765241,281.07249391412614,257.2832861151707,0.0033929113461488303,0.0033871684089656568,0.007123867360688953,-13.125579833984375,0.1316798759906994,0.003073874731586601
2026-01-13,260.5658874511719,261.3244878277737,257.9108470550362,258.24022168851656,45730800,268.3179870605469,266.84142900805085,25.614566203593753,280.0849807646155,256.5509933564783,0.003073874731586601,0.003069160037768495,0.007207037031438047,-12.68646240234375,0.010317295498831314,-0.004175458991876879
2026-01-14,259.4779052734375,261.33447181199796,256.23393227813756,259.0087756526009,40019400,267.611799621582,266.1401410333258,19.061902131957382,279.733559647424,255.49003959574,-0.004175458991876879,-0.004184200562639289,0.006658478526600761,-13.095672607421875,-0.12489175785247575,-0.0067318453757286845
2026-01-15,257.73114013671875,260.5559089501236,256.5732877053955,260.1666175851947,39388600,266.79331970214844,265.3392838050775,11.652013402137797,279.27550895241626,254.31113045188064,-0.0067318453757286845,-0.0067546064536927915,0.006632360438171714,-13.62469482421875,-0.015762355257699978,-0.0103790448074641
2026-01-16,255.05613708496094,258.41988279267105,254.45724364888233,257.4217372195352,72142800,265.9793327331543,264.35993649839975,10.482189932137643,279.3087550241907,252.6499104421179,-0.0103790448074641,-0.01043328271118352,0.006648960704062062,-15.451278686523438,0.8315654783363715,-0.03455564430294322
2026-01-20,246.2425079345703,254.31750190322293,242.9685916985444,252.26132447540706,80267500,264.7071960449219,262.63446711136834,6.4671304291368585,280.3920351165642,249.02235697327956,-0.03455564430294322,-0.03516681140302266,0.009592331839656458,-20.521865844726562,0.11261969316411347,0.0038508468560267684
2026-01-21,247.1907501220703,251.09350304772093,244.72532928784554,248.23880604127606,54641700,263.4086082458496,261.1636369219114,9.441757881663264,280.39265242039625,246.424564071303,0.0038508468560267684,0.0038434513252299496,0.009508888470806224,-14.682693481445312,-0.31925499112343103,0.002826561879143208
2026-01-22,247.8894500732422,250.53452965267718,247.68980878155546,248.737864640942,39708300,262.2797058105469,259.8994286506096,11.871524377394039,280.26041046355346,244.29900115754032,0.002826561879143208,0.002822574664753265,0.009586013616235189,-11.957748413085938,-0.2732967678531232,-0.0012482700788880585
2026-01-23,247.58001708984375,248.94748685874615,244.22624741136653,246.86136630134166,41689000,261.0659606933594,258.7261513591081,12.083161317087587,279.5940892522902,242.53783213442858,-0.0012482700788880585,-0.0012490498169329728,0.009359042192926596,-10.9796142578125,0.04988125908185448,0.0297129735567756
2026-01-26,254.9363555908203,256.08421686766076,249.336758511775,251.01363570547153,55969200,260.1476676940918,258.36521842879495,32.527275456754865,277.92770225100054,242.36763313718308,0.0297129735567756,0.029280096957102087,0.011952862992866483,-3.9526519775390625,0.34254119791791604,0.011197539980376536
2026-01-27,257.791015625,261.46421404872183,257.73112933459527,258.68937090303496,49648300,259.392569732666,258.31053244748114,43.5832716953655,276.1466626043251,242.63847686100692,0.011197539980376536,0.011135311634926056,0.012388581080721819,-1.97637939453125,-0.11293532871650835,-0.007085403423770176
2026-01-28,255.96446228027344,258.3799575946877,254.03803333601454,257.17220993748055,41288000,258.5281753540039,258.0870971934614,43.85859310400755,274.0067724320234,243.04957827598437,-0.007085403423770176,-0.007110624097650485,0.012385183835094453,-4.6014251708984375,-0.16839045848498335,0.007175070687510443
2026-01-29,257.801025390625,259.16847988830324,253.93820707645818,257.52154586161765,67253000,257.7895477294922,258.0598522598579,48.820579926610066,271.7849010577371,243.79419440124732,0.007175070687510443,0.007149452337149825,0.012600592748643879,-1.6768798828125,0.6288752179810115,0.0046461584937966816
2026-01-30,258.9988098144531,261.41430490835,251.7123292610244,254.69678984095313,92443400,257.171696472168,258.149276788867,50.16622331210344,269.6546571300702,244.68873581426578,0.0046461584937966816,0.004635398415236556,0.012697971531229956,1.267669677734375,0.37456172958827105,0.04058126002356821
2026-02-02,269.5093078613281,269.98839826257677,258.7293169184304,259.5478036352127,73913400,257.12179107666014,259.23118451005377,61.41791567947442,269.3863389738074,244.85724317951286,0.04058126002356821,0.039779460893500804,0.01589742193531358,14.453170776367188,-0.20044697620381768,-0.0019629088916998105
2026-02-03,268.98028564453125,271.3758289780004,267.11372779647115,268.70080609664296,64394700,257.2325866699219,260.15967033238496,59.92470523528624,269.8974146409609,244.56775869888287,-0.0019629088916998105,-0.001964837922112354,0.015574479313115912,22.737777709960938,-0.12878179058195127,0.02601286642781786
2026-02-04,275.97723388671875,278.432693698261,271.7850411492978,271.7850411492978,90545700,257.93777618408205,261.6661049566072,67.08000068237865,273.02885596116965,242.84669640699445,0.02601286642781786,0.025680287047938025,0.01590110622123315,28.786483764648438,0.40610485024388643,-0.002097593092373451
2026-02-05,275.3983459472656,278.98168486317746,272.72332314901723,277.6142303156022,52977400,258.71533355712893,262.97393743190804,68.74215730075173,275.7038867655107,241.72678034874716,-0.002097593092373451,-0.0020997961220096443,0.01575474651736755,27.508895874023438,-0.4149098190195669,0.008009748840153375
2026-02-06,277.6042175292969,280.3890519626743,276.4164219647768,276.6060720438839,50453400,259.6675628662109,264.36729744118315,74.16048775144165,278.6386369524755,240.6964887799463,0.008009748840153375,0.00797784107081465,0.015675528833487887,30.024200439453125,-0.04764295718551681,-0.01166048390953256
2026-02-09,274.3672180175781,277.9439398399519,271.4499228389202,277.6541982366954,44623400,260.44147338867185,265.3196708294113,84.22621622976664,280.50992367482917,240.37302310251454,-0.01166048390953256,-0.011729000497211482,0.016042363963630717,19.430862426757812,-0.11555217289617747,-0.003422959769044165
2026-02-10,273.4280700683594,275.11651686144285,272.68876099546605,274.6369782150198,34376900,261.12450714111327,266.0918993283587,81.93643577810062,282.00962861299007,240.2393856692365,-0.003422959769044165,-0.003428831498793266,0.016106497694231114,15.637054443359375,-0.22962167831227565,0.006650117732854843
2026-02-11,275.24639892578125,279.92208361183503,274.1973776592452,274.44714753122867,51931300,261.85853271484376,266.96375643287513,82.41572271893108,283.67226243533497,240.04480299435255,0.006650117732854843,0.006628103245317512,0.016130835927645137,19.281936645507812,0.5106452297909352,-0.04998173910671744
2026-02-12,261.4891052246094,275.46621856633783,259.94051360693726,275.3363333447182,81077200,261.95909271240237,266.4423610797069,62.498080479463326,283.74513925555584,240.17304616924892,-0.04998173910671744,-0.05127407257936166,0.019976791661178075,3.688079833984375,0.5612395607273455,-0.022733450234726726
2026-02-13,255.5445556640625,261.9886306947134,255.21485759663088,261.7688319830923,56290700,261.84976348876955,265.40447484964557,50.56072765312005,283.74680875393153,239.95271822360758,-0.022733450234726726,-0.022995839415095466,0.02059576195576866,-3.454254150390625,-0.30571480021510367,0.03166790148756515
2026-02-17,263.6371154785156,266.0449008431299,255.30478047881587,257.8124646511843,58469100,262.27881240844727,265.23615490953796,54.91508385392453,283.9504888879243,240.60713592897025,0.03166790148756515,0.03117681438621338,0.021624825123451503,-5.8721923828125,0.03869911015496341,0.0017811375828364895
2026-02-18,264.106689453125,266.57441720150126,262.20844437502524,263.35737977838915,34203300,263.172021484375,265.128586770832,57.00538864941378,283.491128598217,242.85291437053303,0.0017811375828364895,0.0017795532383034164,0.019856759334057988,-4.87359619140625,-0.4150192152778134,-0.014261551090285374
2026-02-19,260.3401184082031,264.2365527856389,259.81060750150084,262.35827847824623,30845300,263.82948989868163,264.67254216486737,52.11435901892887,282.77588179184306,244.88309800552017,-0.014261551090285374,-0.014364224365880748,0.020258295919212167,-15.637115478515625,-0.09817766121982385,0.015350449692731916
2026-02-20,264.3364562988281,264.5063132392292,257.9223826043077,258.73163460792017,42070500,264.65184020996094,264.64053398714935,54.24683837519534,282.04956741790096,247.25411300202094,0.015350449692731916,0.015233823534795543,0.020452107021598324,-11.0618896484375,0.36391930050931576,0.006047257970275721
2026-02-23,265.9349670410156,269.1819753311392,263.13755670993424,263.24744081710827,37308200,265.56958770751953,264.7638133256128,46.68616646238848,281.00085052341916,250.13832489161987,0.006047257970275721,0.00602904668779855,0.02042957594295718,-11.66925048828125,-0.1131980841682414,0.02239103564464129
2026-02-24,271.8895263671875,274.6369951599546,267.46358073991865,267.61343657617186,47014600,266.41724624633787,265.44245266290557,52.45066535320121,281.23966093625376,251.59483155642198,0.02239103564464129,0.022144036649487702,0.020001544949883945,-2.477691650390625,0.26016800596115597,0.007679860855135612
2026-02-25,273.97760009765625,274.6869380517792,270.8005039088116,271.5298429675081,33714300,267.2265754699707,266.2553238471675,48.16369677511928,281.83184280869636,252.62130813124512,0.007679860855135612,0.007650520846136862,0.019944895377343858,0.549530029296875,-0.2828972276697026,-0.0046676776162442035
2026-02-26,272.6987609863281,275.8558253670768,270.55071567552415,274.6969199809464,32345100,268.06329040527345,266.86898452708755,47.5523833134853,281.846182125679,254.28039868486795,-0.0046676776162442035,-0.0046786052410885525,0.019886264126653185,-2.547637939453125,-0.040611847198369855,-0.03213044438249635
2026-02-27,263.93682861328125,272.5588900215503,262.6480379442022,272.5588900215503,72366500,268.3700805664063,266.5897315829155,38.924908489222716,281.4462114481114,255.29394968470115,-0.03213044438249635,-0.032657957379533524,0.021375828594626892,2.447723388671875,1.237324973489029,0.0020440108677830526
2026-03-02,264.476318359375,266.2846497598317,259.960490133898,262.16844722421786,41827900,268.64395599365236,266.3884541330545,41.61870099886165,281.1088136096952,256.17909837760953,0.0020440108677830526,0.002041924719824955,0.021362913357505387,8.9317626953125,-0.4219991294314358,-0.003664168116717992
2026-03-03,263.5072326660156,265.31556422164516,259.8905695547566,263.23749216234586,38568900,268.3438522338867,266.1140520885746,41.59759563542075,281.0083991470641,255.67930532070932,-0.003664168116717992,-0.0036708976244395467,0.01926510178639682,-0.1298828125,-0.07791450204289485,-0.0046635601744375865
2026-03-04,262.2783508300781,265.9050144519466,261.179387723623,264.4063951364299,39803100,268.0087554931641,265.74874720681305,38.906006630231204,280.95394780319015,255.063563183138,-0.0046635601744375865,-0.004674468498819032,0.01928205129829598,-1.828338623046875,0.03199987554739692,-0.008494547048829904
2026-03-05,260.0504150390625,261.3192350446657,257.01320478174756,260.54995479568396,49658600,267.21241455078126,265.20604890512254,48.46676766145887,280.0527365313028,254.37209257025975,-0.008494547048829904,-0.008530831338801404,0.018245975251517957,-0.289703369140625,0.24760634221957578,-0.010872595974432131
2026-03-06,257.2229919433594,258.53178361058343,254.13584003818684,258.39192833924307,41120000,266.30364685058595,264.445757765907,51.9160330288295,279.27659678269526,253.33069691847663,-0.010872595974432131,-0.01093213459894777,0.018333292375823054,-7.11346435546875,-0.17194604761310228,0.009399570490431275
2026-03-09,259.6407775878906,260.9095975388004,253.44647267699952,255.45463216869055,38218500,265.4054748535156,263.9881406060959,44.75890112704918,277.5447496314779,253.26620007555331,0.009399570490431275,0.009355669414157603,0.01838077684108845,-6.294189453125,-0.07056177042801559,0.0036555398041986376
2026-03-10,260.58990478515625,262.2384104290217,256.71350175461305,257.4128391437035,30590800,264.7166091918945,263.66449909933976,45.44511673573155,276.26381773303774,253.1694006507513,0.0036555398041986376,0.003648874557014285,0.018327709925010097,-11.29962158203125,-0.19958135457958837,-7.670678451010549e-05
2026-03-11,260.5699157714844,261.888707997661,259.3110658747261,260.8496568052655,26218900,264.0737014770508,263.36977687763925,50.32961953238675,274.9934520845238,253.15395086957778,-7.670678451010549e-05,-7.670972662595488e-05,0.018333261413756394,-13.407684326171875,-0.14291551708356764,-0.01936274610273292
2026-03-12,255.52456665039062,258.71164792954545,253.94601921584928,258.4219063383753,40794000,263.0876098632813,262.6226139988537,37.72955974842767,273.2980847004618,252.87713502610075,-0.01936274610273292,-0.0195526595655038,0.01859000133008768,-17.1741943359375,0.555900514514339,-0.022051876328148423
2026-03-13,249.8897705078125,256.0940459350445,249.29033192864068,255.24483747003174,36930000,262.5076431274414,261.4099622378021,29.915017713874875,274.29618396105656,250.7191022938262,-0.022051876328148423,-0.02229865363447962,0.0157501604767593,-14.04705810546875,-0.09471981173702015,0.010794859745288043
2026-03-16,252.58729553222656,253.6563027081548,249.6499992581203,251.87794235419486,32074200,262.3597801208496,260.5697082658425,23.69281473911613,274.5822571821835,250.1373030595157,0.010794859745288043,0.010737011185857437,0.015219173512682729,-11.889022827148438,-0.1314865962632007,0.005577047742174601
2026-03-17,253.99598693847656,254.89516767044782,251.94787083452104,252.72716690012706,32361600,261.87772369384766,259.94363956799816,22.25304005305658,274.63679785594275,249.11864953175254,0.005577047742174601,0.005561553592463054,0.013318838434960928,-9.511245727539062,0.008960472903455141,-0.01687444479508171
2026-03-18,249.70994567871094,254.70534343896443,248.7708084606242,252.3974721128864,35757900,261.15788650512695,258.9690020547327,20.53777634370752,274.9685962769333,247.3471767333206,-0.01687444479508171,-0.017018440434935896,0.01370427600819858,-12.568405151367188,0.10494845743102932,-0.003920930967820313
2026-03-19,248.73085021972656,251.5982036354298,247.0723745163624,249.17043241392184,34864100,260.5774230957031,257.99393997520826,25.655801900458712,275.46661611536666,245.68823007603956,-0.003920930967820313,-0.003928637969992818,0.013437962848771549,-11.319564819335938,-0.024995875037404303,-0.0038962445152316283
2026-03-20,247.76173400878906,248.97061168291066,245.77356028907465,247.7517334570195,88331100,259.74868698120116,257.0194441688826,23.6036965191513,275.57267817306223,243.92469578934012,-0.0038962445152316283,-0.0039038546496206693,0.012789064171347867,-9.461257934570312,1.5335832561287974,0.014113480475494988
2026-03-23,251.25851440429688,254.3656523266213,250.0496214753341,253.73622734962268,40546100,259.0148643493652,256.47078419130304,32.08651331351703,274.99140549533905,243.03832320339134,0.014113480475494988,0.014014812591042392,0.013214621236726697,-8.38226318359375,-0.5409759416558834,0.0005964238375686381
2026-03-24,251.4083709716797,254.5954370944537,249.32029842391177,250.1195650925759,45152300,257.99080657958984,255.98864959895795,33.58480827148233,273.09441229277957,242.88720086640012,0.0005964238375686381,0.0005962460475602484,0.011861547645110656,-9.181533813476562,0.11360402110190626,0.0038944425565474727
2026-03-25,252.38746643066406,254.76528059453105,251.3684162845015,253.86611511385965,28476700,256.9112998962402,255.64567977340616,37.97428282569955,270.1784176299454,243.64418216253506,0.0038944425565474727,0.0038868788463975487,0.011697102973848711,-8.182449340820312,-0.3693189494222886,0.0010688333127273353
2026-03-26,252.6572265625,256.76344411909713,250.53918279672283,251.88793104116345,41796700,255.90922317504882,255.3610651818913,42.20939157530559,267.0054341804678,244.81301216962987,0.0010688333127273353,0.0010682625170895263,0.01175085340145516,-2.867340087890625,0.4677508278698024,-0.016173068672430957
2026-03-27,248.57098388671875,255.2548282141602,247.8416601166152,253.666280215245,47900000,255.14093093872071,254.71439077282724,32.12904471791052,266.02258973532867,244.25927214211274,-0.016173068672430957,-0.016305280196262602,0.010155379044274628,-1.31878662109375,0.14602348989274283,-0.008721851736991693
2026-03-30,246.40298461914062,250.63907198816298,245.28400520065438,249.83982057534305,39446200,254.23726425170898,253.92282828199993,27.964008786391517,264.85323875147407,243.6212897519439,-0.008721851736991693,-0.008760109701824332,0.010162319854043936,-6.1843109130859375,-0.17648851774530272,0.029031290418426448
2026-03-31,253.55638122558594,255.24482803058763,246.87255213324852,247.6818040942864,49598100,253.7397216796875,253.88792856234144,41.08231627463359,263.41769623210564,244.0617471272694,0.029031290418426448,0.02861786495948073,0.01249404020308279,-0.439605712890625,0.2573606583143624,0.007250134515282447
2026-04-01,255.3946990966797,255.94418062939917,253.096813183035,253.8461228128272,40059400,253.3955390930176,254.0314305179927,49.82021128501084,262.2494610756072,244.54161711042798,0.007250134515282447,0.007223978636376895,0.012635980356951864,5.68475341796875,-0.19231986709168292,0.0011344553655323608
2026-04-02,255.68443298339844,255.89424639361263,250.4192795609811,253.96601496217014,31289400,253.17723999023437,254.18885932422182,59.415585542565374,261.5420819545657,244.81239802590306,0.0011344553655323608,0.0011338123573076417,0.012528534402862012,6.953582763671875,-0.218924896528655,0.011487876222620041
2026-04-06,258.6217041015625,261.9186847371787,256.2239194053331,256.27389167390277,29329900,253.24717559814454,254.61103501730187,59.72933968980934,261.7762160325709,244.7181351637182,0.011487876222620041,0.01142239161475063,0.012577318248048057,10.859970092773438,-0.06262504234660937,-0.0207060792616357
2026-04-07,253.26666259765625,255.96418954301222,245.47383916108728,255.92421782448065,62148000,252.9284698486328,254.4829995487642,48.95684880473123,260.9103874024648,244.94655229480085,-0.0207060792616357,-0.020923456036972127,0.013221819018970429,2.008148193359375,1.118929829286837,0.021301735790709264
2026-04-08,258.66168212890625,259.51090582044134,256.29386854025813,258.2121146377317,41032800,252.83205871582032,254.88096931830154,62.40996518548071,260.46320711329463,245.20091031834602,0.021301735790709264,0.02107802518992581,0.014118386938241167,7.2533111572265625,-0.33975670978953465,0.006141348347641795
2026-04-09,260.2502136230469,260.879638597066,255.8342992320816,258.7615948993736,28121600,252.81607360839843,255.39232591875347,65.70415570918564,260.38001859408496,245.2521286227119,0.006141348347641795,0.006122567123347408,0.014191298092769832,7.8627471923828125,-0.3146555925990915,-3.834482173115106e-05
2026-04-10,260.240234375,261.94865175168746,258.78155637925676,259.7406946341393,31291500,253.0518569946289,255.85403148601506,67.46856030393664,261.2395673643967,244.8641466248611,-3.834482173115106e-05,-3.8345556912621514e-05,0.013439056758170793,7.5830078125,0.11272118229403727,-0.004913954203973225
2026-04-13,258.96142578125,259.9405042051452,256.4237552437805,259.49093671136296,36234700,253.50543975830078,256.149973799847,61.49720733499317,261.95644805746906,245.05443145913247,-0.004913954203973225,-0.0049260673756055485,0.012397880854899722,10.39044189453125,0.15797261237077165,-0.00142758690909639
2026-04-14,258.59173583984375,261.68888841493145,256.9532612999924,259.01136264890187,48370700,253.80566177368163,256.3825225655609,60.65184150066001,262.54116193872215,245.0701616086411,-0.00142758690909639,-0.0014286068821369137,0.012234300090806812,12.188751220703125,0.3349275694293039,0.02936295529114541
2026-04-15,266.18475341796875,266.3146386359468,257.57269269729437,257.92237663273806,49913500,254.41510009765625,257.31606836102833,67.10429694342308,264.75912923974164,244.0710709555709,0.02936295529114541,0.028940120889102108,0.013740814641312937,12.628372192382812,0.03189534160142404,-0.011372633634406881
2026-04-16,263.15753173828125,266.91408037974617,261.0294875448873,266.55439590858066,43323100,255.08747940063478,257.87239820648097,62.18407883386616,265.8821634147505,244.29279538651906,-0.011372633634406881,-0.011437796552710188,0.013384332129658411,7.7628326416015625,-0.1320364230118104,0.02593021154924191
2026-04-17,269.98126220703125,272.0493335842862,266.47448343207725,266.7142527536172,61436200,256.15,259.0256233493905,73.35950839191202,268.3960197214905,243.90398027850944,0.02593021154924191,0.025599724502604514,0.014242790173467123,14.296829223632812,0.41809334973720724,0.010435475371396441
2026-04-20,272.79864501953125,274.0275237795767,270.04120633500696,270.08114756253855,36590200,257.40184555053713,260.33733969892774,78.39638914405668,271.0732199806524,243.73047112042187,0.010435475371396441,0.010381401662850636,0.014174208484905988,14.17694091796875,-0.404419544177537,-0.025196703995697067
2026-04-21,265.9250183105469,272.5488901425708,265.1557075406741,271.250098918132,50209800,258.1351707458496,260.869499566701,63.38673222373828,271.99123089692046,244.27911059477879,-0.025196703995697067,-0.02551957602598669,0.015496124632162458,12.658355712890625,0.37221988401265915,0.026298995241013978
2026-04-22,272.9185791015625,273.48803128351057,266.62435952726383,267.5734973129919,43249200,259.21068115234374,262.01703095097355,67.06230528206522,274.1640774470313,244.25728485765623,0.026298995241013978,0.025959122658055597,0.016333456906014673,14.25689697265625,-0.13863030723085934,0.0009516944880663125
2026-04-23,273.1783142089844,275.5161566987003,271.39995382845746,274.79681820267325,33399600,260.25022354125974,263.0800103088793,67.04305274389999,276.07189312541334,244.42855395710617,0.0009516944880663125,0.0009512419139857489,0.0163499740238137,12.9281005859375,-0.22774062872839262,-0.008667702544387201
2026-04-24,270.81048583984375,272.80864483253174,269.4017800912603,272.50893317942314,38157100,261.15788650512695,263.81624607373305,62.00790100295836,277.2263802321892,245.08939277806473,-0.008667702544387201,-0.00870548556450589,0.016587957717251363,10.57025146484375,0.1424418256506066,-0.012727861582674027
2026-04-27,267.3636474609375,268.1129570778125,264.8260075108844,265.84505761361925,41466800,262.0975196838379,264.15409382489537,64.430334034758,277.23796028038663,246.95707908728915,-0.012727861582674027,-0.012809554739298108,0.016388443515942257,8.4022216796875,0.08673877207649427,0.011584102768505522
2026-04-28,270.4608154296875,272.97851539952296,268.4127145556596,272.0893199684016,40018900,263.30041122436523,264.7547339777327,62.67439695369171,276.9389309433452,249.66189150538523,0.011584102768505522,0.011517520751980868,0.016201244569892068,11.86907958984375,-0.03491709029874501,-0.001994705758897597
2026-04-29,269.92132568359375,270.7905199823619,266.7942019267937,267.3037117460274,30047900,264.1186584472656,265.24679033067184,60.62804476011164,277.2499277802048,250.98738911432642,-0.001994705758897597,-0.0019966978339397375,0.015213518843326841,3.736572265625,-0.24915727318841852,0.004367659937802859
2026-04-30,271.1002502441406,275.7459641951834,267.893213328058,270.25102650288807,91848200,264.9039360046387,265.80426270338313,61.63564251545758,277.71302449945057,252.0948475098268,0.004367659937802859,0.0043581493936293405,0.015187177057328022,7.942718505859375,2.0567260940032415,0.03239351812191993
2026-05-01,279.88214111328125,286.95561044034525,278.1137509144006,278.6032901046287,79915400,266.1138214111328,267.14501302813534,69.31020379190173,279.7975919880152,252.43005083425035,0.03239351812191993,0.03187991038650981,0.01652414556234155,9.90087890625,-0.129918713703698,-0.011815603186417278
2026-05-04,276.5751647949219,280.3716851917065,274.60697695873915,279.4025768563376,46668400,267.0114944458008,268.04312272021025,65.74527265877373,280.97843313591244,253.04455575568915,-0.011815603186417278,-0.011885962197690256,0.016836046304553865,3.776519775390625,-0.41602744902734645,0.026550690927708454
2026-05-05,283.9184265136719,284.30808218316156,276.2455026895375,276.6750995896243,49311700,268.54408264160156,269.55505641482563,65.59480353022445,282.8825142935532,254.2056509896499,0.026550690927708454,0.026204338554427865,0.016574835654217444,17.993408203125,0.05664003908426252,0.011717924952267644
2026-05-06,287.245361328125,287.76487170009636,280.8112868075762,281.66051049385584,58336100,269.9732666015625,271.23984735894936,71.07150713426863,285.7865195670742,254.16001363605076,0.011717924952267644,0.011649801728447845,0.01624000711418603,14.3267822265625,0.18300727819158547,-0.00024350711440246364
2026-05-07,287.1754150390625,291.8611003514943,285.5169394038565,289.00371711581823,45224300,271.3195266723633,272.7575204713411,67.05648501111634,288.19621836922335,254.44283497550322,-0.00024350711440246364,-0.00024353676707370125,0.016286920084290512,13.997100830078125,-0.22476305409514863,0.020456497888878378
2026-05-08,293.0500183105469,294.4886952888782,289.7330669166447,289.7430674686918,52692800,272.96001586914065,274.69013931317016,68.9404002619016,291.5896322757828,254.33039946249852,0.020456497888878378,0.020250074126795237,0.01659118292383645,22.239532470703125,0.1651435179759555,-0.0012626705737772692
2026-05-11,292.67999267578125,293.8800048828125,290.2300109863281,291.9800109863281,42247300,274.6459442138672,276.40345868103793,78.48869137638242,294.02915593276447,255.26273249496995,-0.0012626705737772692,-0.0012634684139431265,0.016483529557488174,25.31634521484375,-0.19823391431087356,0.007243389265544797
2026-05-12,294.79998779296875,295.2699890136719,292.55999755859375,292.55999755859375,45748100,276.45635681152345,278.1555090726504,75.9975373387595,296.28463671759795,256.62807690544895,0.007243389265544797,0.007217281916175962,0.01638422686977915,24.33917236328125,0.08286446707836959,0.013805995565634221
2026-05-13,298.8699951171875,300.9200134277344,293.5,293.5,52684300,278.0906188964844,280.1283172673682,77.99030622049658,299.66527431843525,256.5159634745335,0.013805995565634221,0.013711560991706276,0.015602324113702923,28.94866943359375,0.1516172256334143,-0.00220833028705536
2026-05-14,298.2099914550781,300.45001220703125,295.3800048828125,299.82000732421875,35324900,279.8432418823242,281.8503814757215,81.00469027667177,301.997346442987,257.6891373216614,-0.00220833028705536,-0.002210772244144634,0.015196957796167074,27.1097412109375,-0.3294985413111686,0.0067738157309671365
2026-05-15,300.2300109863281,303.20001220703125,296.5199890136719,297.8999938964844,54862800,281.3556793212891,283.6008223814936,88.43187844140644,304.7692742405308,257.9420844020473,0.0067738157309671365,0.006750976522238501,0.014487082224688076,20.347869873046875,0.5530914454110274,-0.007960612067346995
2026-05-18,297.8399963378906,300.6600036621094,294.9100036621094,300.239990234375,34483000,282.60774688720704,284.9569341868647,82.55388569939831,306.7611576134313,258.4543361609828,-0.007960612067346995,-0.007992466908238653,0.014733984630298817,21.26483154296875,-0.37146846314807114,0.003793999787491842
2026-05-19,298.9700012207031,300.510009765625,296.3500061035156,296.9700012207031,42243600,284.25999603271487,286.29151199961126,84.0606220653497,308.12761702172253,260.3923750437072,0.003793999787491842,0.003786820722815226,0.01297995190725374,15.05157470703125,0.2250558246092278,0.0109709963070026
