Price,Close,High,Low,Open,Volume,SMA_20,EMA_20,RSI,BB_upper,BB_lower,Returns,Log_Returns,Volatility,Momentum,Volume_Change,Target,Prediction,Signal,Strategy_Returns,Equity_Curve
Ticker,AAPL,AAPL,AAPL,AAPL,AAPL,,,,,,,,,,,,,,,
Date,,,,,,,,,,,,,,,,,,,,
2025-02-13,240.26052856445312,241.06626881430705,234.33186254170715,235.66481592241834,53614100,229.83418197631835,232.76352737082541,67.75313760741844,241.36507023784824,218.30329371478845,0.01967333077751987,0.019482312057122607,0.021238483270818464,4.1788787841796875,0.1850174500975834,0.012710570000191712,0.0007466477965380649,1,,
2025-02-14,243.3143768310547,244.25938055012708,239.7233505557091,239.9819785190441,40896200,230.65935592651368,233.76837017656152,65.14557967506535,243.55997802320564,217.75873382982172,0.012710570000191712,0.012630468746277242,0.018986021123346044,8.8126220703125,-0.23721185285214152,-0.0005314862154425226,0.0006151961455640916,1,0.012710570000191712,1.0127105700001917
2025-02-18,243.18505859375,243.89131830963376,240.56887710589865,242.86673323889264,48822500,231.39261016845703,234.66519764486517,57.84753830329026,245.40077902848873,217.38444130842532,-0.0005314862154425226,-0.0005316275043053986,0.0189857063495079,16.622573852539062,0.19381507328309233,0.0016362166519758858,-0.00031898677456107955,0,-0.0005314862154425226,1.0121723282920037
2025-02-19,243.5829620361328,244.716969605811,241.88195827091008,243.37407429304395,32204200,232.51042938232422,235.51450853927162,57.12089768449351,246.67006692718363,218.3507918374648,0.0016362166519758858,0.0016348795078827002,0.017100236261506366,12.260879516601562,-0.3403819960059399,0.003920392411341123,0.0006355819664387758,1,0.0,1.0121723282920037
2025-02-20,244.53790283203125,245.4829065325138,243.00598867544505,243.6525813389452,32316900,233.61687316894532,236.37387942429635,60.6992365975984,247.91070898137724,219.3230373565134,0.003920392411341123,0.0039127276989343015,0.017101531601451964,13.543716430664062,0.0034995435377993545,-0.0011389591287577217,-0.00010477678513467306,0,0.003920392411341123,1.0161404410068091
2025-02-21,244.25938415527344,247.38287960480025,243.93111682470231,244.6572756706751,53197400,234.71783752441405,237.1248798748656,62.76620380536988,248.71091724642045,220.72475780240765,-0.0011389591287577217,-0.0011396082356238142,0.017108340461507505,12.519973754882812,0.646117047117762,0.006312429397624886,-9.187434829587244e-05,0,-0.0,1.0161404410068091
2025-02-24,245.80125427246094,247.55199828948733,243.1353323966777,243.64264638435856,51326400,235.93961563110352,237.95120124606515,80.23134254636969,249.27565572887642,222.60357553333063,0.006312429397624886,0.006292589463524479,0.016983660536005404,19.616348266601562,-0.035170891810502036,-0.00024291023973121995,-0.00020832554456632932,0,0.0,1.0161404410068091
2025-02-25,245.74154663085938,248.68599549611233,243.62275227067275,246.69650753214344,48013300,236.80665588378906,238.69313890175985,76.5851907450315,250.33242380168488,223.28088796589324,-0.00024291023973121995,-0.00024293974720204436,0.015835001661886096,19.2880859375,-0.06454962748215343,-0.027040125258632197,-0.0002611003046131115,0,-0.0,1.0161404410068091
2025-02-26,239.09666442871094,243.6923767743236,237.87313357927937,243.04579925662603,44433600,236.9241180419922,238.73156990432662,62.11627520668248,250.48846816416494,223.35976791981943,-0.027040125258632197,-0.02741243635010092,0.0152851007891477,7.6993255615234375,-0.07455642499057558,-0.012730896109299117,0.0005480196769931353,1,-0.0,1.0161404410068091
2025-02-27,236.05274963378906,241.1856322165831,235.81400561415145,238.15166004001364,41153600,236.83473510742186,238.47644416427542,56.03516926843703,250.39722192693594,223.2722482879078,-0.012730896109299117,-0.012812628391607893,0.01553565590855378,0.4277496337890625,-0.07381801159482915,0.019131926257306642,0.0004659278210832806,1,-0.012730896109299117,1.0032040626198941
2025-02-28,240.5688934326172,240.8175794410065,228.9900734891547,235.70459571566596,56833400,237.05909729003906,238.67572504697463,70.72819553881668,250.71725478751614,223.40093979256199,0.019131926257306642,0.01895121225632392,0.01601945176746989,0.3083648681640625,0.38100676490027596,-0.01575423145222765,0.00021774684042143958,1,0.019131926257306642,1.0223972887669683
2025-03-03,236.77891540527344,242.74737946323825,234.8690087281554,240.51914741730602,47184000,237.17295532226564,238.49507650966976,63.508594576271996,250.77921736836873,223.56669327616254,-0.01575423145222765,-0.015879648331593207,0.016374613426402184,-6.53546142578125,-0.16978396506279758,-0.00882233740225502,-0.0005908833413499351,0,-0.01575423145222765,1.0062902052436036
2025-03-04,234.68997192382812,238.80822713414068,233.44654177924315,236.46063041402056,53798100,237.57932968139647,238.13268559673247,54.655456600907854,250.3084885888203,224.85017077397265,-0.00882233740225502,-0.008861484637698192,0.014444264830833982,-8.495086669921875,0.14017675483214642,-0.0008053630011023438,-0.0007657513277098613,0,-0.0,1.0062902052436036
2025-03-05,234.50096130371094,235.30670153327668,228.0251680036218,234.18263593082168,47227600,237.73827362060547,237.7868070926352,48.20581591839379,250.21534739307614,225.2611998481348,-0.0008053630011023438,-0.0008056874801114057,0.013728387425541135,-9.082000732421875,-0.12213256601998956,-0.0017392996146927686,-0.0006474133608894937,0,-0.0,1.0062902052436036
2025-03-06,234.0930938720703,236.60979483297604,231.9345013377031,233.20777237015392,45170400,237.89321899414062,237.43502488115283,38.61964535800101,250.09151023547778,225.69492775280347,-0.0017392996146927686,-0.0017408139524470619,0.013731277483969585,-10.444808959960938,-0.04355927466142684,0.015892683419673093,-0.0003382487637901337,0,-0.0,1.0062902052436036
2025-03-07,237.81346130371094,240.10136041796665,233.5261018066448,233.87426828677374,46273600,238.19692153930663,237.471066445206,40.09321242099478,250.04760897308384,226.34623410552942,0.015892683419673093,0.015767717021972816,0.014137296035426974,-6.4459228515625,0.024423073517170435,-0.04847965168299473,-0.0013568474814960704,0,0.0,1.0062902052436036
2025-03-10,226.2843475341797,234.91873283818802,223.041487749586,234.30198127309518,72071200,238.20189361572267,236.40566464415588,28.42269355103275,250.0314255539928,226.37236167745255,-0.04847965168299473,-0.04969420696014332,0.01718514919597333,-19.51690673828125,0.5575014695204177,-0.02918932463623347,0.002241484689885947,1,-0.0,1.0062902052436036
2025-03-11,219.67926025390625,224.65298022983382,216.30707871737093,222.63365113389432,76137400,237.86318359375,234.81267374984637,23.65713086506281,251.37709419585838,224.3492729916416,-0.02918932463623347,-0.02962380872974085,0.018390065590811525,-26.062286376953125,0.05641920767241282,-0.017478623870416543,0.0019929266882659485,1,-0.02918932463623347,0.976917273764486
2025-03-12,215.83956909179688,220.58450266635003,213.78045671174684,218.98296406915986,62547500,237.08529510498047,233.0057114014607,20.26393494149781,253.61980569122736,220.5507845187336,-0.017478623870416543,-0.017633178600504017,0.017874996979765048,-23.257095336914062,-0.17849177933577975,-0.033643703453495544,0.004365226597404839,1,-0.017478623870416543,0.9598421041838439
2025-03-13,208.5779266357422,215.70029772842102,207.3245545879158,214.81497612462363,61368300,235.7329414367676,230.6792557094875,17.70220204348398,256.62143274264986,214.84445013088535,-0.033643703453495544,-0.03422267576860307,0.018338063344932834,-27.474822998046875,-0.018852871817418793,0.018170561422649945,0.002869432535454378,1,-0.033643703453495544,0.9275494610685034
2025-03-14,212.36790466308594,212.8254784087618,208.4784519318959,210.13967261110687,60107600,234.33831024169922,228.93531751459213,20.920607821153126,257.5494194365028,211.1272010468957,0.018170561422649945,0.018007449695951448,0.018230458245612795,-28.20098876953125,-0.02054317945910189,0.0023888212334428616,0.0036818319248140326,1,0.018170561422649945,0.9444035555233945
2025-03-17,212.87521362304688,214.0888025037831,208.8663965620962,212.18883784213668,48073400,232.81635208129882,227.40578381063546,21.63464197612805,257.4947324126828,208.1379717499148,0.0023888212334428616,0.0023859725357845284,0.01781452114145886,-23.903701782226562,-0.200210955020663,-0.006121501054763834,0.0034937277571596586,1,0.0023888212334428616,0.9466595667897677
2025-03-18,211.5720977783203,214.01915944879542,210.37840804794794,213.03437263106773,42432400,231.23570404052734,225.8978137123197,23.832064479441087,257.137120244562,205.33428783649265,-0.006121501054763834,-0.006140314258336676,0.017759598395183616,-23.117874145507812,-0.11734139877770244,0.01198932118931273,0.0031981024363025774,1,-0.006121501054763834,0.9408645892531619
2025-03-19,214.10870361328125,217.6101915579757,212.6265295918345,213.0940604852241,54385400,229.76199111938476,224.77504132193508,28.934330921392046,256.0564321355528,203.46755010321672,0.01198932118931273,0.011918018625125523,0.01816430474214614,-20.392257690429688,0.2816951197669706,-0.005296387612504949,0.0022301522391299502,1,0.01198932118931273,0.9521449170093688
2025-03-20,212.97470092773438,216.3468825511506,211.10457731145533,212.86527847830126,48862900,228.18383102416993,223.65119937963024,21.67078505699483,254.5329546248625,201.83470742347737,-0.005296387612504949,-0.005310463195201758,0.018008435807484437,-21.118392944335938,-0.10154379668072677,0.019476826454002172,0.003795861384641353,1,-0.005296387612504949,0.9471019884656108
2025-03-21,217.12277221679688,217.68976839110027,210.16950634984832,210.4480334492585,94127800,226.8270004272461,223.02944441174137,29.967570163306164,252.47611582016287,201.17788503432934,0.019476826454002172,0.01928958046898615,0.018912616120736747,-20.690689086914062,0.926365401971639,0.011270431174758455,0.00327548840512408,1,0.019476826454002172,0.9655485295291959
2025-03-24,219.56983947753906,220.3158974796034,217.4311459430569,219.8384246082871,44299500,225.5154296875,222.69995822753162,34.70208437348222,249.72137085489098,201.309488520109,0.011270431174758455,0.01120739306756486,0.019109811308554426,-6.714508056640625,-0.5293685818642314,0.013681911591246765,0.00011794161074287561,1,0.011270431174758455,0.976430677777144
2025-03-25,222.573974609375,222.92214108802088,218.92326587520165,219.6096416779903,34493600,224.35705108642577,222.68795978770717,38.58313145172763,246.62752043485992,202.08658173799162,0.013681911591246765,0.013589159300328122,0.019557966770954765,2.89471435546875,-0.2213546428289258,-0.009921772080253355,0.0010984632683710442,1,0.013681911591246765,0.9897901159854721
2025-03-26,220.3656463623047,223.83730853242594,219.3112201065871,222.33523531503357,34466100,223.42050018310547,222.466787080526,37.29751954560113,244.63126275432123,202.20973761188972,-0.009921772080253355,-0.009971320874512928,0.018894697486514917,4.5260772705078125,-0.0007972493448059614,0.010472595574967603,0.0007025127577992945,1,-0.009921772080253355,0.9799696440473766
2025-03-27,222.67344665527344,223.80745418869535,219.40073045135125,220.22636977863218,37094800,222.75153503417968,222.48646894478765,35.61435374954475,243.11167259668122,202.39139747167815,0.010472595574967603,0.010418137825280779,0.019035705994982114,14.09552001953125,0.07626914562425102,-0.026580320996315576,0.00011184538278013865,1,0.010472595574967603,0.9902324698052297
2025-03-28,216.7547149658203,222.6336557419088,216.5358700680628,220.504904155295,39818600,221.56082611083986,221.9405876134574,39.8645872214739,240.25048012053722,202.8711721011425,-0.026580320996315576,-0.02693996501737922,0.01901579374351837,4.386810302734375,0.07342808156399272,0.019412629300024964,0.0007713984050706888,1,-0.026580320996315576,0.9639117728968324
2025-03-31,220.96249389648438,224.43414081005062,215.09349507460487,215.86939419548492,65299300,220.7700050354004,221.84743583088854,51.43814299004049,238.03237569322536,203.50763437757544,0.019412629300024964,0.01922660780137315,0.01958868676591103,8.0872802734375,0.6399195350916407,0.004771977732473953,0.0012728299923522835,1,0.019412629300024964,0.9826238348220084
2025-04-01,222.0169219970703,222.50433685640354,217.749461617725,218.65468232589998,36412700,220.1363525390625,221.8635773705249,57.38405613384865,236.13114680713758,204.14155827098742,0.004771977732473953,0.0047606279397177,0.01962157200315527,10.44482421875,-0.4423722765787689,0.003136266889143924,0.0009630688669930222,1,0.004771977732473953,0.9873128938811773
2025-04-02,222.71322631835938,224.0063965120705,219.85831598824518,220.15674221426906,35905900,219.5469657897949,221.9444963179377,70.04230564694062,234.11845645644658,204.97547512314324,0.003136266889143924,0.0031313590629683512,0.019660159748386724,8.604522705078125,-0.01391822084053096,-0.09245619302187891,0.0005481550150560023,1,0.003136266889143924,0.9904093706194816
2025-04-03,202.12200927734375,206.39941095201831,200.1922037418915,204.4596482635752,103419000,217.9484115600586,220.05664040930972,40.160457193098146,232.8126489026925,203.08417421742467,-0.09245619302187891,-0.0970134418559945,0.028138805995967492,-10.852691650390625,1.8802787285655005,-0.07288724643046629,-0.0011081068512679493,0,-0.09245619302187891,0.8988398906788092
2025-04-04,187.389892578125,198.82944937179326,186.35535024633944,192.87092693410324,125910900,215.4272331237793,216.9455215682445,30.77731551836611,232.9685673936597,197.8858988538989,-0.07288724643046629,-0.07568008805185286,0.031187297080343523,-29.732879638671875,0.21748324775911576,-0.03673429969943287,0.0023066874856573646,1,-0.0,0.8988398906788092
2025-04-07,180.50625610351562,193.12954493623218,173.70219548773406,176.26863687444822,160466300,213.1383285522461,213.4751153335084,28.38754358465141,235.88815079712282,190.38850630736937,-0.03673429969943287,-0.03742599630886612,0.030555806838345176,-39.06358337402344,0.27444327695219406,-0.049818177330232194,0.001849610453685654,1,-0.03673429969943287,0.8658216367528083
2025-04-08,171.51376342773438,189.33957458197378,168.32064359895526,185.71870692843436,120859500,210.7300537109375,209.47879610438704,22.809233262811745,239.86570139326875,181.59440602860627,-0.049818177330232194,-0.051101920416750976,0.03154229884592573,-51.060211181640625,-0.24682316473926302,0.1532885256174954,0.005597339368467252,1,-0.049818177330232194,0.822687980916705
2025-04-09,197.8048553466797,199.55559936553783,170.98654976711688,171.04623198001363,184395900,209.82831802368165,208.36699222270065,42.67038245323012,239.41102776118026,180.24560828618303,0.1532885256174954,0.14261744902614956,0.0484877461897794,-22.560791015625,0.5257046405123305,-0.0423938616432078,0.011299696750436733,1,0.1532885256174954,0.948796608554661
2025-04-10,189.4191436767578,193.7562279640405,182.03814529024513,188.07624843340898,121880000,208.87037887573243,206.5624352183251,37.14100798728766,239.83221402088407,177.9085437305808,-0.0423938616432078,-0.043318714611892455,0.048814609406619386,-33.254302978515625,-0.33903085697675495,0.04059442685153014,0.008591118337503686,1,-0.0423938616432078,0.9085734564040499
2025-04-11,197.10850524902344,198.4911987157403,185.08205468111316,185.12185293864357,87435900,208.1074089050293,205.6620609355345,40.05811308480496,239.45598862587465,176.75882918418395,0.04059442685153014,0.039792114152949434,0.049594845424079256,-19.646209716796875,-0.2826066622907778,0.02205415312614023,0.0043559400249093515,1,0.04059442685153014,0.945456475119286
2025-04-14,201.45556640625,211.8207974391945,200.10271391024364,210.32868138530173,101352900,207.53642654418945,205.26144240893598,40.762341009312046,238.93531529292687,176.13753779545203,0.02205415312614023,0.021814477780998154,0.04989272125313735,-19.506927490234375,0.1591680305229317,-0.001876449715328632,0.005612421183609131,1,0.02205415312614023,0.9663077169956675
2025-04-15,201.07754516601562,202.44033954558066,198.74984792281177,200.7990180691496,51343900,207.0116989135742,204.86297600484835,41.4256626217863,238.47731003105918,175.54608779608924,-0.001876449715328632,-0.0018782124525660647,0.04988151553088788,-20.939376831054688,-0.49341459395833764,-0.038933304436288285,0.004889788396107643,1,-0.001876449715328632,0.9644944891551912
2025-04-16,193.24893188476562,199.64512887500646,191.35890907242805,197.31743142832593,59732400,205.96871032714844,203.75687656484047,37.53162249743729,237.8242791900088,174.11314146428808,-0.038933304436288285,-0.03971147016854836,0.0504588964382612,-29.46429443359375,0.16337870711028968,0.013949492299973665,0.0057234316329263825,1,-0.038933304436288285,0.9269435315817898
2025-04-17,195.9446563720703,197.78493872612725,193.39811432307044,196.16350125239885,52164700,205.11720809936523,203.01285559410042,40.93429764152197,237.09446532518126,173.1399508735492,0.013949492299973665,0.013853093573358932,0.05061488210049046,-6.1773529052734375,-0.12669338583415368,-0.01939270154435302,-0.0025421642816414276,0,0.013949492299973665,0.9398739232381004
2025-04-21,192.14476013183594,192.78139570274652,188.8123615658979,192.25418258208256,46742500,203.8683074951172,201.97779888340855,37.40105661468894,235.82236805782668,171.9142469324077,-0.01939270154435302,-0.01958320694582564,0.05045341963165237,4.7548675537109375,-0.10394385475235168,0.03406499428742693,-0.0035613969528442133,0,-0.0,0.9398739232381004
2025-04-22,198.69017028808594,200.53043756485187,194.93998119085117,195.08918671811182,52976400,202.82432403564454,201.6646913981397,40.268896231485826,233.9725989889165,171.67604908237257,0.03406499428742693,0.03349763125532333,0.051091783664040075,18.183914184570312,0.13336685029683903,0.024331638502555597,-0.02380386515096018,0,0.0,0.9398739232381004
2025-04-23,203.52462768554688,206.9067512010516,201.7340854567431,204.9172632087338,52929200,201.87185668945312,201.84182818741655,42.26233810854966,231.61043433281378,172.13327904609247,0.024331638502555597,0.024040339909284596,0.05133823703875812,32.0108642578125,-0.0008909627683270083,0.018426188260926013,-0.02485056475226026,0,0.0,0.9398739232381004
2025-04-24,207.27481079101562,207.73239972806866,201.87335793866913,203.81310578126346,47311000,201.21731491088866,202.359255102045,52.40439562943311,229.79563724001594,172.63899258176139,0.018426188260926013,0.018258483033462374,0.05153517337615915,9.469955444335938,-0.10614556804183706,0.0043672089188706575,-0.03469169140874387,0,0.0,0.9398739232381004
2025-04-25,208.18002319335938,208.6475540878433,205.1162098506388,205.28531450927932,38222300,200.49264373779297,202.91361396788452,61.138340851532064,227.4703466557396,173.51494081984634,0.0043672089188706575,0.004357700335927208,0.051476522025169676,18.760879516601562,-0.19210543002684366,0.004109347264288132,-0.029434308516217617,0,0.0,0.9398739232381004
2025-04-28,209.03550720214844,210.38835967290976,206.3696005213303,208.89624364686077,38743100,200.10668334960937,203.4966514187668,66.34001659439465,226.31467492744258,173.89869177177616,0.004109347264288132,0.0041009269569146625,0.05116591324318532,11.927001953125,0.01362555366893159,0.005091920047891385,-0.02750218243316529,0,0.0,0.9398739232381004
2025-04-29,210.0998992919922,211.12448445804597,207.27481462988695,207.59314001435672,36827600,199.56355361938478,204.12553216859777,74.30756841168918,224.3641441909176,174.76296304785194,0.005091920047891385,0.005079000062798506,0.05097095266649778,8.644332885742188,-0.04944106176325591,0.006107585626286438,-0.0030011901229712906,0,0.0,0.9398739232381004
2025-04-30,211.3831024169922,212.4574277707069,205.5837430092506,208.19992461631293,52286500,199.03186264038087,204.81672933511155,62.48856209700689,222.20840802866292,175.8553172520988,0.006107585626286438,0.006089009921960949,0.05098022186146561,10.305557250976562,0.4197639813618048,0.003858818787250806,-0.0023199383445590364,0,0.0,0.9398739232381004
2025-05-01,212.19879150390625,213.43226431553572,207.8020097882055,207.98107159612528,57365700,198.5061408996582,205.51978287499676,74.341022504677,219.8233273424118,177.18895445690458,0.003858818787250806,0.003851392643997796,0.05098374862610447,18.949859619140625,0.09714170961911783,-0.03736166699984034,-0.0017415136741506315,0,0.0,0.9398739232381004
2025-05-02,204.27069091796875,205.9020705063368,201.09745506032002,205.0067917796952,101010600,198.61357498168945,205.40082173623216,57.6142516529305,220.02892250761127,177.19822745576764,-0.03736166699984034,-0.03807750054973233,0.04713758076814772,8.326034545898438,0.7608187470910317,-0.031458605921946825,0.019012021437181666,1,-0.0,0.9398739232381004
2025-05-05,197.84461975097656,203.02724230800965,197.168201163887,202.0324983774042,69018500,199.13631134033204,204.68118345192207,46.323647981685895,219.89855668236848,178.3740659982956,-0.031458605921946825,-0.031964056647756964,0.044532993232216815,5.699859619140625,-0.31672022540208655,-0.00191062047540691,-0.02747369761623464,0,-0.031458605921946825,0.9103067998706389
2025-05-06,197.46661376953125,199.59536519080132,195.9844550154461,197.1682027308483,51216500,199.9843292236328,203.99408157740865,46.32366237460782,218.8406429536166,181.12801549364903,-0.00191062047540691,-0.0019124480389319748,0.04354216380771834,-1.2235565185546875,-0.25793084462861404,-0.011384749387458926,-0.031396995824084145,0,-0.0,0.9103067998706389
2025-05-07,195.218505859375,198.39174158064424,192.23427392267118,198.1231564563361,68536700,201.16956634521483,203.15831246140542,52.26232114801783,214.72612941267926,187.6130032777504,-0.011384749387458926,-0.011450051753916314,0.04179194585535509,-8.306121826171875,0.3381761736940243,0.006318587695328448,-0.013933464264682737,0,-0.0,0.9103067998706389
2025-05-08,196.45201110839844,198.99855348942916,193.65676753221484,196.68079799363124,50478900,201.10192413330077,202.5196170944524,50.603021454868596,214.74241685778813,187.4614314088134,0.006318587695328448,0.006298709112532449,0.02382634571303905,-10.822799682617188,-0.2634763564630337,0.005265995369670984,-0.0003002721647478068,0,0.0,0.9103067998706389
2025-05-09,197.4865264892578,199.48595647897335,196.50172445806652,197.95405738682032,36453900,201.5052932739258,202.0402751320529,56.79573617919353,214.13048993564666,188.8800966122049,0.005265995369670984,0.005252178501204581,0.02165515609937277,-10.693496704101562,-0.2778388594046225,0.0631461813685279,0.0010523493477973052,1,0.0,0.9103067998706389
2025-05-12,209.95704650878906,210.435160708662,205.93301745006437,210.13634313336473,63775800,202.14772033691406,202.79425335840872,62.4557949221768,215.13334147991804,189.16209919391008,0.0631461813685279,0.06123260765537327,0.024192032478840112,0.921539306640625,0.7494918239200743,0.010152295700247338,0.008881333567363254,1,0.0631461813685279,0.9677891981562745
2025-05-13,212.08859252929688,212.55673652410627,208.17412935394688,209.59847136477597,51909300,202.67937164306642,203.67942851754094,60.06943946078924,216.39577744730133,188.9629658388315,0.010152295700247338,0.010101107307854204,0.023854039546324316,1.9886932373046875,-0.18606587451666623,-0.0028178117705190964,-0.0006672571579973359,0,0.010152295700247338,0.9776144802714622
2025-05-14,211.490966796875,213.09460539099953,209.7478820292828,211.5905625216416,49325800,203.20004272460938,204.4233845441442,55.35425972820025,217.44097991637832,188.95910553284043,-0.0028178117705190964,-0.0028217892757707217,0.02386476953180909,0.1078643798828125,-0.04976950180410833,-0.0041445074093784395,-0.0009705207637429467,0,-0.0,0.9776144802714622
2025-05-15,210.61444091796875,212.11848379882832,208.71198473801002,210.11641669484823,45029500,204.06831817626954,205.01300896069895,53.09381547175343,217.8652746362114,190.27136171632768,-0.0041445074093784395,-0.004153119684206215,0.021845513204440174,-1.5843505859375,-0.0871004626382137,-0.0008985115224213747,0.001269063514121428,1,-0.0,0.9776144802714622
2025-05-16,210.42520141601562,211.73003772257164,208.94109887256835,211.52086084946143,54737900,204.7923454284668,205.5284558612053,51.796536053613416,218.3113208651557,191.2733699917779,-0.0008985115224213747,-0.0008989154258587225,0.021760900239728775,6.154510498046875,0.21560088386502185,-0.011739086232724016,0.0006966655040442941,1,-0.0008985115224213747,0.9767360823964524
2025-05-19,207.9550018310547,208.65223273202483,203.45285841572866,207.0884445111699,46140500,205.58285751342774,205.7595554773814,47.32442031771652,217.77142510450233,193.39428992235315,-0.011739086232724016,-0.011808533337582812,0.02139592926458301,10.110382080078125,-0.15706484903512918,-0.009196290225973569,0.0012120649338922913,1,-0.011739086232724016,0.9652700932985874
2025-05-20,206.04258728027344,207.64622592622177,204.2198167548668,206.84938410987283,42496600,205.95047836303712,205.78651088718064,43.44111515809342,217.69929615011412,194.20166057596012,-0.009196290225973569,-0.00923883715308381,0.02037780232880654,8.575973510742188,-0.07897400331595883,-0.02305911477177236,0.0008946031473018442,1,-0.009196290225973569,0.956393189374161
2025-05-21,201.2914276123047,206.22186440009241,199.91689108628387,204.3592586621154,59211800,205.838818359375,205.35840771814483,37.785032985067424,217.72633999370157,193.95129672504845,-0.02305911477177236,-0.023329135189360545,0.020401309855774975,6.0729217529296875,0.3933302899526079,-0.003612234385890978,0.000724878637802116,1,-0.02305911477177236,0.9343396090534407
2025-05-22,200.56431579589844,201.94882252859867,198.91087172706415,199.91689038506837,46742400,205.50329360961913,204.90182753507375,45.05111248658876,217.59717484858663,193.40941237065164,-0.003612234385890978,-0.0036187742583048813,0.019922994161610908,4.1123046875,-0.21058978109093118,-0.030244253294404055,0.0009718190012985587,1,-0.003612234385890978,0.930964555389518
2025-05-23,194.49839782714844,196.9187884239126,192.69555244631704,192.9047141233614,78432900,204.8192123413086,203.91102470574754,45.48861260303461,217.7914728880631,191.8469517945541,-0.030244253294404055,-0.03071104671354942,0.02087101702945286,-2.988128662109375,0.677981875128363,0.02529826078968056,0.0010887777932551542,1,-0.030244253294404055,0.9028082275682051
2025-05-27,199.4188690185547,199.94677348688452,196.64984031499387,197.51641281084125,56288500,204.3383804321289,203.48320035458627,52.344833880643904,217.36540022051742,191.3113606437404,0.02529826078968056,0.024983556398390557,0.02177902224364823,-10.538177490234375,-0.2823356015141605,0.0010488851004830657,0.0009009799812602741,1,0.02529826078968056,0.9256477055522948
2025-05-28,199.62803649902344,201.9289060786693,199.11008702875665,199.79736291846774,45339700,203.81478729248047,203.11604189215174,55.56900675064991,216.70786708927898,190.92170749568197,0.0010488851004830657,0.0010483354048508517,0.02172716852757724,-12.460556030273438,-0.1945122005382982,-0.002345136061230768,0.004011154893303842,1,0.0010488851004830657,0.926618603638945
2025-05-29,199.15988159179688,203.0046291598645,197.72556941325453,202.77554227533128,51396800,203.2036262512207,202.73926472068936,53.487315512023045,215.74004102841397,190.66721147402743,-0.002345136061230768,-0.0023478901995321877,0.021636392435871343,-12.331085205078125,0.13359373793827478,0.0045011768949494435,0.001958500430659728,1,-0.002345136061230768,0.924445556936544
2025-05-30,200.05633544921875,201.1619498266407,196.00241099917397,198.5821728136608,70819900,202.59650344848632,202.48374764721598,53.32132451459537,214.45655166867715,190.73645522829548,0.0045011768949494435,0.004491076894813233,0.021647199760954194,-10.55810546875,0.3779048501073996,0.0042320537763562704,0.00012303915416914433,1,0.0045011768949494435,0.9286066499180654
2025-06-02,200.90298461914062,201.3312933884623,199.3292261245183,199.4885975362889,35423300,202.42811813354493,202.33319878739925,33.27202596786043,214.28371031202488,190.57252595506498,0.0042320537763562704,0.004223123822604175,0.020085841256017048,-9.522216796875,-0.4998114936620921,0.007783765588379676,0.00045298920198636535,1,0.0042320537763562704,0.9325365631976007
2025-06-03,202.46676635742188,202.9647905668523,200.16589694161215,200.55435521702816,46381600,202.6592254638672,202.34591950835383,31.84209798844485,214.31716955756696,191.00128137016742,0.007783765588379676,0.007753628371346302,0.018792132832341445,-5.4882354736328125,0.3093528835540449,-0.002213754276742086,-0.0009847851401657607,0,0.007783765588379676,0.939795209208124
2025-06-04,202.0185546875,205.42503857555045,201.30139858491114,202.10819540070028,43604000,202.88682250976564,202.31474190636774,32.0226853610846,214.2929392608841,191.48070575864716,-0.002213754276742086,-0.0022162082530769673,0.018794997420234966,-4.0240325927734375,-0.05988581678941651,-0.010797849584515684,-0.001016614550141762,0,-0.0,0.939795209208124
2025-06-05,199.83718872070312,203.9409031289377,199.35907456166248,202.69584267027508,55126100,203.11775665283204,202.07878446011398,30.511508810268808,214.04722619544452,192.18828711021956,-0.010797849584515684,-0.010856569443704327,0.018774589661933457,-1.4542388916015625,0.2642441060453169,0.01639838949706518,0.0004323562557739742,1,-0.0,0.939795209208124
2025-06-06,203.11419677734375,204.8871617909174,201.2515910514923,202.19783403313102,46607700,203.45086593627929,202.17739515699301,38.10757278661669,213.92139409275578,192.9803377798028,0.01639838949706518,0.016265387945758276,0.019048732623565396,2.5498809814453125,-0.1545257146796164,-0.012112648419101646,0.0007451628508712608,1,0.01639838949706518,0.9552063370961946
2025-06-09,200.65394592285156,205.18596915505242,199.22960401477,203.58233063284266,72862600,203.60923690795897,202.03230475374144,38.119910735833486,213.79177716218817,193.42669665372978,-0.012112648419101646,-0.012186604353181927,0.019279107818127594,6.155548095703125,0.5633167910023451,0.006056171467545779,0.001737593726590011,1,-0.012112648419101646,0.9436362585672505
2025-06-10,201.869140625,203.54250994980842,199.77744796710627,199.8073282051838,54672600,203.20484161376953,202.01676531290894,43.051412399236824,212.95932383212565,193.45035939541341,0.006056171467545779,0.006037906567603641,0.012688388508089048,2.4502716064453125,-0.24964796754439178,-0.019193789486923962,0.0009987291575930988,1,0.006056171467545779,0.9493510815521272
2025-06-11,197.9945068359375,203.69190510411792,197.62597377823997,202.69585666840098,60989900,202.50013732910156,201.6336930770069,44.34575259556771,211.5643124040058,193.43596225419734,-0.019193789486923962,-0.019380381731049234,0.01291779065997887,-1.6335296630859375,0.1155478246873205,0.0021129385173963566,0.0003230700849135761,1,-0.019193789486923962,0.9311294367436321
2025-06-12,198.41285705566406,198.890956077424,196.58013147350607,198.29333609984755,43904600,201.84623184204102,201.32694678925998,46.27073474444384,210.02290635961774,193.6695573244643,0.0021129385173963566,0.0021107094022437905,0.012975461873079588,-0.7470245361328125,-0.2801332679673192,-0.013805310006740679,0.0008830377550565785,1,0.0021129385173963566,0.9330968559952093
2025-06-13,195.6737060546875,199.57821397711425,194.92666975119658,198.94074360607502,51447300,201.09919509887695,200.78854290977688,52.302824139875376,208.60544282045387,193.59294737730002,-0.013805310006740679,-0.013901489516828505,0.013194126366421331,-4.38262939453125,0.1717974881903035,0.010028094916962882,-0.0007233603457286243,0,-0.013805310006740679,0.9202151646318804
2025-06-16,197.6359405517578,197.90487790098294,195.78328974313985,196.52037110088898,43020700,200.45973205566406,200.488295066156,46.04858061915468,206.69164169172453,194.2278224196036,0.010028094916962882,0.009978147215757682,0.013533269675327699,-3.2670440673828125,-0.1637909083664254,-0.014010749776737996,-0.0006603991659578972,0,0.0,0.9202151646318804
2025-06-17,194.86691284179688,197.60604600468164,194.43861931524052,196.42074594971083,38856200,199.80532760620116,199.95292533050275,40.52341773497459,205.44372917543484,194.16692603696748,-0.014010749776737996,-0.014109826849418127,0.013619355483481208,-7.599853515625,-0.09680223706262336,0.00480486810612768,-7.93415285196244e-05,0,-0.0,0.9202151646318804
2025-06-18,195.80322265625,196.78931617646225,194.29919484122428,195.16575220236885,45394700,199.293359375,199.5577155520025,43.441110665865224,204.37958793556868,194.2071308144313,0.00480486810612768,0.004793361570904557,0.013652365666872108,-6.21533203125,0.16827430371472252,0.022484445331105496,-0.0007920443507730437,0,0.0,0.9202151646318804
2025-06-20,200.20574951171875,200.90298042554332,196.08210930882012,197.45666110928434,96813500,199.23907546997071,199.6194330719755,50.25677199423102,204.25824753092363,194.2199034090178,0.022484445331105496,0.022235396428993304,0.013832128837006913,0.368560791015625,1.1327049192967462,0.0024875227541492073,0.004350685762342701,1,0.0,0.9202151646318804
2025-06-23,200.70376586914062,201.50060768152076,198.17380945321412,200.83325703321927,55814300,199.2460479736328,199.7227028621817,49.65348516005609,204.27335242183204,194.21874352543358,0.0024875227541492073,0.0024844339906089923,0.013819694071322256,-2.410430908203125,-0.4234863939429935,-0.005955377660487593,0.0005572910664772905,1,0.0024875227541492073,0.9225042207926153
2025-06-24,199.5084991455078,202.63609053842802,199.40888822531906,201.78944331230142,54064000,199.49655303955078,199.70230250821274,44.78766243437966,203.99974829143673,194.99335778766482,-0.005955377660487593,-0.005973181643514452,0.011951316022727388,-1.14544677734375,-0.031359346977387514,0.006290483303657002,0.0003230700849135761,1,-0.005955377660487593,0.9170103597644015
2025-06-25,200.7635040283203,202.8651666655851,199.82721614273908,200.6539381013163,39525700,199.56378479003905,199.80336931965155,47.84978759558199,204.10210985434568,195.02545972573242,0.006290483303657002,0.006270780795922684,0.010628395690600494,-1.1056365966796875,-0.26890907073098547,-0.002778166875005761,0.0008100682373116719,1,0.006290483303657002,0.92277879812178
2025-06-26,200.20574951171875,201.8392684520338,198.67184150130464,200.63404307360597,50799100,199.59267044067383,199.84169124270556,50.668633942709086,204.1400624324993,195.04527844884836,-0.002778166875005761,-0.002782033143017206,0.0106503316287467,2.21124267578125,0.2852169601044383,0.0003979975434207361,0.0008434563844677916,1,-0.002778166875005761,0.9202151646318805
2025-06-27,200.28543090820312,202.41697405518968,199.20969672208463,201.09222774816857,73188600,199.64894790649413,199.88395216322914,44.19464138086529,204.2016439028933,195.09625191009496,0.0003979975434207361,0.0003979183634067224,0.010633502111199553,1.8725738525390625,0.4407459974684591,0.020340157852722696,0.0005580200165057144,1,0.0003979975434207361,0.9205814080068224
2025-06-30,204.35926818847656,206.570497066428,198.47261792694385,201.21175129212304,91912800,199.86409454345704,200.3101727370622,57.131931570674354,204.88088393425468,194.8473051526594,0.020340157852722696,0.02013605979229072,0.01151348263967128,8.685562133789062,0.2558349251112879,0.012916107943551136,0.001035853762390112,1,0.020340157852722696,0.9393061791619629
2025-07-01,206.99879455566406,209.35942450018746,205.3254252695324,205.85332972802502,78788900,200.16888504028321,200.9471843388338,59.36023094232957,206.10743956484933,194.2303305157171,0.012916107943551136,0.01283340638163014,0.011796985360678643,9.36285400390625,-0.14278642365372396,0.02223078455769123,0.0010615282036919487,1,0.012916107943551136,0.9514383591640634
2025-07-02,211.6005401611328,212.49697770796604,207.31752868499885,208.08449026524102,67941800,200.62557373046874,201.96178965524325,74.18555135142466,208.42229005419904,192.82885740673845,0.02223078455769123,0.021987282881436514,0.012612171570644827,16.733627319335938,-0.137672946316042,0.005225040243511225,0.00030320183540720436,1,0.02223078455769123,0.972589580346563
2025-07-03,212.70616149902344,213.80180573654258,210.97303162710094,211.31168447150716,34955800,201.15995407104492,202.98506316417468,74.80124079543927,210.64163378815303,191.6782743539368,0.005225040243511225,0.005211437084864038,0.012582200186140062,16.902938842773438,-0.48550376940263573,-0.016857926854769723,0.00029977693287848103,1,0.005225040243511225,0.9776714000442934
2025-07-07,209.12037658691406,215.37555986284275,207.97492690746134,211.83958469799765,50229000,201.62411346435547,203.56937872824508,72.66623489995375,211.72200723469203,191.52621969401892,-0.016857926854769723,-0.01700163912053269,0.012989619287748132,8.914627075195312,0.43692892166679065,0.00028580991356896845,0.0007791730112829153,1,-0.016857926854769723,0.9611898870943464
2025-07-08,209.18014526367188,210.59453234535175,207.62631199643187,209.26980118177752,42848900,201.9274108886719,204.10373744590476,70.79297147044063,212.56378254996446,191.29103922737931,0.00028580991356896845,0.00028576907769630084,0.012565390992515168,8.47637939453125,-0.14692906488283664,0.005380619644419049,0.001052254928101132,1,0.00028580991356896845,0.9614646046929002
2025-07-09,210.3056640625,210.49491569520316,206.40115605631001,208.70202548866368,48749400,202.4099967956543,204.69439712367574,79.5576204659837,213.66114448101627,191.15884911029235,0.005380619644419049,0.005366195826791592,0.012167018835040419,10.797164916992188,0.13770481856010308,0.006015124005702255,0.0006248570646977568,1,0.005380619644419049,0.9666378800323244
2025-07-10,211.5706787109375,212.63644276910486,209.20007826975964,209.67817732396114,44443600,202.89507369995118,205.34928108436733,79.81171354979274,214.86181810903565,190.9283292908667,0.006015124005702255,0.005997105367425927,0.01216637698912571,10.807174682617188,-0.08832518964335967,-0.005884967980950728,0.0010570437902716813,1,0.006015124005702255,0.972452326749328
2025-07-11,210.32559204101562,211.29176024279,209.03072603053,209.73792710960444,39765800,203.5116279602051,205.82321546119096,71.72793737034605,215.68414558186032,191.33911033854986,-0.005884967980950728,-0.005902352644030488,0.011251563580839782,10.119842529296875,-0.10525249979749618,-0.012028745424552567,0.0010058842994445899,1,-0.005884967980950728,0.9667294759434072
2025-07-14,207.79563903808594,210.0765986782557,206.71990480407712,209.10046017794556,38840100,203.98076705932618,206.01106532565714,64.00472958273244,216.04866127433525,191.91287284431712,-0.012028745424552567,-0.012101676216787868,0.011749238750539412,7.5102081298828125,-0.02327879735853422,0.002348713237791289,0.0009194787286513708,1,-0.012028745424552567,0.9551009331828728
2025-07-15,208.28369140625,211.05270487364396,208.09443976951917,208.39325734338402,42296300,204.61126632690429,206.2275059047612,67.82680665470134,216.15814236922395,193.06439028458462,0.002348713237791289,0.0023459593221171315,0.01111635101230414,3.9244232177734375,0.08898535276685693,0.005021289252517214,0.0009102054530605542,1,0.002348713237791289,0.9573441913880663
2025-07-16,209.3295440673828,211.5606828488181,207.8155461810567,209.4689902412225,47490500,205.19594650268556,206.52293811072514,67.5510602217987,216.43581072837927,193.95608227699185,0.005021289252517214,0.005008724622513407,0.011010025270453446,2.33074951171875,0.12280506805559832,-0.0006661019354642361,0.0009102054530605542,1,0.005021289252517214,0.9621512934872429
2025-07-17,209.1901092529297,210.9630743588066,208.7618004967043,209.7379389650813,48068100,205.9121063232422,206.77695440998275,68.7292166733572,216.16260879147273,195.66160385501166,-0.0006661019354642361,-0.0006663238799223456,0.010311160545533262,-2.410430908203125,0.012162432486497288,0.005523257149813832,0.00041296272080502543,1,-0.0006661019354642361,0.9615104026484417
2025-07-18,210.34552001953125,210.95311022715865,208.87137245947412,210.03674740882613,48974600,206.63922119140625,207.1168178013683,70.0715185110316,215.88427689899225,197.39416548382025,0.005523257149813832,0.005508059898247254,0.01031681781681122,-2.3606414794921875,0.01885866094145605,0.006155802989930459,0.00041296272080502543,1,0.005523257149813832,0.9668210718544901
2025-07-21,211.64036560058594,214.92732845073886,210.7937335563828,211.2618775331451,51377400,207.2109519958496,207.5476318774843,66.33879998466014,216.19130337469633,198.23060061700286,0.006155802989930459,0.006136933433292541,0.009347512202898353,2.519989013671875,0.04906216691917842,0.009036224276703031,0.0009194787286513708,1,0.006155802989930459,0.9727726318993397
2025-07-22,213.55279541015625,214.1006251327807,211.39137195770533,212.29777975345726,46404100,207.8534034729004,208.11955221392927,65.2033099319905,216.71125761856098,198.99554932723981,0.009036224276703031,0.008995641893247627,0.009449308734117695,4.372650146484375,-0.09679937092963053,-0.0011660263132247106,0.0010992246762824309,1,0.009036224276703031,0.9815628235714208
2025-07-23,213.3037872314453,214.29983576430007,211.5706725113145,214.15043456376964,46989300,208.54316787719728,208.61328888226413,54.95078663326639,216.79252206596672,200.29381368842783,-0.0011660263132247106,-0.001166706650818722,0.00926531283809157,2.9981231689453125,0.012610954635474014,-0.0018212218160039706,0.000909167616478114,1,-0.0011660263132247106,0.9804182954910533
2025-07-24,212.91531372070312,214.83769515517375,212.68622683006964,213.05475989741393,46022600,209.1507583618164,209.023005533544,50.63438538159852,216.75207995412777,201.54943676950504,-0.0018212218160039706,-0.0018228822567824276,0.00930906937001708,1.344635009765625,-0.02057276869414948,0.0005615031169694529,0.0008326170870869684,1,-0.0018212218160039706,0.9786327363024956
2025-07-25,213.0348663330078,214.38949295365802,212.55675209148805,213.85161823157193,40268800,209.79221420288087,209.4050875144453,65.0344478383073,216.30211317119844,203.2823152345633,0.0005615031169694529,0.0005613455330807401,0.00922989140779246,2.7092742919921875,-0.1250211852437716,0.000794759685829316,0.0010615282036919487,1,0.0005615031169694529,0.9791822416342978
2025-07-28,213.2041778564453,214.00101967144602,212.2180844005514,213.18425263148458,37858000,210.43815155029296,209.76690564225484,65.32620912578906,215.34179344006222,205.5345096605237,0.000794759685829316,0.0007944440315853128,0.009224088166876115,5.408538818359375,-0.059867689129052715,-0.012987680343794161,0.0009978250607997159,1,0.000794759685829316,0.9799604562050287
2025-07-29,210.43515014648438,213.96115480223384,209.9869314052821,213.33363944545516,51411700,210.74194564819337,209.83054797599098,50.43829837345128,214.72661262822135,206.75727866816538,-0.012987680343794161,-0.013072757705372804,0.008965857247211514,2.151458740234375,0.3580141581700036,-0.010507880529716407,0.0005608213189248388,1,-0.012987680343794161,0.9672330430502791
2025-07-30,208.2239227294922,211.55072076453234,206.89917652304968,211.06265157316113,45512500,210.80320205688477,209.677536047753,39.35352154653117,214.57770583991945,207.0286982738501,-0.010507880529716407,-0.010563478124557005,0.008926500381939598,-1.105621337890625,-0.11474430917475986,-0.007079572477626139,8.52802349056832e-05,1,-0.010507880529716407,0.9570694737895128
2025-07-31,206.74978637695312,209.01080544085684,206.3414028602417,207.66614913739534,80698400,210.56066436767577,209.39870274577206,38.788269651051976,214.72291614555743,206.3984125897941,-0.007079572477626139,-0.0071047515593244985,0.007421304416469267,-2.4403228759765625,0.77310409228234,-0.025003627425670194,0.0033591856630771607,1,-0.007079572477626139,0.9502938310836965
2025-08-01,201.58029174804688,212.73603143542957,200.7037642416869,210.03673342752194,104434500,210.00437088012694,208.65409217456013,33.279723890846896,215.6639282351031,204.34481352515078,-0.025003627425670194,-0.02532152842779553,0.00897410669652114,-8.765228271484375,0.29413346485184344,0.004793060447819686,-0.0009484520844106947,0,-0.025003627425670194,0.926533038186367
2025-08-04,202.54647827148438,207.058576977071,200.88306382200804,203.70188303605903,75109300,209.67567596435546,208.0724146599815,34.953065621688424,216.24230947189778,203.10904245681314,0.004793060447819686,0.004781610306494539,0.008460417186851971,-9.093887329101562,-0.28079992722711367,-0.002114797207129704,-4.561253493856928e-05,0,0.0,0.926533038186367
2025-08-05,202.11813354492188,204.52856877803342,201.3611422546983,202.59623250724772,44155100,209.32257537841798,207.50534026807108,30.453581044473026,216.70962671631898,201.93552404051698,-0.002114797207129704,-0.002117036548468912,0.008449852194863215,-11.434661865234375,-0.4121220674403836,0.050906861490558564,0.0005446568861707665,1,-0.0,0.926533038186367
2025-08-06,212.40733337402344,214.52892145014,204.77759854868273,204.81744899810374,108483100,209.42765884399415,207.97219675435227,55.62517675056427,216.93244922028973,201.92286846769858,0.050906861490558564,0.04965346902459199,0.01445252036704676,-0.896453857421875,1.4568645524526045,0.03179372151243287,0.0034055667694145304,1,0.050906861490558564,0.9736999272277468
2025-08-07,219.16055297851562,219.9773200540019,215.7241886502616,218.01510326859565,90224800,209.80715255737306,209.03775448998687,62.88956379564545,218.44958530243616,201.16471981230995,0.03179372151243287,0.031298764824856114,0.01602530500159644,6.2452392578125,-0.16830547799611184,0.0423579323014438,0.0010615282036919487,1,0.03179372151243287,1.004657471550702
2025-08-08,228.44374084472656,230.08721487155407,218.38364441813084,219.95740294972967,113854000,210.7130599975586,210.88594366662875,69.91733020026825,222.7255586246851,198.70056137043207,0.0423579323014438,0.04148538943456772,0.018268231349622247,15.40887451171875,0.26189251735664687,-0.008337491848564249,0.000744903218272662,1,0.0423579323014438,1.0472126847167862
2025-08-11,226.53909301757812,228.91238364576833,224.12592192869855,227.27701087414155,61806100,211.6502326965332,212.3767197952906,65.3957225481208,225.49000534646692,197.8104600465995,-0.008337491848564249,-0.008372443140046247,0.018112607886917622,13.334915161132812,-0.45714599399230593,0.010872351709827699,0.0004941209332980579,1,-0.008337491848564249,1.038481557494247
2025-08-12,229.00210571289062,230.14887046423402,226.42939779448272,227.36673308681236,55626200,212.68615341186523,213.9600898826811,67.68265832588253,228.43485742274763,196.93744940098284,0.010872351709827699,0.010813672630568538,0.01816002614762033,18.56695556640625,-0.09998851246074414,0.016024512985909567,0.0003695449821470435,1,0.010872351709827699,1.049772294231494
2025-08-13,232.6717529296875,234.33703985510917,229.77992501054072,230.4181341091737,69878500,213.85326385498047,215.74215303001503,70.72200310231958,231.85336558962305,195.85316212033788,0.016024512985909567,0.015897475819875263,0.018329563885351435,24.447830200195312,0.2562155962478112,-0.0023571690519698096,5.978525970314356e-05,1,0.016024512985909567,1.0665943839926546
2025-08-14,232.12330627441406,234.4567012802976,230.19875827485632,233.39969406647393,51916300,214.9999237060547,217.30226286281493,69.84282832871543,234.59997880563887,195.3998686064705,-0.0023571690519698096,-0.0023599515483424664,0.018363164590015187,25.373519897460938,-0.25704902080038927,-0.005112134265439328,5.899899012698867e-05,1,-0.0023571690519698096,1.0640802407197023
2025-08-15,230.93666076660156,233.61907447658757,228.69300821277216,233.3398655982593,56038700,216.02948074340821,218.60077694888983,68.05147979399135,236.73232377295415,195.32663771386228,-0.005112134265439328,-0.00512524592862372,0.01851195045650008,29.356369018554688,0.07940473415863614,-0.0030225974608621975,-0.00010133011118716234,0,-0.005112134265439328,1.0586405196599422
2025-08-18,230.23863220214844,232.46233685580373,229.46083388892833,231.04634466466607,37476200,216.95939407348632,219.70914411586685,71.0471920287211,238.48650059704917,195.43228754992347,-0.0030225974608621975,-0.0030271747343979783,0.018591224886936545,27.692153930664062,-0.33124430081354495,-0.0014291944969683223,-0.0002776377057084715,0,-0.0,1.0586405196599422
2025-08-19,229.90957641601562,232.21305735738468,228.70299840660482,230.6275464777077,39402600,217.7772331237793,220.68061385873818,74.00807279093755,239.99127605812708,195.5631901894315,-0.0014291944969683223,-0.0014302167695570704,0.018600596253576206,27.79144287109375,0.051403290621781395,-0.019734652812962383,-0.0005418794522537451,0,-0.0,1.0586405196599422
2025-08-20,225.3723907470703,229.81981519856654,225.13307755654054,229.33119207499826,42263900,218.38066329956055,221.12744975286506,69.30751806879732,240.73825818575946,196.02306841336164,-0.019734652812962383,-0.01993198153129969,0.019314303440716673,12.965057373046875,0.07261703542405828,-0.004911305040181113,-0.00022637421226473026,0,-0.0,1.0586405196599422
2025-08-21,224.26551818847656,225.88095827873425,223.14868274098328,225.63166356522294,30621200,218.94817352294922,221.42631341339947,75.68312458474573,241.2978578356829,196.59848921021555,-0.004911305040181113,-0.004923405133202545,0.01936659839035328,5.1049652099609375,-0.2754762338544242,0.012716750813830835,0.0006943270502894533,1,-0.0,1.0586405196599422
2025-08-22,227.11744689941406,228.44369658121065,224.77408575714253,225.53193619713707,42477800,219.65230255126954,221.96832612635325,76.67891030006014,242.10467890647914,197.19992619605995,0.012716750813830835,0.012636571965657789,0.019483840600948342,-1.3262939453125,0.38720233041161034,-0.002634239986928577,4.397717589100243e-05,1,0.012716750813830835,1.0721029873498822
2025-08-25,226.5191650390625,228.65312729963858,225.59178073979155,225.84107546750252,30983100,220.31805191040038,222.4017393561351,76.39698094968954,242.75500340209663,197.88110041870414,-0.002634239986928577,-0.0026377157023371018,0.019522863475764304,-0.019927978515625,-0.2706048806670779,0.00946463359101557,0.0008232421166092227,1,-0.002634239986928577,1.0692788107904996
2025-08-26,228.6630859375,228.84258604761433,224.05612439304167,226.22996704217394,54575100,221.22944869995118,222.99805807816983,71.34753086197105,243.45596073363518,199.00293666626717,0.00946463359101557,0.009420124567184027,0.019184942407351146,-0.339019775390625,0.7614473696950919,0.005145918125483151,0.010035655847972424,1,0.00946463359101557,1.0793991429412686
2025-08-27,229.8397674560547,230.24859923631865,227.6160475796746,227.96506627689797,31259500,222.31024093627929,223.6496494474922,66.43080273401826,243.96891549733363,200.65156637522495,0.005145918125483151,0.005132723136336729,0.018864190428848182,-2.8319854736328125,-0.42722047233994986,0.00898081290311703,6.051977914939795e-05,1,0.005145918125483151,1.084953642555561
2025-08-28,231.90391540527344,232.7515235304584,228.692998228932,230.16883391080088,38074700,223.5679473876953,224.43577001489993,56.84410485726634,244.32463663865036,202.81125813674026,0.00898081290311703,0.008940725237363131,0.018658388081262113,-0.219390869140625,0.21802012188294762,-0.001805954775134011,0.00042742290786426705,1,0.00898081290311703,1.094697408227908
2025-08-29,231.485107421875,232.7216147258446,230.71727541448905,231.85405874294378,39418400,225.0631881713867,225.1071354822309,60.39399054432955,243.3071502791096,206.81922606366382,-0.001805954775134011,-0.0018075874774794432,0.017306962440927134,0.5484466552734375,0.03529115134196714,-0.010424763463666054,0.0009266889232109447,1,-0.001805954775134011,1.092720434216192
2025-09-02,229.07192993164062,230.19874691737337,226.3296880547272,228.60325464814514,44075600,226.38946075439452,225.48473495360324,50.14704275679461,241.29186631851596,211.48705519027308,-0.010424763463666054,-0.010479481927209851,0.01774184918319179,-1.1667022705078125,0.11814787003023963,0.03808989840304622,0.0006771565242718644,1,-0.010424763463666054,1.0813290821575738
2025-09-03,237.79725646972656,238.17618932549604,233.69885053091846,236.5408165177042,66427800,228.17341690063478,226.6573560503769,58.89890475425984,238.75919209316925,217.5876417081003,0.03808989840304622,0.037382388318206415,0.018971078327529523,7.8876800537109375,0.5071331984136347,0.005493355773038333,0.0007097508312248101,1,0.03808989840304622,1.122516797037215
2025-09-04,239.1035614013672,239.2232180033205,236.07214416452067,237.77731160532718,47549400,229.50822830200195,227.8427089409474,61.80837849753693,238.30467211122712,220.7117844927768,0.005493355773038333,0.00547832232513567,0.016108512587749157,13.731170654296875,-0.28419426806246784,-0.000375433370914946,0.0004982356651067117,1,0.005493355773038333,1.128683181164552
2025-09-05,239.0137939453125,240.63920029193574,237.81718240373485,239.32291694518142,54870400,230.5008903503418,228.90662179850597,64.19058066473971,238.85006739490277,222.15171330578082,-0.000375433370914946,-0.00037550386366705076,0.014969357758398328,14.748275756835938,0.1539661909508847,-0.0075513878695669945,-0.00019829331551948716,0,-0.000375433370914946,1.1282594358331524
2025-09-08,237.2089080810547,239.47249309970456,235.67324414176576,238.62490021245955,48999500,230.93914871215821,229.69731573017728,61.787516901830045,239.74155062395508,222.13674680036135,-0.0075513878695669945,-0.0075800439522243105,0.012226013828845897,10.091461181640625,-0.10699575727532518,-0.014839387013392713,0.0010151575750354065,1,-0.0,1.1282594358331524
2025-09-09,233.68887329101562,238.1063683630383,232.70166073618753,236.33139119913957,66313900,231.29663772583007,230.07746406930474,55.76862879544472,239.92566285191123,222.6676125997489,-0.014839387013392713,-0.014950592233048619,0.012594965417020237,7.169708251953125,0.3533587077419158,-0.03225941254848019,0.0006240769390714545,1,-0.014839387013392713,1.111516757413312
2025-09-10,226.15020751953125,231.7643298806428,225.31258085277642,231.53498298240493,83440800,231.1540428161621,229.70343963599296,51.0875877804419,240.03334524277795,222.27474038954625,-0.03225941254848019,-0.032791215790723915,0.014480550691479629,-2.51287841796875,0.2582701364269029,0.014286302255316352,0.0002768962855850644,1,-0.03225941254848019,1.075659879781367
2025-09-11,229.3810577392578,229.7998710451417,226.010588238333,226.23995033725743,50208600,230.98950805664063,229.67273659820864,56.751800267935614,239.87234962870193,222.10666648457934,0.014286302255316352,0.014185214680128478,0.014380854573261388,-0.458709716796875,-0.3982727874133517,0.01756295951024689,0.0010564351879085803,1,0.014286302255316352,1.091027081947841
2025-09-12,233.40966796875,233.84841389514688,228.3739115767776,228.5733443098202,55824200,231.05382614135743,230.0286348239745,58.05466909341781,239.98970406369935,222.11794821901552,0.01756295951024689,0.017410513088878223,0.014932996227686013,1.5057525634765625,0.11184538107017516,0.011235926409398633,0.0007272734282694495,1,0.01756295951024689,1.1101887464126736
2025-09-15,236.03224182128906,237.5180438551372,234.36695488957946,236.33139853346725,42699500,231.3086051940918,230.60040691895685,61.577662105171285,240.5168365266052,222.1003738615784,0.011235926409398633,0.011173272269641253,0.015063291259982734,4.5471343994140625,-0.23510771314232892,0.006125890181851501,0.0011282159316451778,1,0.011235926409398633,1.122662745467909
2025-09-16,237.4781494140625,240.53949594661788,235.65332541334,236.51088466190768,63421100,231.6705810546875,231.25543001372884,60.91358360536815,241.2628766857792,222.0782854235958,0.006125890181851501,0.006107203194049533,0.015067239156654852,8.406219482421875,0.48528905490696617,0.003527257082143187,0.0008552375872026329,1,0.006125890181851501,1.1295400541579013
2025-09-17,238.3157958984375,239.42266510979977,237.05934071942244,238.2958480596019,46508000,232.09089202880858,231.9278458122725,60.58267838343365,242.08649274728862,222.09529131032855,0.003527257082143187,0.0035210509004652986,0.015054565301888015,0.5185394287109375,-0.2666793858826163,-0.004644626316983702,0.0010564351879085803,1,0.003527257082143187,1.1335242323134942
2025-09-18,237.2089080810547,240.51953392817583,235.98236714862816,239.2930082114909,44249600,232.6827178955078,232.4308041235851,56.7857095456806,242.4012063191694,222.9642294718462,-0.004644626316983702,-0.00465544610939042,0.0142707036809594,-1.8946533203125,-0.04855938763223533,0.03203292635537114,0.00025310770895864345,1,-0.004644626316983702,1.1282594358331521
2025-09-19,244.80740356445312,245.60514967420656,239.53233423145286,240.54944568604057,163741300,233.70981216430664,233.60952787985823,64.39652619435978,244.00741669736692,223.41220763124636,0.03203292635537114,0.031530571933516646,0.015571007310258567,5.793609619140625,2.7004018115417994,0.043095737653501054,0.0015078486553872013,1,0.03203292635537114,1.1644008872509481
2025-09-22,255.35755920410156,255.9160073848096,247.42002368458668,247.5995237986898,105517400,235.121817779541,235.6807689583576,74.15687133490148,248.80225795236706,221.44137760671495,0.043095737653501054,0.04219296246145317,0.017744167056456265,18.148651123046875,-0.35558469366006007,-0.006443278871197333,-0.00014555040135731347,0,0.043095737653501054,1.2145816024114189
2025-09-23,253.71221923828125,256.6140134777918,252.86462630601793,255.15814081026073,60275200,236.48147048950196,237.39804993739796,66.8141406032116,251.86162097929042,221.1013199997135,-0.006443278871197333,-0.006464126391678221,0.017862053825913392,20.023345947265625,-0.4287653031632698,-0.008332328960039437,0.00018241899731082144,1,-0.0,1.2145816024114189
2025-09-24,251.59820556640625,255.01853710208397,250.33178410429736,254.49999981420794,42303700,237.62822647094725,238.75044571158924,62.979065772409506,253.94544659624833,221.31100634564618,-0.008332328960039437,-0.008367236857623894,0.018113246204619907,25.447998046875,-0.29815745115735826,0.018073060767529903,-0.00048700025998602166,0,-0.008332328960039437,1.2044613089513152
2025-09-25,256.1453552246094,256.44452717224715,250.99992334214926,252.4956917858775,55202100,238.943505859375,240.40710376044828,66.28747369160145,256.78680158394593,221.10021013480403,0.018073060767529903,0.017911684479911448,0.018349894022336343,26.764297485351562,0.30490004420417116,-0.005489212856193304,-0.0008839955522843347,0,0.0,1.2044613089513152
2025-09-26,254.73931884765625,256.87328100426123,253.06405044687503,253.38315498635407,46076300,240.08527603149415,241.77207662589663,66.79403674163765,258.92643647555377,221.24411558743452,-0.005489212856193304,-0.005504333945722916,0.018493918966350508,21.32965087890625,-0.1653161745658227,-0.004031963397017835,-0.00017987917049468998,0,-0.0,1.2044613089513152
2025-09-29,253.71221923828125,254.28061851263055,252.29622703166862,253.84185736381545,40127700,241.19663162231444,242.90923306517135,70.14444128553542,260.5178921169719,221.875371127657,-0.004031963397017835,-0.004040113676564628,0.01854283108197853,17.679977416992188,-0.12910324830769837,0.0007861175643599783,-0.00018915244608550666,0,-0.0,1.2044613089513152
2025-09-30,253.9116668701172,255.1980209495745,252.39595068950493,254.1410137555297,37704300,242.4386184692383,243.9570839037376,82.76831792873432,261.6714897957369,223.20574714273974,0.0007861175643599783,0.0007858087357872592,0.018226502372669016,16.433517456054688,-0.06039219790817818,0.003220363988628794,-0.00027969672634590206,0,0.0,1.2044613089513152
2025-10-01,254.72935485839844,258.05994405161016,254.21081755391603,254.3205078449461,48713900,243.28522338867188,244.98301447084816,81.72736891561019,263.13850642317254,223.4319403541712,0.003220363988628794,0.0032151897222239072,0.016513869049507992,16.413558959960938,0.2919985253671331,0.006576576905767517,-0.000873275913507856,0,0.0,1.2044613089513152
2025-10-02,256.40460205078125,257.45162766856953,253.43299812845933,255.85613542550084,42630200,244.15027542114257,246.07078471655606,80.58350312938865,264.7307542839365,223.56979655834863,0.006576576905767517,0.006555045573952552,0.01652227076678066,19.195693969726562,-0.12488632607941474,0.0034612549164674267,-0.0010249682656234423,0,0.0,1.2044613089513152
2025-10-03,257.2920837402344,258.5086431914624,253.23357360959045,253.9515436206674,49155600,245.06418991088867,247.13947986166826,79.643995882604,266.29728430622947,223.83109551554784,0.0034612549164674267,0.0034552785601604428,0.01649559592254528,12.48468017578125,0.15306988942111466,-0.005154581092728927,-0.0014484614783387836,0,0.0,1.2044613089513152
2025-10-06,255.96585083007812,258.3391414491699,254.33047806472084,257.2621712100349,44664100,246.00203704833984,247.98008662056444,75.8649398467927,267.430301839023,224.57377225765666,-0.005154581092728927,-0.005167911774969734,0.016417157509339527,0.6082916259765625,-0.09137310906590501,-0.0008181232786117487,-0.0005178609513768088,0,-0.0,1.2044613089513152
2025-10-07,255.75643920898438,256.67382669789566,254.70938317067183,256.0854948355218,31955800,247.10541534423828,248.72069162898535,74.83665896861123,268.1329437333359,226.07788695514066,-0.0008181232786117487,-0.0008184581241036363,0.015863060911812377,2.044219970703125,-0.28453052899308395,0.006160398261371158,-0.0005952646622953271,0,-0.0,1.2044613089513152
2025-10-08,257.3320007324219,257.7906945345413,255.38748958216482,255.79633660873378,36496900,248.6645050048828,249.5408163055031,78.27916537470692,267.6774790548061,229.65153095495953,0.006160398261371158,0.006141500579785572,0.0132744244171005,5.733795166015625,0.1421056584407212,-0.015577861438013874,-0.0015458818934543424,0,0.0,1.2044613089513152
2025-10-09,253.3233184814453,257.2721535801604,252.42586356688122,257.082687156571,38322000,249.8616180419922,249.9010546079738,63.310464700851476,266.64685107363056,233.0763850103538,-0.015577861438013874,-0.01570047132154628,0.014018566320864706,-2.8220367431640625,0.05000698689477745,-0.034522106251509976,-0.0026386927298913975,0,-0.0,1.2044613089513152
2025-10-10,244.57806396484375,255.6567217403356,243.3116425485481,254.2207817432353,61999100,250.42003784179687,249.39410311815192,32.14407579488429,265.56353988179194,235.27653580180183,-0.034522106251509976,-0.03513207354504185,0.01623759032076153,-10.1612548828125,0.6178461458170241,0.00974435305541288,-0.0023909839143656047,0,-0.0,1.2044613089513152
2025-10-13,246.96131896972656,248.98559082884384,244.86723728717817,248.6764678182016,38142900,250.96649169921875,249.16240938973047,39.08418334492123,264.64150681292375,237.29147658551378,0.00974435305541288,0.009697183027240885,0.0161985595040838,-6.7509002685546875,-0.3847830049145875,0.0004441806313149055,-0.001895475600260808,0,0.0,1.2044613089513152
2025-10-14,247.07101440429688,248.14796941642882,244.00966795095763,245.90431694508948,35478000,251.44613494873047,248.9632289149273,42.17243056882016,263.73148690288565,239.1607829945753,0.0004441806313149055,0.00044408201230031126,0.016179393573998196,-6.8406524658203125,-0.06986621363346779,0.006336506208048043,-0.0033899490423698097,0,0.0,1.2044613089513152
2025-10-15,248.63658142089844,251.10959602979932,246.77186176083558,248.78616738422895,33893600,251.96217422485353,248.93211962978168,35.52478695835062,262.69411133148236,241.23023711822472,0.006336506208048043,0.006316514957929752,0.01620456189751611,-6.0927734375,-0.04465866170584587,-0.007579973963228515,-0.003524835442609261,0,0.0,1.2044613089513152
2025-10-16,246.75192260742188,248.33743345063007,244.43847540742667,247.54966879270205,39777000,252.43932495117187,248.72448181812837,34.88110807138831,261.0479272031752,243.83072269916855,-0.007579973963228515,-0.007608847967879364,0.01628335629847198,-9.652679443359375,0.1735843935138197,0.019559419889786378,-0.00283509767820754,0,-0.0,1.2044613089513152
2025-10-17,251.5782470703125,252.66518358811555,246.57242016484557,247.3203043073955,49147000,252.77786712646486,248.99626898500304,46.46862996417422,260.62128435242727,244.93444990050241,0.019559419889786378,0.019370592698148312,0.015284762974155538,-5.713836669921875,0.23556326520350956,0.039438767662544505,-0.003047079449592715,0,0.0,1.2044613089513152
2025-10-20,261.50018310546875,263.63416054313814,254.90884523128253,255.168106265739,90483000,253.0849983215332,250.1871179488569,59.50060959511499,261.787733086627,244.38226355643937,0.039438767662544505,0.03868092101339173,0.014774002607958869,5.534332275390625,0.8410686308421673,0.0020211608621845123,0.00016683268503702226,1,0.0,1.2044613089513152
2025-10-21,262.0287170410156,264.54162761794373,261.0913663387469,261.1412435480521,46695900,253.5008232116699,251.31488929096724,59.205245152617366,263.08031946839213,243.92132695494772,0.0020211608621845123,0.002019121064612679,0.01466154460583394,6.27227783203125,-0.48392626239183056,-0.016440300357890014,-0.0002914582216690813,0,0.0020211608621845123,1.206895719008983
2025-10-22,257.72088623046875,262.1084670888602,254.70938662410154,261.9090191460537,45015300,253.80695724487305,251.92498423758644,51.556611774556195,263.52082874345956,244.09308574628656,-0.016440300357890014,-0.01657694178315752,0.015060665125855868,0.388885498046875,-0.03599031178326151,0.004372173918809619,-0.0020686523308253075,0,-0.0,1.206895719008983
2025-10-23,258.8476867675781,259.8847613495841,257.28213901467177,259.206686997747,32754900,253.94207382202148,252.5842892404428,51.82927135615276,263.86580817646603,244.0183394675769,0.004372173918809619,0.004362643734738812,0.014561396418181837,5.5243682861328125,-0.2723607306849005,0.012481724364091562,-0.00033879303063268117,0,0.0,1.206895719008983
2025-10-24,262.07855224609375,263.3848541030092,258.44880663072195,260.4531458541269,38253700,254.30903549194335,253.48850476479052,56.87989541786826,264.8786628415878,243.73940814229888,0.012481724364091562,0.012404469824879983,0.014717853069331403,17.50048828125,0.16787717257570622,0.022791311850895335,-0.0022732692868362692,0,0.0,1.206895719008983
2025-10-27,268.0516662597656,268.36078929414754,263.90339825112477,264.13276036080543,44888200,255.02600784301757,254.87547252621673,62.24915068623094,267.2422918823009,242.80972380373424,0.022791311850895335,0.022535469923743244,0.015391640463823976,21.090347290039062,0.17343420375022545,0.0007067783895675639,-0.002109167013041127,0,0.0,1.206895719008983
2025-10-28,268.2411193847656,269.12862319727753,267.39351124836816,268.23113785786586,41534800,255.74248046875,256.14839127464995,61.17692413999249,269.2916838751158,242.1932770623842,0.0007067783895675639,0.0007065287393462459,0.015392214695829366,21.17010498046875,-0.07470560191765319,0.0026022429598195895,-0.0022054689198430038,0,0.0,1.206895719008983
2025-10-29,268.93914794921875,270.6443152614699,266.35642794866993,268.5203194424725,51086700,256.45297012329104,257.3665585769898,67.16352728439996,271.2145064475723,241.69143379900976,0.0026022429598195895,0.002598862988010724,0.015392075927493597,20.302566528320312,0.2299734198792338,0.006303249053230431,-0.002109167013041127,0,0.0,1.206895719008983
2025-10-30,270.63433837890625,273.36662916750566,267.72259312931254,271.2226702585742,69886500,257.1644569396973,258.6301566533628,83.89103103022046,273.2302665393254,241.0986473400692,0.006303249053230431,0.006283466664280875,0.01538869547078631,23.882415771484375,0.36799793292579097,-0.0037950435186790976,-0.0027288537204672473,0,0.0,1.206895719008983
2025-10-31,269.6072692871094,276.53767519933945,268.40069127196034,276.2085891024436,86167100,257.780216217041,259.67559595181484,80.53243757115578,274.7832978677278,240.77713456635422,-0.0037950435186790976,-0.00380226296753672,0.015458078352536786,18.029022216796875,0.2329577243101315,-0.004882341269010326,-0.0022589317841904795,0,-0.0,1.206895719008983
2025-11-03,268.29095458984375,270.08589475979994,265.49886601188945,269.65711516237894,50194600,258.3964714050293,260.4961062982938,77.70828584681153,276.0052970746176,240.78764573544095,-0.004882341269010326,-0.004894298833628012,0.01545114437552334,6.790771484375,-0.41747372256928683,0.0036797500454424092,-0.0004080407253920506,0,-0.0,1.206895719008983
2025-11-04,269.2781982421875,270.72408938596277,266.86501191822913,267.5730004152706,49274800,259.07255935668945,261.33249600723605,77.36644895194699,277.28265680166726,240.86246191171162,0.0036797500454424092,0.0036729963281676823,0.015433530893496228,7.249481201171875,-0.01832468034410073,0.00037036583712879434,-0.0019472511861526776,0,0.0,1.206895719008983
2025-11-05,269.3779296875,270.9335263776032,266.17696342424256,267.8522167164328,43683100,259.6748558044434,262.0987277863088,81.48760344618165,278.4312005591637,240.91851104972307,0.00037036583712879434,0.00037029726863190167,0.015419349016758982,11.65704345703125,-0.11347991265312085,-0.0013697782796735503,-0.000702978787146707,0,0.0,1.206895719008983
2025-11-06,269.0089416503906,272.6287059365568,267.1342708755924,267.1342708755924,51204000,260.4591369628906,262.75684339241184,77.69317669419003,279.40800677590005,241.5102671498812,-0.0013697782796735503,-0.0013707172835239541,0.014864665221423158,10.1612548828125,0.1721695575634512,-0.004818894404181151,-0.001854823455303735,0,-0.0,1.206895719008983
2025-11-07,267.7126159667969,271.5218466038475,266.0173996929098,269.03885049148494,48227400,261.6158645629883,263.2288217328295,63.5966289117968,279.2625581398453,243.9691709861313,-0.004818894404181151,-0.0048305427121975416,0.012140839315720568,5.634063720703125,-0.05813217717365826,0.00454869456011342,-0.0017274313841588458,0,-0.0,1.206895719008983
2025-11-10,268.93035888671875,273.22240319845355,266.96401085683,268.46122924118225,41312400,262.7143165588379,263.77182527129514,64.66269442481376,279.2181707010597,246.21046241661605,0.00454869456011342,0.004538380514148896,0.012080367460166908,0.878692626953125,-0.14338322198584208,0.02160114657791201,-0.0006402008458502521,0,0.0,1.206895719008983
2025-11-11,274.73956298828125,275.3983427074405,269.2996575494418,269.3096487524697,46208300,264.0977439880371,264.8163717205319,83.98831276161593,279.69401835897906,248.50146961709515,0.02160114657791201,0.021371148071028613,0.012635002918726768,6.498443603515625,0.11850921273031823,-0.006466862149501096,-0.0015458818934543424,0,0.0,1.206895719008983
2025-11-12,272.9628601074219,275.2186787593472,271.19615348009904,274.49002155435767,48398000,265.3140579223633,265.59222775737857,77.47642209966281,279.5700798953737,251.0580359493529,-0.006466862149501096,-0.006487862890758322,0.012906298385700423,4.023712158203125,0.047387590541093205,-0.0019014031834500011,-0.00188601736305594,0,-0.0,1.206895719008983
2025-11-13,272.44384765625,276.1868935731559,271.5854266195937,273.6016697208788,49602800,266.59865417480466,266.2447629858425,72.55863318526706,278.1939304853913,255.00337786421804,-0.0019014031834500011,-0.001903213145158224,0.012681126958584735,1.80950927734375,0.02489359064424157,-0.00197850671637112,-0.0019693569743557873,0,-0.0,1.206895719008983
2025-11-14,271.9048156738281,275.44821996704485,269.10002929321837,270.54732197227213,47431300,267.61498260498047,266.7838156227935,60.98386782473136,277.02409136219194,258.205873847769,-0.00197850671637112,-0.001980466546235507,0.012291771026873847,2.29754638671875,-0.043777770609723654,-0.018171161859606544,-0.0017728597618616934,0,-0.0,1.206895719008983
2025-11-17,266.9639892578125,269.98836893107386,265.237217022597,268.3214829895084,45018300,267.88817291259767,266.80097501660487,47.135376380151826,276.8567046431509,258.9196411820444,-0.018171161859606544,-0.018338285065585238,0.010094645011624014,-1.32696533203125,-0.05087357926095215,-7.464669137968727e-05,-0.0022923675288520655,0,-0.0,1.206895719008983
2025-11-18,266.9440612792969,270.2079864201871,264.8279974843966,269.48932037088264,45677300,268.1339401245117,266.8146022797184,45.38458823114124,276.6861237161023,259.5817565329211,-7.464669137968727e-05,-7.464947758260898e-05,0.010095268528758054,-2.334136962890625,0.01463849145791829,0.0041877290655560895,-0.002515631927395516,0,-0.0,1.206895719008983
2025-11-19,268.06195068359375,271.7051756343288,265.00762791735707,265.0375710636542,40424500,268.65099334716797,266.93339736580174,43.8857520876009,275.6643770977059,261.63760959663006,0.0041877290655560895,0.0041789849317348,0.009239523159584552,-1.31597900390625,-0.11499804060222474,-0.008601349703672212,-0.0009195451506934287,0,0.0,1.206895719008983
2025-11-20,265.7562561035156,274.91922505965954,265.42688147061517,270.327749378444,45823600,268.99642181396484,266.8212886741554,41.37110472288247,274.4933901182376,263.4994535096921,-0.008601349703672212,-0.008638554808404069,0.009516176698124698,-3.252685546875,0.13356009350764997,0.019680647235321702,-0.003884612797885405,0,-0.0,1.206895719008983
2025-11-21,270.98651123046875,272.8230952896135,265.17732758833057,265.4568071090486,59030800,269.4418197631836,267.21797653666147,55.138587342255235,273.92958294814946,264.9540565782178,0.019680647235321702,0.01948948732721377,0.010078501182601105,3.273895263671875,0.2882182979949197,0.016317468883471742,-0.001567795789884237,0,0.0,1.206895719008983
2025-11-24,275.4083251953125,276.4863089537433,270.397615191446,270.397615191446,65585800,269.8096527099609,267.9980097422473,60.33290054958735,274.97279590184354,264.6465095180783,0.016317468883471742,0.016185769721398423,0.009450551752436448,6.47796630859375,0.11104372632591808,0.003805495657415614,-0.0017728597618616934,0,0.0,1.206895719008983
2025-11-25,276.4563903808594,279.8600705608694,274.73957871594786,274.75953066216096,46914200,270.2204162597656,268.8035698030675,61.56177442010932,276.1136776602927,264.32715485923853,0.003805495657415614,0.0037982730766835957,0.009464033235486573,1.716827392578125,-0.2846896736793635,0.002093957526739132,-0.00047868215857235796,0,0.0,1.206895719008983
2025-11-26,277.0352783203125,279.01161742605893,276.1170014953278,276.44637611579356,33431400,270.62522277832034,269.5875420428051,63.02072864632583,277.21857425038525,264.0318713062554,0.002093957526739132,0.0020917682533082623,0.00946174626144376,4.072418212890625,-0.2873927297065707,0.0046839067924580036,-0.0002914582216690813,0,0.0,1.206895719008983
2025-11-28,278.3328857421875,278.4826014787427,275.4781737009374,276.7458380127342,20135600,271.01015014648436,270.42043191893674,67.2280214693707,278.4502682971806,263.5700319957881,0.0046839067924580036,0.004672971434540764,0.009425577565629287,5.8890380859375,-0.3977039549644945,0.01524119743713337,-0.0003041563997886212,0,0.0,1.206895719008983
2025-12-01,282.57501220703125,282.89442609469603,275.62792768573877,277.4944549964911,46587700,271.65853729248045,271.57801099399336,70.15634298079524,280.6767386875485,262.6403358974124,0.01524119743713337,0.0151262172065036,0.009821376674881243,10.670196533203125,1.3136981267009675,0.010914832876105063,-0.00032906746558979453,0,0.0,1.206895719008983
2025-12-02,285.6592712402344,286.86701880065203,282.10587559562896,282.47518456741903,53669500,272.526953125,272.9190833983973,67.54333409491386,283.3451133885063,261.70879286149363,0.010914832876105063,0.010855696011275954,0.009840325019537811,18.695281982421875,0.1520100799137969,-0.007128157809805358,-0.002063821511893247,0,0.0,1.206895719008983
2025-12-03,283.623046875,288.0847586222564,282.77461708045536,285.6692634925469,43538700,273.24419555664065,273.93850849140705,66.98476047662531,285.0155699670088,261.4728211462725,-0.007128157809805358,-0.007153684504557431,0.01010505310398163,16.678985595703125,-0.18876270507457682,-0.012141479874668626,-0.001316934835943579,0,-0.0,1.206895719008983
2025-12-04,280.179443359375,284.20196835267484,278.07334059490756,283.5731318378766,43989100,273.7842712402344,274.5328832407373,61.274336251696845,285.7974305083242,261.7711119721445,-0.012141479874668626,-0.012215789741831256,0.010627204345829432,12.11749267578125,0.010344819666181948,-0.006840055245008081,-0.001965790965478468,0,-0.0,1.206895719008983
2025-12-05,278.26300048828125,280.6186397013617,277.53434330937836,280.01974631085085,47265800,274.2469741821289,274.88813250240815,58.909107391636404,286.1984052071195,262.2955431571383,-0.006840055245008081,-0.00686355564689062,0.01078824469771878,12.506744384765625,0.07448890747935288,-0.003192433705098474,-0.001990050667351284,0,-0.0,1.206895719008983
2025-12-08,277.3746643066406,279.15136205700173,275.6378704438954,277.6142094762677,38211800,274.7300765991211,275.1249450551922,66.45637339132398,286.3457755146938,263.1143776835484,-0.003192433705098474,-0.003197540392983899,0.010742172117190007,6.388153076171875,-0.19155499325093406,-0.002555062909471051,-0.0004529769089469753,0,-0.0,1.206895719008983
2025-12-09,276.66595458984375,279.5106752769474,276.40645748061854,277.64414811825674,32193300,275.11685638427736,275.27170786801616,65.04009691622468,286.43065901338275,263.80305375517196,-0.002555062909471051,-0.0025583326534953568,0.010764929359769835,1.25762939453125,-0.15750370304460926,0.005772469911612843,-0.0006402008458502521,0,-0.0,1.206895719008983
2025-12-10,278.26300048828125,279.2312028389952,275.92734368017386,277.23491184461454,33038300,275.2930282592773,275.55659287947,65.55082064833078,286.69150700352765,263.894549515027,0.005772469911612843,0.005755873046479309,0.00974039430454937,1.806610107421875,0.026247697502275402,-0.002690246960942222,-0.0019600836987649704,0,0.0,1.206895719008983
2025-12-11,277.514404296875,279.07150890817053,273.3022288840155,278.5824273392719,33248000,275.52060546875,275.743051109699,68.81787021471335,286.9049368908028,264.13627404669717,-0.002690246960942222,-0.0026938721785778564,0.009630490325464796,0.4791259765625,0.006347178880269366,0.0008992046267306542,-0.0019693569743557873,0,-0.0,1.206895719008983
2025-12-12,277.7639465332031,278.70220580092337,276.30666253778065,277.38464634485007,39532900,275.78661041259767,275.93551734050897,62.90386494818884,287.11673074498754,264.4564900802078,0.0008992046267306542,0.0008988005844432756,0.009608390093955095,-0.568939208984375,0.18903091915303172,-0.01498499906996098,-0.0017491763013939465,0,0.0,1.206895719008983
2025-12-15,273.6016540527344,279.63046152672615,272.33402020742307,279.63046152672615,50409100,275.87145233154297,275.7132446464352,46.525864851383474,287.10417677888336,264.6387278842026,-0.01498499906996098,-0.015098408555415868,0.010240742651412062,-8.973358154296875,0.2751176867874605,0.0018241281266524467,-0.003088352717100011,0,-0.0,1.206895719008983
2025-12-16,274.1007385253906,274.9891026980292,271.2859911871425,272.3140798989353,37648600,276.22828979492186,275.55967263490714,45.37250190639253,286.6970185408478,265.7595610489959,0.0018241281266524467,0.0018224664254049999,0.009265947552901273,-11.55853271484375,-0.25313881818957296,-0.010087028861802017,-0.0016650445437161173,0,0.0,1.206895719008983
2025-12-17,271.33587646484375,275.6478724530811,271.13626563598973,274.50001118897205,50138700,276.44788055419923,275.15740633299635,39.689466094564665,286.26030280379496,266.6354583046035,-0.010087028861802017,-0.010138247658845124,0.009611600413275564,-12.28717041015625,0.33175470004196694,0.001287574790797219,-0.002179967685022451,0,-0.0,1.206895719008983
2025-12-18,271.68524169921875,273.12257373871984,266.4549687260805,273.1025913325419,51630700,276.6290451049805,274.8267239869223,37.54679314058866,285.90890151947514,267.34918869048585,0.001287574790797219,0.001286746577224654,0.009580580542994545,-8.49420166015625,0.029757452825861064,0.005437411303821804,-0.003455029567549036,0,0.0,1.206895719008983
2025-12-19,273.1625061035156,274.09077415448866,269.399477884542,271.6453053723066,144632000,276.99935760498045,274.66822704564544,30.32965771465379,284.94796180717515,269.05075340278574,0.005437411303821804,0.005422681951884745,0.009374139414764856,-5.100494384765625,1.8012790839558637,-0.009865948891234266,-0.001626518814395819,0,0.0,1.206895719008983
2025-12-22,270.4674987792969,273.37210596231955,270.00836035897595,272.3539780142796,36571800,276.97340698242186,274.2681576869456,17.727036979409775,285.0075951950923,268.93921876975145,-0.009865948891234266,-0.009914939859583293,0.008644151990321328,-6.90716552734375,-0.7471389457381492,0.005129713035979311,-0.0021344463524049116,0,-0.0,1.206895719008983
2025-12-23,271.85491943359375,271.99467443806464,269.06012395403746,270.3377490962612,29642000,276.7957366943359,274.03832547234066,24.291447771940582,285.1273120844528,268.46416130421903,0.005129713035979311,0.005116600880012278,0.007854434086589257,-4.81103515625,-0.18948479429505793,0.005323781322749355,-0.002445615089791818,0,0.0,1.206895719008983
2025-12-24,273.3022155761719,274.9192064044749,271.69521595033444,271.8349404799371,17910600,276.6380279541016,273.9682197679436,33.540423480604474,285.1147955633829,268.1612603448202,0.005323781322749355,0.005309660095674185,0.007906619966566282,-4.960784912109375,-0.3957695162269752,-0.0014973926274014504,-0.0022906966341838474,0,0.0,1.206895719008983
2025-12-26,272.8929748535156,274.859322715931,272.35396775197984,273.65157518449314,21521800,276.43091278076173,273.865815490379,36.14834920030165,285.067721757834,267.79410380368944,-0.0014973926274014504,-0.0014985148401437073,0.007884309492216433,-4.621429443359375,0.20162361953256736,0.001316908213532919,-0.0033951134198066057,0,-0.0,1.206895719008983
2025-12-29,273.2523498535156,273.8512128461511,271.8449608988494,272.1843267483383,23715200,276.1768859863281,273.80739019163013,39.06843798758263,284.876781909435,267.4769900632212,0.001316908213532919,0.0013160418504418513,0.007798249624395442,-4.5115966796875,0.10191526731035516,-0.0024840480713893553,-0.003827578588500832,0,0.0,1.206895719008983
2025-12-30,272.5735778808594,273.5717234473003,271.77507361210075,272.304089543875,22139600,275.6768142700195,273.68988425727105,39.13056870001929,283.96841146025207,267.38521707978697,-0.0024840480713893553,-0.002487138437606135,0.006813278115488706,-1.028076171875,-0.06643840237484822,-0.00446757506501283,-0.002520075027134062,0,-0.0,1.206895719008983
2025-12-31,271.3558349609375,273.17246717497864,271.24605357156486,272.553621806917,27293600,274.9616424560547,273.46759384809644,31.2771948632936,282.0007404005304,267.92254451157896,-0.00446757506501283,-0.004477584501558454,0.006139981237525234,-2.744903564453125,0.23279553379464857,-0.003126592761770741,-0.0027662447758400877,0,-0.0,1.206895719008983
2026-01-02,270.5074157714844,277.32473598417806,268.5011336129586,271.75509761912826,37838100,274.3058609008789,273.1856721265143,31.108843929209073,280.3159663256215,268.29575547613626,-0.003126592761770741,-0.0031314907649584198,0.00604734658083606,-0.828460693359375,0.38633599085499903,-0.013837114156417418,-0.0024640835820489144,0,-0.0,1.206895719008983
2026-01-05,266.7643737792969,271.0064921177503,265.6464557026853,270.1381104139889,45647200,273.635107421875,272.5741199029698,25.045418039823872,279.8751031505307,267.39511169321923,-0.013837114156417418,-0.013933739398968666,0.0062018013410656235,-4.920867919921875,0.20638192721093285,-0.018334270451824564,-0.0035167311528751435,0,-0.0,1.206895719008983
2026-01-06,261.8734436035156,267.0538212812338,261.6338984265986,266.504853430471,52352100,272.81562957763674,271.5550078744504,24.24389053904801,280.60822808476104,265.02303107051245,-0.018334270451824564,-0.018504426184870557,0.00709941790914541,-11.2890625,0.1468852415920363,-0.007737497507594893,-0.002952029909068496,0,-0.0,1.206895719008983
2026-01-07,259.8471984863281,263.1909919246956,259.32817380451803,262.71190159101934,48309800,271.9392562866211,270.43997840891495,20.66567181427412,281.347837073368,262.53067549987423,-0.007737497507594893,-0.007767587254826069,0.0071779895745005045,-10.62030029296875,-0.0772137125349317,-0.004955093401707855,-0.0020113069560561965,0,-0.0,1.206895719008983
2026-01-08,258.55963134765625,258.80916773471864,255.22581364132833,256.5433578451618,50419300,271.03394012451173,269.3085167840332,22.003637871310303,281.8992141524818,260.16866609654164,-0.004955093401707855,-0.004967410582383972,0.00718610197855316,-13.2952880859375,0.04366608845410247,0.0012738888084979916,-0.001613841544295767,0,-0.0,1.206895719008983
2026-01-09,258.8890075683594,259.7274461787287,255.74485516422806,258.5995368285105,39997000,270.06524047851565,268.31618257301665,21.93525069106535,281.647712231408,258.4827687256233,0.0012738888084979916,0.0012730781005779077,0.006951999839324586,-14.4132080078125,-0.20671250890036152,0.0033929113461488303,-0.00033037365797919437,0,0.0,1.206895719008983
2026-01-12,259.76739501953125,260.8154357257053,256.32378048041085,258.6794199598783,45263800,269.1778900146484,267.50201232982755,19.82922996765241,281.07249391412614,257.2832861151707,0.0033929113461488303,0.0033871684089656568,0.007123867360688953,-13.125579833984375,0.1316798759906994,0.003073874731586601,-0.00041112122928711,0,0.0,1.206895719008983
2026-01-13,260.5658874511719,261.3244878277737,257.9108470550362,258.24022168851656,45730800,268.3179870605469,266.84142900805085,25.614566203593753,280.0849807646155,256.5509933564783,0.003073874731586601,0.003069160037768495,0.007207037031438047,-12.68646240234375,0.010317295498831314,-0.004175458991876879,-0.0029460779777111847,0,0.0,1.206895719008983
2026-01-14,259.4779052734375,261.33447181199796,256.23393227813756,259.0087756526009,40019400,267.611799621582,266.1401410333258,19.061902131957382,279.733559647424,255.49003959574,-0.004175458991876879,-0.004184200562639289,0.006658478526600761,-13.095672607421875,-0.12489175785247575,-0.0067318453757286845,-0.0008896724925793188,0,-0.0,1.206895719008983
2026-01-15,257.73114013671875,260.5559089501236,256.5732877053955,260.1666175851947,39388600,266.79331970214844,265.3392838050775,11.652013402137797,279.27550895241626,254.31113045188064,-0.0067318453757286845,-0.0067546064536927915,0.006632360438171714,-13.62469482421875,-0.015762355257699978,-0.0103790448074641,-0.0025869904657229714,0,-0.0,1.206895719008983
2026-01-16,255.05613708496094,258.41988279267105,254.45724364888233,257.4217372195352,72142800,265.9793327331543,264.35993649839975,10.482189932137643,279.3087550241907,252.6499104421179,-0.0103790448074641,-0.01043328271118352,0.006648960704062062,-15.451278686523438,0.8315654783363715,-0.03455564430294322,0.0019433815248450462,1,-0.0,1.206895719008983
2026-01-20,246.2425079345703,254.31750190322293,242.9685916985444,252.26132447540706,80267500,264.7071960449219,262.63446711136834,6.4671304291368585,280.3920351165642,249.02235697327956,-0.03455564430294322,-0.03516681140302266,0.009592331839656458,-20.521865844726562,0.11261969316411347,0.0038508468560267684,0.004249462351068994,1,-0.03455564430294322,1.1651906598321637
2026-01-21,247.1907501220703,251.09350304772093,244.72532928784554,248.23880604127606,54641700,263.4086082458496,261.1636369219114,9.441757881663264,280.39265242039625,246.424564071303,0.0038508468560267684,0.0038434513252299496,0.009508888470806224,-14.682693481445312,-0.31925499112343103,0.002826561879143208,0.0005103073665113739,1,0.0038508468560267684,1.1696776306212502
2026-01-22,247.8894500732422,250.53452965267718,247.68980878155546,248.737864640942,39708300,262.2797058105469,259.8994286506096,11.871524377394039,280.26041046355346,244.29900115754032,0.002826561879143208,0.002822574664753265,0.009586013616235189,-11.957748413085938,-0.2732967678531232,-0.0012482700788880585,-0.0009808290132535496,0,0.002826561879143208,1.1729837968228507
2026-01-23,247.58001708984375,248.94748685874615,244.22624741136653,246.86136630134166,41689000,261.0659606933594,258.7261513591081,12.083161317087587,279.5940892522902,242.53783213442858,-0.0012482700788880585,-0.0012490498169329728,0.009359042192926596,-10.9796142578125,0.04988125908185448,0.0297129735567756,-0.002778797886799344,0,-0.0,1.1729837968228507
2026-01-26,254.9363555908203,256.08421686766076,249.336758511775,251.01363570547153,55969200,260.1476676940918,258.36521842879495,32.527275456754865,277.92770225100054,242.36763313718308,0.0297129735567756,0.029280096957102087,0.011952862992866483,-3.9526519775390625,0.34254119791791604,0.011197539980376536,-0.003763918579306495,0,0.0,1.1729837968228507
2026-01-27,257.791015625,261.46421404872183,257.73112933459527,258.68937090303496,49648300,259.392569732666,258.31053244748114,43.5832716953655,276.1466626043251,242.63847686100692,0.011197539980376536,0.011135311634926056,0.012388581080721819,-1.97637939453125,-0.11293532871650835,-0.007085403423770176,-0.0013356573167795848,0,0.0,1.1729837968228507
2026-01-28,255.96446228027344,258.3799575946877,254.03803333601454,257.17220993748055,41288000,258.5281753540039,258.0870971934614,43.85859310400755,274.0067724320234,243.04957827598437,-0.007085403423770176,-0.007110624097650485,0.012385183835094453,-4.6014251708984375,-0.16839045848498335,0.007175070687510443,-0.0022502471336046243,0,-0.0,1.1729837968228507
2026-01-29,257.801025390625,259.16847988830324,253.93820707645818,257.52154586161765,67253000,257.7895477294922,258.0598522598579,48.820579926610066,271.7849010577371,243.79419440124732,0.007175070687510443,0.007149452337149825,0.012600592748643879,-1.6768798828125,0.6288752179810115,0.0046461584937966816,-0.0015581421288311027,0,0.0,1.1729837968228507
2026-01-30,258.9988098144531,261.41430490835,251.7123292610244,254.69678984095313,92443400,257.171696472168,258.149276788867,50.16622331210344,269.6546571300702,244.68873581426578,0.0046461584937966816,0.004635398415236556,0.012697971531229956,1.267669677734375,0.37456172958827105,0.04058126002356821,-0.0017920434235778574,0,0.0,1.1729837968228507
2026-02-02,269.5093078613281,269.98839826257677,258.7293169184304,259.5478036352127,73913400,257.12179107666014,259.23118451005377,61.41791567947442,269.3863389738074,244.85724317951286,0.04058126002356821,0.039779460893500804,0.01589742193531358,14.453170776367188,-0.20044697620381768,-0.0019629088916998105,-0.0008873048172888709,0,0.0,1.1729837968228507
2026-02-03,268.98028564453125,271.3758289780004,267.11372779647115,268.70080609664296,64394700,257.2325866699219,260.15967033238496,59.92470523528624,269.8974146409609,244.56775869888287,-0.0019629088916998105,-0.001964837922112354,0.015574479313115912,22.737777709960938,-0.12878179058195127,0.02601286642781786,-0.001403851836633417,0,-0.0,1.1729837968228507
2026-02-04,275.97723388671875,278.432693698261,271.7850411492978,271.7850411492978,90545700,257.93777618408205,261.6661049566072,67.08000068237865,273.02885596116965,242.84669640699445,0.02601286642781786,0.025680287047938025,0.01590110622123315,28.786483764648438,0.40610485024388643,-0.002097593092373451,-0.0022387540738076513,0,0.0,1.1729837968228507
2026-02-05,275.3983459472656,278.98168486317746,272.72332314901723,277.6142303156022,52977400,258.71533355712893,262.97393743190804,68.74215730075173,275.7038867655107,241.72678034874716,-0.002097593092373451,-0.0020997961220096443,0.01575474651736755,27.508895874023438,-0.4149098190195669,0.008009748840153375,-0.0013833362287340445,0,-0.0,1.1729837968228507
2026-02-06,277.6042175292969,280.3890519626743,276.4164219647768,276.6060720438839,50453400,259.6675628662109,264.36729744118315,74.16048775144165,278.6386369524755,240.6964887799463,0.008009748840153375,0.00797784107081465,0.015675528833487887,30.024200439453125,-0.04764295718551681,-0.01166048390953256,-0.0026572257545827978,0,0.0,1.1729837968228507
2026-02-09,274.3672180175781,277.9439398399519,271.4499228389202,277.6541982366954,44623400,260.44147338867185,265.3196708294113,84.22621622976664,280.50992367482917,240.37302310251454,-0.01166048390953256,-0.011729000497211482,0.016042363963630717,19.430862426757812,-0.11555217289617747,-0.003422959769044165,-0.0013915000248199522,0,-0.0,1.1729837968228507
2026-02-10,273.4280700683594,275.11651686144285,272.68876099546605,274.6369782150198,34376900,261.12450714111327,266.0918993283587,81.93643577810062,282.00962861299007,240.2393856692365,-0.003422959769044165,-0.003428831498793266,0.016106497694231114,15.637054443359375,-0.22962167831227565,0.006650117732854843,-0.0008807476407245077,0,-0.0,1.1729837968228507
2026-02-11,275.24639892578125,279.92208361183503,274.1973776592452,274.44714753122867,51931300,261.85853271484376,266.96375643287513,82.41572271893108,283.67226243533497,240.04480299435255,0.006650117732854843,0.006628103245317512,0.016130835927645137,19.281936645507812,0.5106452297909352,-0.04998173910671744,-0.0018579583162337912,0,0.0,1.1729837968228507
2026-02-12,261.4891052246094,275.46621856633783,259.94051360693726,275.3363333447182,81077200,261.95909271240237,266.4423610797069,62.498080479463326,283.74513925555584,240.17304616924892,-0.04998173910671744,-0.05127407257936166,0.019976791661178075,3.688079833984375,0.5612395607273455,-0.022733450234726726,-0.0013199998007284261,0,-0.0,1.1729837968228507
2026-02-13,255.5445556640625,261.9886306947134,255.21485759663088,261.7688319830923,56290700,261.84976348876955,265.40447484964557,50.56072765312005,283.74680875393153,239.95271822360758,-0.022733450234726726,-0.022995839415095466,0.02059576195576866,-3.454254150390625,-0.30571480021510367,0.03166790148756515,-0.0018141400707184405,0,-0.0,1.1729837968228507
2026-02-17,263.6371154785156,266.0449008431299,255.30478047881587,257.8124646511843,58469100,262.27881240844727,265.23615490953796,54.91508385392453,283.9504888879243,240.60713592897025,0.03166790148756515,0.03117681438621338,0.021624825123451503,-5.8721923828125,0.03869911015496341,0.0017811375828364895,-0.00315756950077138,0,0.0,1.1729837968228507
2026-02-18,264.106689453125,266.57441720150126,262.20844437502524,263.35737977838915,34203300,263.172021484375,265.128586770832,57.00538864941378,283.491128598217,242.85291437053303,0.0017811375828364895,0.0017795532383034164,0.019856759334057988,-4.87359619140625,-0.4150192152778134,-0.014261551090285374,-0.0018360940689028146,0,0.0,1.1729837968228507
2026-02-19,260.3401184082031,264.2365527856389,259.81060750150084,262.35827847824623,30845300,263.82948989868163,264.67254216486737,52.11435901892887,282.77588179184306,244.88309800552017,-0.014261551090285374,-0.014364224365880748,0.020258295919212167,-15.637115478515625,-0.09817766121982385,0.015350449692731916,0.002998808856278461,1,-0.0,1.1729837968228507
2026-02-20,264.3364562988281,264.5063132392292,257.9223826043077,258.73163460792017,42070500,264.65184020996094,264.64053398714935,54.24683837519534,282.04956741790096,247.25411300202094,0.015350449692731916,0.015233823534795543,0.020452107021598324,-11.0618896484375,0.36391930050931576,0.006047257970275721,-0.002351249479699965,0,0.015350449692731916,1.1909896255863694
2026-02-23,265.9349670410156,269.1819753311392,263.13755670993424,263.24744081710827,37308200,265.56958770751953,264.7638133256128,46.68616646238848,281.00085052341916,250.13832489161987,0.006047257970275721,0.00602904668779855,0.02042957594295718,-11.66925048828125,-0.1131980841682414,0.02239103564464129,-0.0012060842664546201,0,0.0,1.1909896255863694
2026-02-24,271.8895263671875,274.6369951599546,267.46358073991865,267.61343657617186,47014600,266.41724624633787,265.44245266290557,52.45066535320121,281.23966093625376,251.59483155642198,0.02239103564464129,0.022144036649487702,0.020001544949883945,-2.477691650390625,0.26016800596115597,0.007679860855135612,-0.0019292836268175223,0,0.0,1.1909896255863694
2026-02-25,273.97760009765625,274.6869380517792,270.8005039088116,271.5298429675081,33714300,267.2265754699707,266.2553238471675,48.16369677511928,281.83184280869636,252.62130813124512,0.007679860855135612,0.007650520846136862,0.019944895377343858,0.549530029296875,-0.2828972276697026,-0.0046676776162442035,-0.00046759915131127294,0,0.0,1.1909896255863694
2026-02-26,272.6987609863281,275.8558253670768,270.55071567552415,274.6969199809464,32345100,268.06329040527345,266.86898452708755,47.5523833134853,281.846182125679,254.28039868486795,-0.0046676776162442035,-0.0046786052410885525,0.019886264126653185,-2.547637939453125,-0.040611847198369855,-0.03213044438249635,-0.002620212007063388,0,-0.0,1.1909896255863694
2026-02-27,263.93682861328125,272.5588900215503,262.6480379442022,272.5588900215503,72366500,268.3700805664063,266.5897315829155,38.924908489222716,281.4462114481114,255.29394968470115,-0.03213044438249635,-0.032657957379533524,0.021375828594626892,2.447723388671875,1.237324973489029,0.0020440108677830526,0.00250298208943332,1,-0.0,1.1909896255863694
2026-03-02,264.476318359375,266.2846497598317,259.960490133898,262.16844722421786,41827900,268.64395599365236,266.3884541330545,41.61870099886165,281.1088136096952,256.17909837760953,0.0020440108677830526,0.002041924719824955,0.021362913357505387,8.9317626953125,-0.4219991294314358,-0.003664168116717992,-0.00024477758200909685,0,0.0020440108677830526,1.1934240213244849
2026-03-03,263.5072326660156,265.31556422164516,259.8905695547566,263.23749216234586,38568900,268.3438522338867,266.1140520885746,41.59759563542075,281.0083991470641,255.67930532070932,-0.003664168116717992,-0.0036708976244395467,0.01926510178639682,-0.1298828125,-0.07791450204289485,-0.0046635601744375865,-0.0021002279253640936,0,-0.0,1.1934240213244849
2026-03-04,262.2783508300781,265.9050144519466,261.179387723623,264.4063951364299,39803100,268.0087554931641,265.74874720681305,38.906006630231204,280.95394780319015,255.063563183138,-0.0046635601744375865,-0.004674468498819032,0.01928205129829598,-1.828338623046875,0.03199987554739692,-0.008494547048829904,-0.0026468881808413315,0,-0.0,1.1934240213244849
2026-03-05,260.0504150390625,261.3192350446657,257.01320478174756,260.54995479568396,49658600,267.21241455078126,265.20604890512254,48.46676766145887,280.0527365313028,254.37209257025975,-0.008494547048829904,-0.008530831338801404,0.018245975251517957,-0.289703369140625,0.24760634221957578,-0.010872595974432131,-0.0015338669932044085,0,-0.0,1.1934240213244849
2026-03-06,257.2229919433594,258.53178361058343,254.13584003818684,258.39192833924307,41120000,266.30364685058595,264.445757765907,51.9160330288295,279.27659678269526,253.33069691847663,-0.010872595974432131,-0.01093213459894777,0.018333292375823054,-7.11346435546875,-0.17194604761310228,0.009399570490431275,-0.0024977103780860566,0,-0.0,1.1934240213244849
2026-03-09,259.6407775878906,260.9095975388004,253.44647267699952,255.45463216869055,38218500,265.4054748535156,263.9881406060959,44.75890112704918,277.5447496314779,253.26620007555331,0.009399570490431275,0.009355669414157603,0.01838077684108845,-6.294189453125,-0.07056177042801559,0.0036555398041986376,-0.0037476980707665942,0,0.0,1.1934240213244849
2026-03-10,260.58990478515625,262.2384104290217,256.71350175461305,257.4128391437035,30590800,264.7166091918945,263.66449909933976,45.44511673573155,276.26381773303774,253.1694006507513,0.0036555398041986376,0.003648874557014285,0.018327709925010097,-11.29962158203125,-0.19958135457958837,-7.670678451010549e-05,-0.0018242935544416938,0,0.0,1.1934240213244849
2026-03-11,260.5699157714844,261.888707997661,259.3110658747261,260.8496568052655,26218900,264.0737014770508,263.36977687763925,50.32961953238675,274.9934520845238,253.15395086957778,-7.670678451010549e-05,-7.670972662595488e-05,0.018333261413756394,-13.407684326171875,-0.14291551708356764,-0.01936274610273292,0.002174008384898565,1,-0.0,1.1934240213244849
2026-03-12,255.52456665039062,258.71164792954545,253.94601921584928,258.4219063383753,40794000,263.0876098632813,262.6226139988537,37.72955974842767,273.2980847004618,252.87713502610075,-0.01936274610273292,-0.0195526595655038,0.01859000133008768,-17.1741943359375,0.555900514514339,-0.022051876328148423,-0.0005895824910464823,0,-0.01936274610273292,1.1703160550066765
2026-03-13,249.8897705078125,256.0940459350445,249.29033192864068,255.24483747003174,36930000,262.5076431274414,261.4099622378021,29.915017713874875,274.29618396105656,250.7191022938262,-0.022051876328148423,-0.02229865363447962,0.0157501604767593,-14.04705810546875,-0.09471981173702015,0.010794859745288043,0.000417524815909616,1,-0.0,1.1703160550066765
2026-03-16,252.58729553222656,253.6563027081548,249.6499992581203,251.87794235419486,32074200,262.3597801208496,260.5697082658425,23.69281473911613,274.5822571821835,250.1373030595157,0.010794859745288043,0.010737011185857437,0.015219173512682729,-11.889022827148438,-0.1314865962632007,0.005577047742174601,-0.0014123983558683329,0,0.010794859745288043,1.1829494526781323
2026-03-17,253.99598693847656,254.89516767044782,251.94787083452104,252.72716690012706,32361600,261.87772369384766,259.94363956799816,22.25304005305658,274.63679785594275,249.11864953175254,0.005577047742174601,0.005561553592463054,0.013318838434960928,-9.511245727539062,0.008960472903455141,-0.01687444479508171,-0.00302962710776828,0,0.0,1.1829494526781323
2026-03-18,249.70994567871094,254.70534343896443,248.7708084606242,252.3974721128864,35757900,261.15788650512695,258.9690020547327,20.53777634370752,274.9685962769333,247.3471767333206,-0.01687444479508171,-0.017018440434935896,0.01370427600819858,-12.568405151367188,0.10494845743102932,-0.003920930967820313,0.0009834011054118022,1,-0.0,1.1829494526781323
2026-03-19,248.73085021972656,251.5982036354298,247.0723745163624,249.17043241392184,34864100,260.5774230957031,257.99393997520826,25.655801900458712,275.46661611536666,245.68823007603956,-0.003920930967820313,-0.003928637969992818,0.013437962848771549,-11.319564819335938,-0.024995875037404303,-0.0038962445152316283,-0.0038641444054190945,0,-0.003920930967820313,1.1783111895357605
2026-03-20,247.76173400878906,248.97061168291066,245.77356028907465,247.7517334570195,88331100,259.74868698120116,257.0194441688826,23.6036965191513,275.57267817306223,243.92469578934012,-0.0038962445152316283,-0.0039038546496206693,0.012789064171347867,-9.461257934570312,1.5335832561287974,0.014113480475494988,-0.0005417455609113232,0,-0.0,1.1783111895357605
2026-03-23,251.25851440429688,254.3656523266213,250.0496214753341,253.73622734962268,40546100,259.0148643493652,256.47078419130304,32.08651331351703,274.99140549533905,243.03832320339134,0.014113480475494988,0.014014812591042392,0.013214621236726697,-8.38226318359375,-0.5409759416558834,0.0005964238375686381,-0.0017828327166080436,0,0.0,1.1783111895357605
2026-03-24,251.4083709716797,254.5954370944537,249.32029842391177,250.1195650925759,45152300,257.99080657958984,255.98864959895795,33.58480827148233,273.09441229277957,242.88720086640012,0.0005964238375686381,0.0005962460475602484,0.011861547645110656,-9.181533813476562,0.11360402110190626,0.0038944425565474727,-0.0034338071978109647,0,0.0,1.1783111895357605
2026-03-25,252.38746643066406,254.76528059453105,251.3684162845015,253.86611511385965,28476700,256.9112998962402,255.64567977340616,37.97428282569955,270.1784176299454,243.64418216253506,0.0038944425565474727,0.0038868788463975487,0.011697102973848711,-8.182449340820312,-0.3693189494222886,0.0010688333127273353,-0.0018358739350729908,0,0.0,1.1783111895357605
2026-03-26,252.6572265625,256.76344411909713,250.53918279672283,251.88793104116345,41796700,255.90922317504882,255.3610651818913,42.20939157530559,267.0054341804678,244.81301216962987,0.0010688333127273353,0.0010682625170895263,0.01175085340145516,-2.867340087890625,0.4677508278698024,-0.016173068672430957,-0.002464464154857461,0,0.0,1.1783111895357605
2026-03-27,248.57098388671875,255.2548282141602,247.8416601166152,253.666280215245,47900000,255.14093093872071,254.71439077282724,32.12904471791052,266.02258973532867,244.25927214211274,-0.016173068672430957,-0.016305280196262602,0.010155379044274628,-1.31878662109375,0.14602348989274283,-0.008721851736991693,-0.0023847636409359374,0,-0.0,1.1783111895357605
2026-03-30,246.40298461914062,250.63907198816298,245.28400520065438,249.83982057534305,39446200,254.23726425170898,253.92282828199993,27.964008786391517,264.85323875147407,243.6212897519439,-0.008721851736991693,-0.008760109701824332,0.010162319854043936,-6.1843109130859375,-0.17648851774530272,0.029031290418426448,-0.0025151674422057165,0,-0.0,1.1783111895357605
2026-03-31,253.55638122558594,255.24482803058763,246.87255213324852,247.6818040942864,49598100,253.7397216796875,253.88792856234144,41.08231627463359,263.41769623210564,244.0617471272694,0.029031290418426448,0.02861786495948073,0.01249404020308279,-0.439605712890625,0.2573606583143624,0.007250134515282447,-0.0017189768489668975,0,0.0,1.1783111895357605
2026-04-01,255.3946990966797,255.94418062939917,253.096813183035,253.8461228128272,40059400,253.3955390930176,254.0314305179927,49.82021128501084,262.2494610756072,244.54161711042798,0.007250134515282447,0.007223978636376895,0.012635980356951864,5.68475341796875,-0.19231986709168292,0.0011344553655323608,-0.0005003117179105752,0,0.0,1.1783111895357605
2026-04-02,255.68443298339844,255.89424639361263,250.4192795609811,253.96601496217014,31289400,253.17723999023437,254.18885932422182,59.415585542565374,261.5420819545657,244.81239802590306,0.0011344553655323608,0.0011338123573076417,0.012528534402862012,6.953582763671875,-0.218924896528655,0.011487876222620041,-0.0002914582216690813,0,0.0,1.1783111895357605
2026-04-06,258.6217041015625,261.9186847371787,256.2239194053331,256.27389167390277,29329900,253.24717559814454,254.61103501730187,59.72933968980934,261.7762160325709,244.7181351637182,0.011487876222620041,0.01142239161475063,0.012577318248048057,10.859970092773438,-0.06262504234660937,-0.0207060792616357,-0.0016065188347460391,0,0.0,1.1783111895357605
2026-04-07,253.26666259765625,255.96418954301222,245.47383916108728,255.92421782448065,62148000,252.9284698486328,254.4829995487642,48.95684880473123,260.9103874024648,244.94655229480085,-0.0207060792616357,-0.020923456036972127,0.013221819018970429,2.008148193359375,1.118929829286837,0.021301735790709264,0.002069098549017199,1,-0.0,1.1783111895357605
2026-04-08,258.66168212890625,259.51090582044134,256.29386854025813,258.2121146377317,41032800,252.83205871582032,254.88096931830154,62.40996518548071,260.46320711329463,245.20091031834602,0.021301735790709264,0.02107802518992581,0.014118386938241167,7.2533111572265625,-0.33975670978953465,0.006141348347641795,-0.0002914582216690813,0,0.021301735790709264,1.2034112631744875
2026-04-09,260.2502136230469,260.879638597066,255.8342992320816,258.7615948993736,28121600,252.81607360839843,255.39232591875347,65.70415570918564,260.38001859408496,245.2521286227119,0.006141348347641795,0.006122567123347408,0.014191298092769832,7.8627471923828125,-0.3146555925990915,-3.834482173115106e-05,-0.0002914582216690813,0,0.0,1.2034112631744875
2026-04-10,260.240234375,261.94865175168746,258.78155637925676,259.7406946341393,31291500,253.0518569946289,255.85403148601506,67.46856030393664,261.2395673643967,244.8641466248611,-3.834482173115106e-05,-3.8345556912621514e-05,0.013439056758170793,7.5830078125,0.11272118229403727,-0.004913954203973225,-0.0017821330374525098,0,-0.0,1.2034112631744875
2026-04-13,258.96142578125,259.9405042051452,256.4237552437805,259.49093671136296,36234700,253.50543975830078,256.149973799847,61.49720733499317,261.95644805746906,245.05443145913247,-0.004913954203973225,-0.0049260673756055485,0.012397880854899722,10.39044189453125,0.15797261237077165,-0.00142758690909639,-0.0014469093663672604,0,-0.0,1.2034112631744875
2026-04-14,258.59173583984375,261.68888841493145,256.9532612999924,259.01136264890187,48370700,253.80566177368163,256.3825225655609,60.65184150066001,262.54116193872215,245.0701616086411,-0.00142758690909639,-0.0014286068821369137,0.012234300090806812,12.188751220703125,0.3349275694293039,0.02936295529114541,-0.0019407494281141273,0,-0.0,1.2034112631744875
2026-04-15,266.18475341796875,266.3146386359468,257.57269269729437,257.92237663273806,49913500,254.41510009765625,257.31606836102833,67.10429694342308,264.75912923974164,244.0710709555709,0.02936295529114541,0.028940120889102108,0.013740814641312937,12.628372192382812,0.03189534160142404,-0.011372633634406881,-0.0018377575818994641,0,0.0,1.2034112631744875
2026-04-16,263.15753173828125,266.91408037974617,261.0294875448873,266.55439590858066,43323100,255.08747940063478,257.87239820648097,62.18407883386616,265.8821634147505,244.29279538651906,-0.011372633634406881,-0.011437796552710188,0.013384332129658411,7.7628326416015625,-0.1320364230118104,0.02593021154924191,-0.0004529769089469753,0,-0.0,1.2034112631744875
2026-04-17,269.98126220703125,272.0493335842862,266.47448343207725,266.7142527536172,61436200,256.15,259.0256233493905,73.35950839191202,268.3960197214905,243.90398027850944,0.02593021154924191,0.025599724502604514,0.014242790173467123,14.296829223632812,0.41809334973720724,0.010435475371396441,-0.002021985647556128,0,0.0,1.2034112631744875
2026-04-20,272.79864501953125,274.0275237795767,270.04120633500696,270.08114756253855,36590200,257.40184555053713,260.33733969892774,78.39638914405668,271.0732199806524,243.73047112042187,0.010435475371396441,0.010381401662850636,0.014174208484905988,14.17694091796875,-0.404419544177537,-0.025196703995697067,-0.001120432908330837,0,0.0,1.2034112631744875
2026-04-21,265.9250183105469,272.5488901425708,265.1557075406741,271.250098918132,50209800,258.1351707458496,260.869499566701,63.38673222373828,271.99123089692046,244.27911059477879,-0.025196703995697067,-0.02551957602598669,0.015496124632162458,12.658355712890625,0.37221988401265915,0.026298995241013978,-0.002031437095068963,0,-0.0,1.2034112631744875
2026-04-22,272.9185791015625,273.48803128351057,266.62435952726383,267.5734973129919,43249200,259.21068115234374,262.01703095097355,67.06230528206522,274.1640774470313,244.25728485765623,0.026298995241013978,0.025959122658055597,0.016333456906014673,14.25689697265625,-0.13863030723085934,0.0009516944880663125,-0.0008873048172888709,0,0.0,1.2034112631744875
2026-04-23,273.1783142089844,275.5161566987003,271.39995382845746,274.79681820267325,33399600,260.25022354125974,263.0800103088793,67.04305274389999,276.07189312541334,244.42855395710617,0.0009516944880663125,0.0009512419139857489,0.0163499740238137,12.9281005859375,-0.22774062872839262,-0.008667702544387201,-0.0009482142855629759,0,0.0,1.2034112631744875
2026-04-24,270.81048583984375,272.80864483253174,269.4017800912603,272.50893317942314,38157100,261.15788650512695,263.81624607373305,62.00790100295836,277.2263802321892,245.08939277806473,-0.008667702544387201,-0.00870548556450589,0.016587957717251363,10.57025146484375,0.1424418256506066,-0.012727861582674027,-0.0013679184280710889,0,-0.0,1.2034112631744875
2026-04-27,267.3636474609375,268.1129570778125,264.8260075108844,265.84505761361925,41466800,262.0975196838379,264.15409382489537,64.430334034758,277.23796028038663,246.95707908728915,-0.012727861582674027,-0.012809554739298108,0.016388443515942257,8.4022216796875,0.08673877207649427,0.011584102768505522,-0.0017652079376870367,0,-0.0,1.2034112631744875
2026-04-28,270.4608154296875,272.97851539952296,268.4127145556596,272.0893199684016,40018900,263.30041122436523,264.7547339777327,62.67439695369171,276.9389309433452,249.66189150538523,0.011584102768505522,0.011517520751980868,0.016201244569892068,11.86907958984375,-0.03491709029874501,-0.001994705758897597,-0.001891808575673089,0,0.0,1.2034112631744875
2026-04-29,269.92132568359375,270.7905199823619,266.7942019267937,267.3037117460274,30047900,264.1186584472656,265.24679033067184,60.62804476011164,277.2499277802048,250.98738911432642,-0.001994705758897597,-0.0019966978339397375,0.015213518843326841,3.736572265625,-0.24915727318841852,0.004367659937802859,-0.0002914582216690813,0,-0.0,1.2034112631744875
2026-04-30,271.1002502441406,275.7459641951834,267.893213328058,270.25102650288807,91848200,264.9039360046387,265.80426270338313,61.63564251545758,277.71302449945057,252.0948475098268,0.004367659937802859,0.0043581493936293405,0.015187177057328022,7.942718505859375,2.0567260940032415,0.03239351812191993,-0.0006161726097990627,0,0.0,1.2034112631744875
2026-05-01,279.88214111328125,286.95561044034525,278.1137509144006,278.6032901046287,79915400,266.1138214111328,267.14501302813534,69.31020379190173,279.7975919880152,252.43005083425035,0.03239351812191993,0.03187991038650981,0.01652414556234155,9.90087890625,-0.129918713703698,-0.011815603186417278,-0.00039091107041627706,0,0.0,1.2034112631744875
2026-05-04,276.5751647949219,280.3716851917065,274.60697695873915,279.4025768563376,46668400,267.0114944458008,268.04312272021025,65.74527265877373,280.97843313591244,253.04455575568915,-0.011815603186417278,-0.011885962197690256,0.016836046304553865,3.776519775390625,-0.41602744902734645,0.026550690927708454,-0.0002201191075475665,0,-0.0,1.2034112631744875
2026-05-05,283.9184265136719,284.30808218316156,276.2455026895375,276.6750995896243,49311700,268.54408264160156,269.55505641482563,65.59480353022445,282.8825142935532,254.2056509896499,0.026550690927708454,0.026204338554427865,0.016574835654217444,17.993408203125,0.05664003908426252,0.011717924952267644,-0.002037628493010965,0,0.0,1.2034112631744875
2026-05-06,287.245361328125,287.76487170009636,280.8112868075762,281.66051049385584,58336100,269.9732666015625,271.23984735894936,71.07150713426863,285.7865195670742,254.16001363605076,0.011717924952267644,0.011649801728447845,0.01624000711418603,14.3267822265625,0.18300727819158547,-0.00024350711440246364,-0.0016018932692873963,0,0.0,1.2034112631744875
2026-05-07,287.1754150390625,291.8611003514943,285.5169394038565,289.00371711581823,45224300,271.3195266723633,272.7575204713411,67.05648501111634,288.19621836922335,254.44283497550322,-0.00024350711440246364,-0.00024353676707370125,0.016286920084290512,13.997100830078125,-0.22476305409514863,0.020456497888878378,-0.0007257861300109771,0,-0.0,1.2034112631744875
2026-05-08,293.0500183105469,294.4886952888782,289.7330669166447,289.7430674686918,52692800,272.96001586914065,274.69013931317016,68.9404002619016,291.5896322757828,254.33039946249852,0.020456497888878378,0.020250074126795237,0.01659118292383645,22.239532470703125,0.1651435179759555,-0.0012626705737772692,-0.001706766299000184,0,0.0,1.2034112631744875
2026-05-11,292.67999267578125,293.8800048828125,290.2300109863281,291.9800109863281,42247300,274.6459442138672,276.40345868103793,78.48869137638242,294.02915593276447,255.26273249496995,-0.0012626705737772692,-0.0012634684139431265,0.016483529557488174,25.31634521484375,-0.19823391431087356,0.007243389265544797,-0.0017059133801176777,0,-0.0,1.2034112631744875
2026-05-12,294.79998779296875,295.2699890136719,292.55999755859375,292.55999755859375,45748100,276.45635681152345,278.1555090726504,75.9975373387595,296.28463671759795,256.62807690544895,0.007243389265544797,0.007217281916175962,0.01638422686977915,24.33917236328125,0.08286446707836959,0.013805995565634221,-0.002740633192763223,0,0.0,1.2034112631744875
2026-05-13,298.8699951171875,300.9200134277344,293.5,293.5,52684300,278.0906188964844,280.1283172673682,77.99030622049658,299.66527431843525,256.5159634745335,0.013805995565634221,0.013711560991706276,0.015602324113702923,28.94866943359375,0.1516172256334143,-0.00220833028705536,-0.0027408325986718707,0,0.0,1.2034112631744875
2026-05-14,298.2099914550781,300.45001220703125,295.3800048828125,299.82000732421875,35324900,279.8432418823242,281.8503814757215,81.00469027667177,301.997346442987,257.6891373216614,-0.00220833028705536,-0.002210772244144634,0.015196957796167074,27.1097412109375,-0.3294985413111686,0.0067738157309671365,-0.001864162599802826,0,-0.0,1.2034112631744875
2026-05-15,300.2300109863281,303.20001220703125,296.5199890136719,297.8999938964844,54862800,281.3556793212891,283.6008223814936,88.43187844140644,304.7692742405308,257.9420844020473,0.0067738157309671365,0.006750976522238501,0.014487082224688076,20.347869873046875,0.5530914454110274,-0.007960612067346995,-0.0021046051928419168,0,0.0,1.2034112631744875
2026-05-18,297.8399963378906,300.6600036621094,294.9100036621094,300.239990234375,34483000,282.60774688720704,284.9569341868647,82.55388569939831,306.7611576134313,258.4543361609828,-0.007960612067346995,-0.007992466908238653,0.014733984630298817,21.26483154296875,-0.37146846314807114,0.003793999787491842,-0.0017211437841066365,0,-0.0,1.2034112631744875
2026-05-19,298.9700012207031,300.510009765625,296.3500061035156,296.9700012207031,42243600,284.25999603271487,286.29151199961126,84.0606220653497,308.12761702172253,260.3923750437072,0.003793999787491842,0.003786820722815226,0.01297995190725374,15.05157470703125,0.2250558246092278,0.0109709963070026,-0.0019914936936623736,0,0.0,1.2034112631744875
