Price,Close,High,Low,Open,Volume
Ticker,AAPL,AAPL,AAPL,AAPL,AAPL
Date,,,,,
2020-01-02,72.33389282226562,72.39410082239243,71.09119881769524,71.34406947838406,135480400
2020-01-03,71.63063049316406,72.3892495107853,71.40665858931894,71.56319785492231,146322800
2020-01-06,72.20140838623047,72.23994237629597,70.50354624985978,70.75401351048198,118387200
2020-01-07,71.86183166503906,72.46631471524569,71.64267376172208,72.21103349810856,108872000
2020-01-08,73.017822265625,73.31886213203573,71.56560624404386,71.56560624404386,132079200
2020-01-09,74.56878662109375,74.76144921222713,73.7427349209394,73.99319481949146,170108400
2020-01-10,74.73738098144531,75.3009342510977,74.23645372460896,74.80241031619431,140644800
2020-01-13,76.33407592773438,76.36057125816924,74.9348431957367,75.05285582286368,121532000
2020-01-14,75.3033218383789,76.48099343710987,75.18050255877637,76.27147084582813,161954400
2020-01-15,74.98062133789062,75.98248317068368,74.54953007278792,75.10344798902688,121923600
2020-01-16,75.91986083984375,76.03064882750155,75.1612416745226,75.52248959606675,108829200
2020-01-17,76.7603530883789,76.76275640961391,75.86204746774389,76.16790133072386,137816400
2020-01-21,76.24017333984375,76.8302072165908,76.10289736234121,76.38948797518701,110843200
2020-01-22,76.51231384277344,77.06381371935198,76.41838585398544,76.72423978617735,101832400
2020-01-23,76.88078308105469,76.96025438766408,76.01860061750638,76.56529382668359,104472000
2020-01-24,76.65921020507812,77.86818383448923,76.46895092458591,77.12642473209515,146537600
2020-01-27,74.40503692626953,75.08417746726008,73.42484908589569,74.67235687385795,161940000
2020-01-28,76.5098876953125,76.68087628820244,75.18531223152581,75.28405419350632,162234000
2020-01-29,78.11144256591797,78.95676515736241,77.39858197163568,78.13793790519387,216229200
2020-01-30,77.99822235107422,78.0512056603916,76.7651642610764,77.19625539826748,126743200
2020-01-31,74.53990936279297,77.71166246110458,74.24609404973549,77.29020649112265,199588400
2020-02-03,74.33518981933594,75.4984048922783,72.78423148900761,73.28515870612867,173788400
2020-02-04,76.78927612304688,76.97953543976107,75.53213292898627,75.9367288800473,136616400
2020-02-05,77.4154281616211,78.21258127557842,76.81334832632962,77.91394467954083,118826800
2020-02-06,78.3209457397461,78.32335641079244,77.12883215929374,77.68515330009288,105425600
2020-02-07,77.25635528564453,78.06988383321008,76.76630651671353,77.82123854389138,117684000
2020-02-10,77.62330627441406,77.62330627441406,75.76450341427329,75.84416334192943,109348800
2020-02-11,77.15496826171875,78.19059132825674,76.93770658748598,78.11817322586252,94323200
2020-02-12,78.98723602294922,78.99206144129231,77.60399117788235,77.60399117788235,113730400
2020-02-13,78.42475128173828,78.75064746940821,78.05782062596876,78.26059867524006,94747600
2020-02-14,78.44407653808594,78.6927218682662,77.93712767417983,78.39337649475979,80113600
2020-02-18,77.0077133178711,77.1887659353896,75.94794846047884,76.12900107799734,152531200
2020-02-19,78.12300109863281,78.35233737517142,77.24912158938099,77.24912158938099,93984000
2020-02-20,77.32154846191406,78.37165530100644,76.81701596336808,77.8840228178166,100566000
2020-02-21,75.5713882446289,77.35778064143899,74.95581205860155,76.9160079617277,129554000
2020-02-24,71.98170471191406,73.43012593023869,69.82114748147725,71.75961758398634,222195200
2020-02-25,69.54349517822266,73.03177760353739,69.07276292142255,72.65036343493304,230673600
2020-02-26,70.64673614501953,71.90927916190874,69.16210602316792,69.16934783382864,198054800
2020-02-27,66.02869415283203,69.04141300899963,65.89350875868202,67.85853712666133,320605600
2020-02-28,65.99004364013672,67.20913548442363,61.88860137685158,62.103453983809466,426510000
2020-03-02,72.1337890625,72.7686815326321,67.0425894386722,68.14338895911868,341397200
2020-03-03,69.8428726196289,73.38667475068135,68.99312746023453,73.30701482551375,319475600
2020-03-04,73.08248901367188,73.24181619852034,70.76260504877715,71.56164999828624,219178400
2020-03-05,70.71192932128906,72.31242862903635,70.3474076125405,71.33957264179317,187572800
2020-03-06,69.77286529541016,70.20497969740977,67.88992061879122,68.07579869358199,226176800
2020-03-09,64.25437927246094,67.1319051551366,63.48912685930832,63.670179502443226,286744800
2020-03-10,68.882080078125,69.14762542571471,65.0268655374001,66.90257561810807,285290000
2020-03-11,66.48978424072266,67.88751298901103,65.62797171834961,66.96294054735044,255598800
2020-03-12,59.923587799072266,65.17894285229022,59.86806602728879,61.78481034349421,418474000
2020-03-13,67.10294342041016,67.5736832780311,61.06302571813862,63.94538830639056,370732000
2020-03-16,58.470333099365234,62.54280456775261,57.93682983719696,58.4075658429193,322423600
2020-03-17,61.04128646850586,62.1879493594709,57.550590391518064,59.74977632698614,324056000
2020-03-18,59.54700469970703,60.350878847985236,57.24160039100893,57.88132191691277,300233600
2020-03-19,59.090755462646484,61.03646731467495,58.56691024737155,59.72081881991735,271857200
2020-03-20,55.3393440246582,60.79264863512061,55.04000233501268,59.67012006159394,401693200
2020-03-23,54.16370391845703,55.16070158535809,51.32479999006741,55.05931255400759,336752800
2020-03-24,59.597694396972656,59.79323063321941,56.56083807077307,57.05812866753022,287531200
2020-03-25,59.26939392089844,62.34245973328567,58.97488132854125,60.53193331315153,303602000
2020-03-26,62.38832473754883,62.44625922344338,59.472169846872056,59.51079529315195,252087200
2020-03-27,59.805301666259766,61.767909526223264,59.638732669554486,61.01473181958192,204216800
2020-03-30,61.51202392578125,61.683422027854625,60.206030134757754,60.529513617295876,167976400
2020-03-31,61.38649368286133,63.366001623216455,60.83368129501873,61.702735358357586,197002000
2020-04-01,58.15651321411133,60.04187380235648,57.726815314664734,59.505957782413006,176218400
2020-04-02,59.126953125,59.18006218576405,57.1884834576866,58.01891202578832,165934000
2020-04-03,58.277225494384766,59.31284498948773,57.68820030765842,58.61277624472143,129880000
2020-04-06,63.36117172241211,63.51566611882468,60.20120105165565,60.568131689303875,201820400
2020-04-07,62.6273193359375,65.5893455207901,62.52351758063344,65.3720764386448,202887200
2020-04-08,64.23023223876953,64.54405384793799,63.06184016051964,63.42635444288139,168895200
2020-04-09,64.6937255859375,65.19584902236409,63.89951332637289,64.86512738575412,161834800
2020-04-13,65.96350860595703,66.07214313145124,64.17229133387406,64.77097468626023,131022800
2020-04-14,69.29489135742188,69.58457858630197,67.12225924197793,67.59299914714502,194994800
2020-04-15,68.6623764038086,69.12104145125336,67.74504630891909,68.17232773147242,131154400
2020-04-16,69.20799255371094,69.57251431493546,68.1603019063984,69.37456161234648,157125200
2020-04-17,68.26890563964844,69.27073604048029,66.83496828577375,68.72516178272222,215250000
2020-04-20,66.85189056396484,67.99855755048588,66.83258151937916,67.09812692651032,130015200
2020-04-21,64.78546142578125,66.92912586019385,64.07573448825138,66.69496415132106,180991600
2020-04-22,66.6515121459961,67.0860355273564,65.71003990834832,66.05041238241853,116862400
2020-04-23,66.39319610595703,68.01542772017612,66.35457066668404,66.59597413685326,124814400
2020-04-24,68.30995178222656,68.31960998543786,66.86877252729914,66.91705617630512,126161200
2020-04-27,68.3582534790039,68.68897519756469,67.58093367390491,68.02752439339068,117087600
2020-04-28,67.25017547607422,69.0003506347447,67.15844834573424,68.81929803212363,112004800
2020-04-29,69.45905303955078,69.92737656274731,68.53206419889801,68.73484231712963,137280800
2020-04-30,70.9243392944336,71.10056648651737,69.60869475205328,69.99735081766806,183064000
2020-05-01,69.78250885009766,72.17964374552773,69.0051893150792,69.10174923798432,240616800
2020-05-04,70.7698745727539,70.89781817578982,69.11867496549594,69.80667664361658,133568000
2020-05-05,71.83202362060547,72.66245223551824,71.08367131021836,71.2285148811078,147751200
2020-05-06,72.57312774658203,73.2031872790944,72.14825527383692,72.53208591439893,142333600
2020-05-07,73.32389068603516,73.66910326152602,72.89660917840814,73.19836352852457,115215200
2020-05-08,75.06916046142578,75.1224133124194,73.65554805604467,73.98232657864203,133838400
2020-05-11,76.25035858154297,76.7441494175839,74.36957144120983,74.57774424961227,145946400
2020-05-12,75.37895202636719,77.38318317958411,75.25792355724299,76.93295343320654,162301200
2020-05-13,74.46883392333984,76.47791143801962,73.39410026175051,75.55809041384309,200622400
2020-05-14,74.92632293701172,74.98683718466037,72.98744407851115,73.70877656980059,158929200
2020-05-15,74.48336029052734,74.52935171327063,72.6679327201148,72.70182424718615,166348400
2020-05-18,76.23827362060547,76.61104348348049,75.11513293810333,75.80499689236754,135178400
2020-05-19,75.79773712158203,77.0999976554672,75.76626852775506,76.25522103808397,101729600
2020-05-20,77.27185821533203,77.34204942619355,76.6158784313997,76.65460843756124,111504800
2020-05-21,76.69576263427734,77.67367499164858,76.45854411277335,77.1338852173559,102688800
2020-05-22,77.1895523071289,77.27185079219365,76.33266854723075,76.43432834001963,81803200
2020-05-26,76.66670989990234,78.48455279572174,76.61103413521022,78.30543299444078,125522000
2020-05-27,77.0007553100586,77.14599099987917,75.78563172544763,76.52391007078806,112945200
2020-05-28,77.03462982177734,78.29090607267398,76.4004417495467,76.67638285095582,133560800
2020-05-29,76.95960235595703,77.73660324937043,76.60377827424547,77.27669643163954,153532400
2020-06-01,77.9060287475586,78.02705721931588,76.78288098389504,76.91359380175058,80791200
2020-06-02,78.26667785644531,78.29088502405892,77.19920603150173,77.63975136630202,87642800
2020-06-03,78.69754028320312,78.95896587901703,78.0149380337886,78.58619617453675,104491200
2020-06-04,78.01981353759766,78.81859867793425,77.64704369151033,78.52087329742372,87560400
2020-06-05,80.24188995361328,80.30240419943048,78.2400813612976,78.26912701737099,137250400
2020-06-08,80.71630859375,80.75020011255444,79.2300827598663,79.93930785149966,95654400
2020-06-09,83.26519012451172,83.6573213064147,80.3653518160227,80.39682040985336,147712400
2020-06-10,85.40738677978516,85.87455499385788,83.77350211039672,84.21162466782144,166651600
2020-06-11,81.30693054199219,84.97651490391192,81.20527075656385,84.55291522831224,201662400
2020-06-12,82.0088882446289,84.18740070270101,80.90027071068629,83.44186857843707,200146000
2020-06-15,83.02313232421875,83.67426627857331,80.50331793854433,80.66549938713932,138808800
2020-06-16,85.22342681884766,85.4945368687229,83.4418908130573,85.07335265810912,165428800
2020-06-17,85.10484313964844,86.02707997222016,84.9838146063766,85.96656570558426,114406400
2020-06-18,85.13871002197266,85.55504835135272,84.53114459703605,85.06125001022909,96820400
2020-06-19,84.65216827392578,86.30783714893171,83.54596609025744,85.8430918789263,264476000
2020-06-22,86.86698150634766,87.00979422869749,84.99830144840965,85.04429286253834,135445200
2020-06-23,88.72113800048828,90.1371727058119,87.6899729783668,88.1087341820106,212155600
2020-06-24,87.155029296875,89.26818923809188,86.78225950639512,88.35079128217394,192623200
2020-06-25,88.31208801269531,88.35081802484417,86.55233602258699,87.3099757261986,137522400
2020-06-26,85.59860229492188,88.42824869367755,85.4509437109353,88.20797597788908,205256800
2020-06-29,87.57136535644531,87.66577111516035,85.02976731524565,85.50661981464565,130646000
2020-06-30,88.30238342285156,88.58801627360432,87.14051287267962,87.15987418081895,140223200
2020-07-01,88.1353530883789,88.9220381809634,88.08694613026117,88.37983297329643,110737200
2020-07-02,88.1353530883789,89.67483914156468,88.02159341265586,89.0406511103845,114041600
2020-07-06,90.49301147460938,90.96017971455592,89.52962194946613,89.56109054157537,118655600
2020-07-07,90.21221923828125,91.6476154008952,90.10087509241899,90.87061453958542,112424400
2020-07-08,92.31327056884766,92.34473915860562,91.10056271828748,91.18770707353977,117092000
2020-07-09,92.71024322509766,93.2572869587544,91.66455533300416,93.20403412942578,125642800
2020-07-10,92.87242126464844,92.93051996359854,91.69602787555728,92.30600881208682,90257200
2020-07-13,92.4439697265625,96.77921054368312,92.2309584307968,94.17467542417103,191649200
2020-07-14,93.97378540039062,94.16500509879575,90.89482027358295,91.82673375082925,170989200
2020-07-15,94.6200942993164,96.09422076841606,93.4243319454073,95.8449023157505,153198000
2020-07-16,93.4557876586914,94.31024858615012,92.85790656415841,93.49451766571708,110577600
2020-07-17,93.2669677734375,94.06091431617955,92.79495374103925,93.90600170117715,92186800
2020-07-20,95.23248291015625,95.37045717183655,93.01040144233045,93.35412562962276,90318000
2020-07-21,93.91809844970703,96.09661104261261,93.6687800817764,96.02157397759412,103433200
2020-07-22,94.18194580078125,94.86212529718233,93.53323489247579,93.62037185613211,89001600
2020-07-23,89.89512634277344,93.99314942038049,89.08665688068213,93.91568941051719,197004400
2020-07-24,89.67242431640625,90.01614846898383,86.31267234298356,88.09663844239333,185438800
2020-07-27,91.79766845703125,91.88965127303891,90.50993119389801,90.73261943445108,121214000
2020-07-28,90.28968048095703,91.54595685387366,90.28483461346657,91.36925259131361,103625600
2020-07-29,92.02037811279297,92.20434377285328,90.73505619988047,90.7713632677891,90329200
2020-07-30,93.13384246826172,93.23792519284922,90.78830982976133,91.19496376791191,158130000
2020-07-31,102.88390350341797,103.03397765297315,97.62157959922047,99.61613418906329,374336800
2020-08-03,105.47631072998047,108.09052270549662,104.4645145020522,104.7622398081077,308151200
2020-08-04,106.18071746826172,107.26997389606046,104.94380243901392,105.6651349105181,173071600
2020-08-05,106.56558990478516,106.88510690463526,105.43760344433963,105.90235611566642,121776800
2020-08-06,110.2835693359375,110.77736760867772,106.30899814130089,106.89719478834881,202428800
2020-08-07,107.77618408203125,110.26174118969138,106.98080610359243,109.80585245809037,198045600
2020-08-10,109.34269714355469,110.35874505613272,106.69709332777636,109.21902314455248,212403600
2020-08-11,106.09085845947266,109.10504953060087,105.83138875527999,108.60794103965802,187902400
2020-08-12,109.6167221069336,109.87376452711321,106.98566715289093,107.17965891895842,165598000
2020-08-13,111.55667114257812,112.55817011651827,110.50667052619417,110.99408465160128,210082000
2020-08-14,111.45724487304688,111.54696624880587,109.65066604650143,111.3820725095563,165565200
2020-08-17,111.16625213623047,112.60181637912858,110.54062239475888,112.57756555807367,119561600
2020-08-18,112.09258270263672,112.51694618501556,110.58427334354063,110.91891544512356,105633600
2020-08-19,112.23321533203125,113.64452867430332,112.13864675565405,112.49995954797271,145538000
2020-08-20,114.72364044189453,114.837612647254,112.25747906222769,112.27445537799255,126907200
2020-08-21,120.63562774658203,121.1181872782855,115.66935990258521,115.68148161330981,338054800
2020-08-24,122.0784683227539,124.91807177754512,120.21612051624737,124.83319019483912,345937600
2020-08-25,121.07696533203125,121.42130925505194,119.35768781992573,120.95329871627834,211495600
2020-08-26,122.72348022460938,123.17936898693925,121.32671591454528,122.39126546065715,163022400
2020-08-27,121.25639343261719,123.657076446734,120.11424426928406,123.32486169573068,155552400
2020-08-28,121.05998229980469,122.64588380173389,120.83688511649021,122.2287948592591,187630000
2020-08-31,125.1654052734375,127.06656032182518,122.2166916072517,123.7492518971319,225702700
2020-09-01,130.15101623535156,130.75240977324506,126.61061944886391,128.7736558625042,151948100
2020-09-02,127.45452880859375,133.83695705739137,123.18665076532004,133.45866793446768,200119000
2020-09-03,117.25041961669922,124.97140947448622,116.88183227033254,123.09936731503697,257599600
2020-09-04,117.32801055908203,119.98573625952378,107.56037630423063,116.46473461185484,332607200
2020-09-08,109.43241882324219,115.41715402612338,109.29662311428591,110.52848630276392,231366600
2020-09-09,113.79733276367188,115.56268488982629,111.79918898360513,113.7391367002721,176940500
2020-09-10,110.0822982788086,116.88181506989982,109.12202651754133,116.74601936225844,182274400
2020-09-11,108.6370620727539,111.77008060116817,106.69711453574045,111.12989436180371,180860300
2020-09-14,111.89616394042969,112.44904864015743,109.41303369608222,111.27538137934282,140150100
2020-09-15,112.07075500488281,115.26196916143692,110.1987055878256,114.7769823425134,184642000
2020-09-16,108.76314544677734,112.51694623083202,108.6758513682307,111.77006975767836,154679000
2020-09-17,107.02689361572266,108.83104527474275,105.4458391619844,106.42551466292394,178011000
2020-09-18,103.6319808959961,107.5506753180143,102.9045006607274,107.08509211161683,287104900
2020-09-21,106.77469635009766,106.88139403880808,100.00427732246104,101.4010416835348,195713800
2020-09-22,108.45275115966797,109.47122644967507,105.8823269140235,109.29663089711133,183055400
2020-09-23,103.90355682373047,108.7437221830897,103.56406020187804,108.2684372729303,150718700
2020-09-24,104.97054290771484,106.93958810787352,101.84722676940335,102.01212050333626,167743300
2020-09-25,108.90864562988281,109.06384497371614,104.4370662899755,105.17424837255975,149981400
2020-09-28,111.50816345214844,111.85735453793174,109.39362072171006,111.5566650919616,137672400
2020-09-29,110.66429901123047,111.84766814275456,110.1599159291002,111.11049343812664,99382200
2020-09-30,112.33264923095703,113.73911550361659,110.20841190929694,110.37330565840851,142675200
2020-10-01,113.28324127197266,114.18531720423022,112.35206730969273,114.10771752396202,116120400
2020-10-02,109.62641906738281,111.90586307346008,108.85044458473479,109.50032515653433,144712000
2020-10-05,113.0019302368164,113.14742776439395,110.14051092914185,110.4897020352033,106243800
2020-10-06,109.76221466064453,112.63333559022071,108.87953514429641,112.22594105943094,161498200
2020-10-07,111.62458038330078,112.08046922763401,110.70310088509402,111.17839334850785,96849000
2020-10-08,111.51786804199219,112.90493061170089,111.1492733309645,112.7594330889432,83477200
2020-10-09,113.45783233642578,113.48693036528995,111.46938316049868,111.8185743074938,100506900
2020-10-12,120.66471099853516,121.42128918284882,115.69844376260184,116.45502194691551,240226800
2020-10-13,117.46382904052734,121.6250176489062,116.05736995065374,121.50861812548327,262330500
2020-10-14,117.55111694335938,119.33586502763562,116.028258506117,117.36681956932418,150712000
2020-10-15,117.08551788330078,117.56080289760202,114.60238771843201,115.15527240046332,112559200
2020-10-16,115.44628143310547,117.90032142742069,115.24258781782645,117.63842435040979,115393800
2020-10-19,112.49754333496094,116.80422116143153,112.18715207359088,116.35803418573154,120639300
2020-10-20,113.98159790039062,115.40746025257594,112.15804282671203,112.71092747344602,124423700
2020-10-21,113.36082458496094,115.14557257156684,112.9534300225298,113.16682541230045,89946000
2020-10-22,112.27445983886719,114.49570058030427,111.14928675399084,113.92341222842757,101988000
2020-10-23,111.58577728271484,113.05043966735408,110.84859518576691,112.89524032049677,82572600
2020-10-26,111.59547424316406,113.05043475532885,109.490625744662,110.58670073335905,111850700
2020-10-27,113.09892272949219,113.75850508779021,111.10077943831497,112.02225141814819,92276800
2020-10-28,107.86106872558594,111.96406058991157,107.76407283902445,111.59547326085323,143937800
2020-10-29,111.85736083984375,113.41901900582575,108.83104039265947,108.99594153712782,146129200
2020-10-30,105.5913314819336,108.6273463236584,104.48556211975591,107.72527053869118,190272600
2020-11-02,105.50403594970703,107.356689266343,104.09757704674024,105.83383085542181,122866900
2020-11-03,107.1239013671875,108.14236934595198,105.46524717293197,106.3673230400161,107624400
2020-11-04,111.49846649169922,112.11924902667879,108.97653651830575,110.71279021468385,138235500
2020-11-05,115.45597076416016,116.0282591074031,113.3608313760952,114.40839736997158,126387100
2020-11-06,115.32479095458984,115.8203256136095,112.83736946099638,114.96527887670223,114457900
2020-11-09,113.02200317382812,118.53124107554257,112.75966168887598,117.08348880826458,154515300
2020-11-10,112.68191528320312,114.25597883957684,110.8940807658282,112.27382528066764,138023400
2020-11-11,116.10211944580078,116.2381494579348,113.1385999950758,113.86733537997074,112295000
2020-11-12,115.83006286621094,117.11263688524541,115.2082092456536,116.22844178007917,103162300
2020-11-13,115.8786392211914,116.27701069114,114.52805029862242,116.0535360017511,81581900
2020-11-16,116.88915252685547,117.55958400464418,114.80010971790968,115.54827474511946,91183000
2020-11-17,116.00494384765625,117.24865091924097,115.5871353083196,116.16041093814378,74271000
2020-11-18,114.68350219726562,116.42275133775613,114.65435397133162,115.24705927558566,76322100
2020-11-19,115.27620697021484,115.68429695756758,113.49809106564801,114.25597458875419,74113000
2020-11-20,114.01305389404297,115.40250938194856,113.96447599254086,115.27619794234921,73604300
2020-11-23,110.62201690673828,114.2851304944073,110.5248536828197,113.85760341347095,127959300
2020-11-24,111.90459442138672,112.56531474410036,109.39774313111327,110.68032441615657,113874200
2020-11-25,112.74020385742188,113.43979090606146,111.90458681744444,112.27381743371453,76499200
2020-11-27,113.2843246459961,114.15880846315034,112.92481998616722,113.26489496698315,46691300
2020-11-30,115.67459106445312,117.54015173092947,113.49809620715159,113.65356330256418,169410200
2020-12-01,119.24050903320312,119.96924420990891,116.60734681760889,117.57899371988326,127728200
2020-12-02,119.59033203125,119.87211059203429,117.46242241782213,118.56038101970898,89004200
2020-12-03,119.45429992675781,120.27047995352808,118.74499426371094,120.01784962535093,78967600
2020-12-04,118.78385925292969,119.3765645833526,118.07455360054387,119.12393425897255,78260400
2020-12-07,120.24132537841797,121.03807568238211,118.78385476777048,118.84215122001115,86712000
2020-12-08,120.85346221923828,121.43645640289948,119.6000365852931,120.84375108576852,82225500
2020-12-09,118.32717895507812,122.37894545635208,117.5692954268489,120.99920839659741,115089200
2020-12-10,119.74579620361328,120.35793867044406,116.74340998030307,117.0834850101648,81312200
2020-12-11,118.9393310546875,119.27940607418536,117.13206676469383,118.95876073591047,86939800
2020-12-14,118.32717895507812,119.85266455789507,118.09398573402578,119.12392925566253,79184500
2020-12-15,124.25422668457031,124.27366377761385,120.61055011219938,120.81459511068267,157243700
2020-12-16,124.18621826171875,124.73033828648967,122.97165933994127,123.79756533721344,98208600
2020-12-17,125.05096435546875,125.90601844904018,124.40967378529018,125.24529078778322,94359800
2020-12-18,123.06883239746094,125.43965383144652,122.54414204339464,125.3036238225863,192541500
2020-12-21,124.59429168701172,124.67202522679207,119.94982017477122,121.47530568083864,121251600
2020-12-22,128.1408233642578,130.59908932336018,125.97403967211778,127.87847449783371,168904800
2020-12-23,127.24691009521484,128.67521768491736,127.07200590849821,128.4128836440795,88223700
2020-12-24,128.228271484375,129.67603102914552,127.3829432351903,127.59670678746939,54930100
2020-12-28,132.81442260742188,133.44598718799116,129.7245776284665,130.19097883452193,124486200
2020-12-29,131.0460205078125,134.85487480481046,130.53104880605997,134.1358655444837,121047300
2020-12-30,129.92864990234375,132.13429294527648,129.61771571736733,131.7359140805847,96452100
2020-12-31,128.92784118652344,130.9197204767935,127.98534242224186,130.27842990655225,99116600
2021-01-04,125.74085235595703,129.82176713240116,123.16598610776015,129.7343224533574,143301900
2021-01-05,127.29550170898438,128.0048148809108,124.78865000861988,125.23561427002338,97664900
2021-01-06,123.01053619384766,127.33437075749549,122.79677262000745,124.09878374563415,155088000
2021-01-07,127.2080307006836,127.89790663345559,124.23479308365204,124.72061661130184,109578200
2021-01-08,128.30596923828125,128.86952618923627,126.53756485844092,128.67518495872093,105158200
2021-01-11,125.32303619384766,126.47929859092635,124.85664974689551,125.527088604103,100384500
2021-01-12,125.14813995361328,126.0129052139805,123.26314235039197,124.85664288048969,91951100
2021-01-13,127.17890167236328,127.72302173327904,124.8469543181073,125.1092883878033,88636800
2021-01-14,125.25505828857422,127.28579760816623,125.10930229637951,127.0914711114013,90221800
2021-01-15,123.53521728515625,126.52789226757409,123.39918727805356,125.12871800814145,111598500
2021-01-19,124.2056655883789,125.06071988412404,123.34090015787666,124.15708026227341,90757300
2021-01-20,128.28656005859375,128.73352422939956,124.90523244341398,125.0121142129877,104319500
2021-01-21,132.9893341064453,135.7099489572785,129.80233279797613,130.00638521290585,120150900
2021-01-22,135.12698364257812,135.88486727485233,131.19180950505606,132.41607964346215,114459400
2021-01-25,138.86781311035156,140.97628571065687,132.6686993609781,139.0135690829673,157611700
2021-01-26,139.10098266601562,140.2086596098709,137.36172630104042,139.5285097015661,98390600
2021-01-27,138.0321807861328,140.20867556656404,136.4289690465183,139.36333253146313,140843800
2021-01-28,133.20303344726562,137.96411084778632,132.82409185319253,135.56414247660643,142621100
2021-01-29,128.2185516357422,132.86302336292994,126.51816929301403,131.9788209864335,177523800
2021-02-01,130.33676147460938,131.54160940158948,127.21776727973175,129.95781964029345,106239800
2021-02-02,131.1626434326172,132.4452098565485,130.79341280132044,131.8816527763116,83305400
2021-02-03,130.14239501953125,131.92051071941538,129.82174974648763,131.91078476116337,89880900
2021-02-04,133.49456787109375,133.50427900274144,130.77395356806818,132.43547630144383,84183100
2021-02-05,133.08102416992188,133.7232731231055,132.20524094162676,133.65516390896917,75693800
2021-02-08,133.22694396972656,133.27560187343457,131.29047224928507,132.3706123790497,71297200
2021-02-09,132.35122680664062,134.17093254443628,132.1955422076444,132.94481795724369,76774200
2021-02-10,131.74789428710938,133.30485887781032,130.78452077617774,132.80856880476307,73046600
2021-02-11,131.49484252929688,132.72094164331565,130.17142759822354,132.24411789704274,64280000
2021-02-12,131.7283935546875,131.88409294253404,130.09359452723146,130.7358433658653,60145100
2021-02-16,129.60704040527344,132.35117148769072,129.21779194968602,131.84517076789257,80576300
2021-02-17,127.32026672363281,128.66314806479286,125.98712587517291,127.7192408682256,97918500
2021-02-18,126.22069549560547,126.50288771185818,123.98256451257895,125.72440543319924,96856700
2021-02-19,126.3763656616211,127.19378012757379,125.33515742569439,126.73642239782728,87668800
2021-02-22,122.6104965209961,126.23042665376691,122.22125536466936,124.56642052486617,103916400
2021-02-23,122.47425842285156,123.30139120748287,115.2052066551197,120.43075171253977,158273000
2021-02-24,121.97798156738281,122.18233150568985,118.94191685635538,121.57901476139983,111039900
2021-02-25,117.7352523803711,123.05810538980377,117.29736077604736,121.32599026278942,148199500
2021-02-26,117.99798583984375,121.49140765726709,117.93959485190196,119.29220185674814,164560400
2021-03-01,124.35233306884766,124.48856634693102,119.4868376397081,120.42101187120407,116307900
2021-03-02,121.754150390625,125.25730532990295,121.64710890595583,124.95564701355688,102260900
2021-03-03,118.77645111083984,122.3282636330786,118.56236816181614,121.45247312532506,112966300
2021-03-04,116.89837646484375,120.2750310748952,115.42900236715201,118.47479946720621,178155000
2021-03-05,118.1536865234375,118.65970219404976,114.40725661331615,117.72552798386944,153766600
2021-03-08,113.22979736328125,117.74497601487798,113.08383103215061,117.67685938357114,154376600
2021-03-09,117.83255004882812,118.77645723226702,115.59442688495044,115.827968557669,129525800
2021-03-10,116.7524185180664,118.88350022910564,116.23666982400522,118.4164168777091,111943300
2021-03-11,118.67915344238281,119.89552719538874,117.99798711036199,119.24355264557505,103026500
2021-03-12,117.77416229248047,117.9103955487277,115.95447204511132,117.16111263936789,88105100
2021-03-15,120.65453338623047,120.66426645422422,117.18057052802266,118.14394380720245,92403800
2021-03-16,122.1920394897461,123.79765430298438,121.36490683570095,122.31853968534864,115227900
2021-03-17,121.4038314819336,122.47423888090718,119.04892629520441,120.71293209328559,111932600
2021-03-18,117.28762817382812,119.86634216018179,117.08327826271949,119.57440947336566,121229700
2021-03-19,116.76215362548828,118.16341864155612,116.46049529392347,116.67457827406234,185549500
2021-03-22,120.0707015991211,120.53779245026008,117.02490398115997,117.09302062360135,111912300
2021-03-23,119.24354553222656,120.89781076796868,118.8543044696532,120.01229458916613,95467100
2021-03-24,116.85945129394531,119.59386443754735,116.83999258124882,119.51601473844956,88530500
2021-03-25,117.34600067138672,118.3872236915313,115.7987768800299,116.32425121223295,98844700
2021-03-26,117.94933319091797,118.21207408800578,115.72093550893463,117.11246742653448,94071200
2021-03-29,118.12450408935547,119.28249444245718,117.48226251708941,118.37751194468804,80819200
2021-03-30,116.67459106445312,117.1611406456859,115.66256704459003,116.878940997672,85671900
2021-03-31,118.8640365600586,120.19717735139929,117.89093762370798,118.37748709188328,118323800
2021-04-01,119.69117736816406,120.83943448866229,119.19489479787379,120.33342627373456,75089100
2021-04-05,122.51317596435547,122.76618380455446,119.75930377924526,120.53778601486208,88651200
2021-04-06,122.81482696533203,123.71007628588559,122.26989388745704,123.09702657327624,80171300
2021-04-07,124.45935821533203,124.4788169278638,121.77360301243874,122.44504366920103,83466700
2021-04-08,126.85318756103516,126.88237934347556,125.06268894589843,125.48111439308595,88844600
2021-04-09,129.42218017578125,129.46109760648577,125.9871415439433,126.30826602843275,106686700
2021-04-12,127.7094955444336,129.27618525159716,127.11590466536393,128.955060856529,91420000
2021-04-13,130.8136444091797,131.03746778948963,128.380897783866,128.87718759834652,91266500
2021-04-14,128.47825622558594,131.36836136344672,128.11821435701262,131.3099778007929,87222800
2021-04-15,130.88180541992188,131.36835488244947,130.04493975044198,130.22010527807376,89347100
2021-04-16,130.55096435546875,131.04723949609195,129.69463249088383,130.6871976204425,84922400
2021-04-19,131.2126922607422,131.82574950678435,129.75304346412022,129.91846854593953,94264200
2021-04-20,129.52923583984375,131.8841341353887,128.264203903013,131.3878588859704,94812300
2021-04-21,129.90870666503906,130.15198139662152,127.76789199677557,128.79937448295544,68847100
2021-04-22,128.39071655273438,130.54125756563838,127.87497514158638,129.46111681150813,84566500
2021-04-23,130.7066650390625,131.4851323617936,128.60476763173878,128.60476763173878,78657500
2021-04-26,131.09591674804688,131.42676689058607,129.9671181870508,131.20295824690538,66905100
2021-04-27,130.77481079101562,131.76737620766062,130.50234418226077,131.37812758921328,66015800
2021-04-28,129.98655700683594,131.38782184344353,129.50000754125335,130.69691506905932,107760100
2021-04-29,129.8892364501953,133.38267277073504,128.88694577541443,132.79880749394718,151101000
2021-04-30,127.92359924316406,129.96709820494203,127.54409123252586,128.23498319758693,109839500
2021-05-03,128.97454833984375,130.46340362512916,128.28365629304724,128.48799878924353,75135100
2021-05-04,124.41070556640625,127.95279275381809,123.29164023246338,127.66086008438737,137564700
2021-05-05,124.65400695800781,126.94078104975206,124.52749931714487,125.72440711319194,84000900
2021-05-06,126.24986267089844,126.25958831497178,123.71006640231249,124.44962368045476,78128300
2021-05-07,126.92247772216797,127.94595553024823,126.21089797889388,127.54631847239045,78973300
2021-05-10,123.64726257324219,126.26933982071908,123.60827160938823,126.14263220253412,88071200
2021-05-11,122.73101043701172,123.0819142652862,119.67028275042819,120.38185488141869,126142800
2021-05-12,119.67029571533203,121.49308457084182,119.16342796467423,120.28439421406758,112172300
2021-05-13,121.81474304199219,122.96495055227784,121.12267010296466,121.43459040557941,105861300
2021-05-14,124.23213195800781,124.66102519199373,122.67253033910511,123.06243260302256,81918000
2021-05-17,123.08193969726562,123.72527962836065,122.00971391554195,123.61805630651149,74244600
2021-05-18,121.69778442382812,123.78375308679564,121.62955208202142,123.3646094337638,63342900
2021-05-19,121.54182434082031,121.76601312715728,119.75802646818856,120.05045503106065,92612000
2021-05-20,124.09565734863281,124.49530918227134,121.94145662294912,122.06817912472063,76857100
2021-05-21,122.26313018798828,124.76824225453443,122.04868358173061,124.59278661639331,79295400
2021-05-24,123.89096069335938,124.70975612799803,122.76025239580743,122.82848472896345,63092900
2021-05-25,123.69601440429688,125.08016771850949,123.13065653206684,124.59278434432386,72009500
2021-05-26,123.64726257324219,124.17362943012175,123.22811900776954,123.7544858646491,56575900
2021-05-27,122.11690521240234,124.41732007226534,121.92195782567474,123.24762087836753,94625600
2021-05-28,121.46383666992188,122.62379382802953,121.4053539348129,122.39959761550023,71311100
2021-06-01,121.14216613769531,122.18515038351808,120.8107540580726,121.9219706400981,67637100
2021-06-02,121.90248107910156,122.07793673418138,120.91798692698966,121.14217571934485,59278900
2021-06-03,120.42085266113281,121.6977752920281,120.02120080570538,121.53206925104124,76229200
2021-06-04,122.71150970458984,122.97469686847107,120.72301503974921,120.93746163646239,75169300
2021-06-07,122.72128295898438,123.13067702974456,121.6782985767518,122.98446273682511,71057600
2021-06-08,123.54006958007812,125.21665168991701,123.02345219665295,123.40360489150423,74403800
2021-06-09,123.92020416259766,124.52455300706954,123.32560491924683,123.99818609803275,56877900
2021-06-10,122.92594146728516,124.95342685384131,122.76023545773653,123.81296167592502,71186400
2021-06-11,124.1346664428711,124.22239799050632,122.91622643570359,123.33537009563992,53522400
2021-06-14,127.18561553955078,127.24409827001125,123.86171564217574,124.5927795199969,96906500
2021-06-15,126.3668441772461,127.30261260822043,126.12315618593904,126.65927274152149,62746300
2021-06-16,126.86394500732422,127.58526671760069,125.21662690472674,127.07839160028391,91815000
2021-06-17,128.46255493164062,129.20337594415264,126.37658632134162,126.52280804022224,96721700
2021-06-18,127.16614532470703,128.1896229684165,126.95169870686416,127.40983331102534,108953300
2021-06-21,128.9596710205078,129.066894317528,125.94769141357571,127.01016734634604,79663300
2021-06-22,130.5972442626953,130.6947253937975,128.29682937988724,128.79396232556323,74783600
2021-06-23,130.32432556152344,130.92868185123652,129.8661909803765,130.39256533356104,60214200
2021-06-24,130.04165649414062,131.240597184488,129.5737648661965,131.05539194095186,68711000
2021-06-25,129.74923706054688,130.50954241745376,129.4568084909208,130.09040620403312,70783700
2021-06-28,131.37701416015625,131.83514858356367,129.98312656766066,130.04160928153763,62111300
2021-06-29,132.88795471191406,133.0439186165466,130.95794973108042,131.39658519851488,64556100
2021-06-30,133.5019989013672,133.94063419010044,132.43950824826416,132.73193673192986,63261400
2021-07-01,133.80422973632812,133.8627124846623,132.33234449341114,133.15114759070119,52485800
2021-07-02,136.42626953125,136.46525305919846,134.27206149217562,134.41826831389758,78852600
2021-07-06,138.43426513671875,139.53572463895688,136.53350195950557,136.53350195950557,108181800
2021-07-07,140.91989135742188,141.23180423568894,139.0581116318865,139.91588320227135,104911600
2021-07-08,139.6234893798828,140.422778328839,137.11836946520646,138.00539740279086,105575500
2021-07-09,141.4462432861328,141.97260274724476,139.04834716131978,139.1458282969305,99890800
2021-07-12,140.8516387939453,142.62569425576672,140.36426288116348,142.51847096001342,76299700
2021-07-13,141.962890625,143.73694652851253,140.00364432229037,140.39353920017592,100827100
2021-07-14,145.38421630859375,145.7936251287686,143.95133005857537,144.36073887875023,127050800
2021-07-15,144.73114013671875,146.21276700697837,143.37623575739534,145.47196100861444,106820300
2021-07-16,142.69393920898438,145.97884856339024,142.1968210625346,144.7116829108476,93251400
2021-07-19,138.85342407226562,140.43253247911716,138.09311867670348,140.12060468938105,121434600
2021-07-20,142.4600067138672,143.38603306380864,139.35056015600642,139.83793618290784,96350000
2021-07-21,141.7289276123047,142.4405072449087,140.97837931958148,141.85565012536404,74993500
2021-07-22,143.0935821533203,144.4582288663732,142.12857241610413,142.25529492286392,77338200
2021-07-23,144.80914306640625,144.9651069434816,143.2105505102186,143.82464898024415,71447400
2021-07-26,145.2283172607422,146.04710543551434,143.9708787526298,144.5264945756414,72434100
2021-07-27,143.06434631347656,145.4427434254304,141.87514775749966,145.35500444699645,104818600
2021-07-28,141.31951904296875,143.25928057886588,138.94112214929507,141.15381301329907,118931200
2021-07-29,141.962890625,142.84991857675627,140.92965581242072,141.03687913486968,56699500
2021-07-30,142.1772918701172,142.63542638578699,140.4714762953773,140.73466343435456,70440600
2021-08-02,141.8459014892578,143.2397895751834,141.582714310116,142.6646895204393,62880000
2021-08-03,143.63943481445312,144.30225894055675,141.51446802349406,142.12856645538005,64786600
2021-08-04,143.23976135253906,144.05854922239413,142.58667948918819,143.55168904021573,56368300
2021-08-05,143.34701538085938,144.107320690727,142.47948676454712,143.26903344221475,46397700
2021-08-06,142.6636505126953,143.6105775396916,142.16578765248929,142.86866162914254,54126800
2021-08-09,142.6148681640625,143.21035833317768,142.05843483321482,142.72225212556916,48908700
2021-08-10,142.1365509033203,144.19635994581478,141.84368416396723,142.95656585685202,69023100
2021-08-11,142.3903350830078,143.2298783064216,142.06818321748432,142.57581781429272,48493500
2021-08-12,145.34823608398438,145.5044336133679,142.37078584930737,142.71246608285676,72282600
2021-08-13,145.55325317382812,145.88516176552068,144.74299521470792,145.42634081402107,59375000
2021-08-16,147.5252227783203,147.59356480078714,142.9858407795006,145.00659283395282,103296000
2021-08-17,146.6173095703125,148.07185618392833,145.54347021491796,146.65635150331968,92229700
2021-08-18,142.87844848632812,147.13473517673972,142.67343732669485,146.2366215497856,86326000
2021-08-19,143.21034240722656,144.4794213850425,141.0626783117476,141.5800696426097,86960300
2021-08-20,144.66493225097656,144.96755574158394,143.288469055807,143.9327728785443,60549600
2021-08-23,146.14874267578125,146.6173203855108,144.3720292286724,144.78203658666285,60131800
2021-08-24,146.06088256835938,147.27139120779157,145.60206158624175,145.89492826143862,48606400
2021-08-25,144.8308563232422,146.74423897086186,144.28417982272728,146.24636116832204,58991300
2021-08-26,144.03033447265625,145.57275146160703,144.00104929973693,144.82107882892396,48597200
2021-08-27,145.0651397705078,145.21156564308194,143.33723999505236,143.97177197062845,55802400
2021-08-30,149.47764587402344,149.83885461039787,145.07493307828,145.45565533870288,90956700
2021-08-31,148.21832275390625,149.16524992421503,147.6911597437249,149.0285807911714,86453100
2021-09-01,148.88214111328125,151.29338682527435,148.71618680019012,149.19453621732464,80313700
2021-09-02,149.9950408935547,151.03959539227287,148.7747752992504,150.20980882981786,71115500
2021-09-03,150.62953186035156,150.95168364480844,149.44830865067632,150.1023689782168,57808700
2021-09-07,152.9627227783203,153.51915609845358,150.71743128739138,151.28363626481305,82278300
2021-09-08,151.42030334472656,153.3043860941943,150.31717858511598,153.24581573453693,74420200
2021-09-09,150.40501403808594,152.39648028234163,150.28785845020124,151.79123351222952,57305700
2021-09-10,145.42633056640625,151.7814665359228,145.16274910531013,151.3128888573864,140893200
2021-09-13,145.9925537109375,147.81806596111582,145.21158088499752,147.04686479158386,102404300
2021-09-14,144.5965576171875,147.4763957492906,143.4153491043727,146.7735217186003,109296300
2021-09-15,145.48492431640625,145.8851749521173,142.88819590848047,145.02610332343372,83281300
2021-09-16,145.25059509277344,145.42632102057476,143.71794980690362,144.9089297875281,68034100
2021-09-17,142.58555603027344,145.27991132028194,142.29268938190515,145.27991132028194,129868800
2021-09-20,139.53981018066406,141.39460787991925,137.909537174392,140.37935348466607,123478900
2021-09-21,140.0181427001953,141.16032435989862,139.38361057442205,140.50624891873463,75834000
2021-09-22,142.380615234375,142.94680544027904,140.28174918379625,141.0139086418493,76404300
2021-09-23,143.33724975585938,143.5813028239796,142.17555476827644,143.1615238009879,64838200
2021-09-24,143.42514038085938,143.96206024126909,142.097490769583,142.19511797904687,53477900
2021-09-27,141.91200256347656,142.48797924389808,140.39888514559524,142.00962976919416,74150700
2021-09-28,138.53424072265625,141.30667907211597,138.31947290304058,139.8423611542702,108972300
2021-09-29,139.43240356445312,141.0138627120859,138.6514307510702,139.08096654322168,74602000
2021-09-30,138.13406372070312,140.9455603850025,137.91929578685694,140.24268621892764,89056700
2021-10-01,139.25668334960938,139.5202648503588,135.80089824481317,138.52452409983053,94639600
2021-10-04,135.83018493652344,138.82716398233575,134.98088496397907,138.38785651091933,98322000
2021-10-05,137.7532958984375,138.8564203851178,136.04492465061978,136.17183699568994,80861100
2021-10-06,138.62216186523438,138.76858776803195,135.07850605934124,136.15234566592073,83221100
2021-10-07,139.88145446777344,140.7893396562003,139.32502120039112,139.65692980871162,61732700
2021-10-08,139.50074768066406,140.75029837603776,139.16883903566588,140.60387247260306,58773200
2021-10-11,139.41285705566406,141.36528138783962,138.43664488957629,138.8857090401355,64452200
2021-10-12,138.14381408691406,139.84242905892054,137.68499305819657,139.82290063970592,73035900
2021-10-13,137.55809020996094,138.03642474342516,135.88876048394778,137.88024208325538,78762700
2021-10-14,140.3402862548828,140.45744186952987,138.1438084019397,138.72954178771872,69907100
2021-10-15,141.39454650878906,141.45311684711749,140.09618272452653,140.35000738503422,67940300
2021-10-18,143.06393432617188,143.347029376178,139.75457479053856,140.03766984054468,85589200
2021-10-19,145.22134399414062,145.62159463310732,143.06392303976392,143.51297237963328,76378900
2021-10-20,145.70944213867188,146.18779152686344,144.59656071553547,145.16276563549152,58418800
2021-10-21,145.9241943359375,146.08039186170322,144.35249211048287,145.2701339545865,61421000
2021-10-22,145.1529998779297,146.60754657748723,145.10418628692474,146.129212114762,58883400
2021-10-25,145.104248046875,145.81687911224734,144.1085069706654,145.1432899988062,50720600
2021-10-26,145.76803588867188,147.2518679421637,145.46539754636262,145.77779264971988,60893400
2021-10-27,145.30918884277344,146.168245431377,144.95775186240334,145.80705169170784,56094900
2021-10-28,148.94070434570312,149.52642273545615,146.15849358297356,146.25612076250718,100077900
2021-10-29,146.2366180419922,146.373287179863,142.92725865743117,143.7179883048137,124953200
2021-11-01,145.41661071777344,146.13899838558393,144.2842007193759,145.44589589912687,74588300
2021-11-02,146.45138549804688,147.96451766703325,145.11396440756303,145.12373606469237,69122000
2021-11-03,147.8863983154297,148.35497602206758,146.25612565424197,146.8125588879088,54511500
2021-11-04,147.36900329589844,148.80402155525002,147.05660823548425,147.97425010568048,60394600
2021-11-05,147.89694213867188,148.79636649786093,146.70422366033108,148.49330137784227,65463900
2021-11-08,147.07569885253906,148.18043333239365,146.8019617116547,148.02400784687248,55020900
2021-11-09,147.43740844726562,148.04353851031115,146.70418082227025,146.84104938223388,56787900
2021-11-10,144.61207580566406,146.7726603269792,144.54364896685252,146.66511965093986,65187100
2021-11-11,144.56321716308594,146.0883289050465,144.37746369649008,145.62885311604722,41000000
2021-11-12,146.6357879638672,147.03660782102534,144.18190939663026,145.11066161989166,63804000
2021-11-15,146.64556884765625,148.483531417499,146.08830852560698,147.00728981052836,59222800
2021-11-16,147.62319946289062,148.102247003654,146.00031832566742,146.58690654221206,59256200
2021-11-17,150.05752563476562,151.53375230300938,147.61343285568483,147.6232038564801,88807000
2021-11-18,154.33953857421875,155.12165110785514,149.62733629184328,150.27258025090998,137827700
2021-11-19,156.95962524414062,157.41911583313842,153.02952027938457,154.12446895909494,117305600
2021-11-22,157.41908264160156,161.99441573216774,157.39952572857115,158.06431159606723,117467900
2021-11-23,157.8004150390625,158.18169292863084,155.502961782972,157.51689191338718,96041900
2021-11-24,158.31857299804688,158.5140974575523,156.07000441983408,157.1551823252834,69463600
2021-11-26,153.30325317382812,156.8618512011978,152.86331951425362,156.0015407986573,76959800
2021-11-29,156.6565704345703,157.58532267329434,155.2389847402696,155.8060160344783,88748200
2021-11-30,161.60340881347656,161.8184901598309,156.34371666317804,156.41215841772612,174048100
2021-12-01,161.0852508544922,166.49158221025922,160.85061260681175,163.73463874085127,152052500
2021-12-02,160.0978240966797,160.52798674829987,154.27111613625055,155.19009727061072,136739200
2021-12-03,158.22076416015625,161.27100166043388,156.14817855062066,160.35202051883033,118023100
2021-12-06,161.62298583984375,164.12573463510114,160.60623481829575,160.61600581977925,107497000
2021-12-07,167.3519287109375,167.74299254141582,164.57544264356054,165.2988995417756,120405400
2021-12-08,171.16468811035156,172.02501344578044,166.8826332677211,168.280661937793,116998900
2021-12-09,170.6563262939453,172.79735388590385,170.03063915946248,170.9985052389604,108923700
2021-12-10,175.43698120117188,175.61296364291238,170.78343380069845,171.29180928871014,115402700
2021-12-13,171.8099365234375,178.0570365302883,171.6046261840087,177.06961358561998,153237000
2021-12-14,170.43145751953125,173.76520322122326,168.35887188331523,171.3308817563336,139380400
2021-12-15,175.2903289794922,175.48585340924998,168.4566405154073,171.19402728468987,131063300
2021-12-16,168.40777587890625,177.08919884301145,166.9315491019716,175.27079308478832,150185800
2021-12-17,167.3128204345703,169.59071677301714,165.89524955752734,166.12987292514003,195432700
2021-12-20,165.9539031982422,166.76534380811088,163.71512072913166,164.51677542044033,107499100
2021-12-21,169.1214599609375,169.3267554134747,165.33799395674112,167.72343104614094,91185900
2021-12-22,171.71218872070312,171.92727008747283,168.30022969109157,169.1703261593658,92135300
2021-12-23,172.33786010742188,172.89512039322665,171.35045204505695,171.9174833311616,68356600
2021-12-27,176.2972869873047,176.38527073958,173.11019564746687,173.12973764737882,74919600
2021-12-28,175.2805633544922,177.27495155456995,174.5375644683696,176.13111784462515,79144300
2021-12-29,175.36854553222656,176.59059189162147,174.15627017338588,175.31966069433915,62348900
2021-12-30,174.2149200439453,176.53193000592643,174.10737937130014,175.45652327947462,59773000
2021-12-31,173.59902954101562,175.2218958133562,173.29594950484335,174.1073900997929,64062300
2022-01-03,177.93975830078125,178.7903128894999,173.73592987558766,173.8532415771097,104487900
2022-01-04,175.68138122558594,178.84893075193062,175.1143499260673,178.54586564233023,99310400
2022-01-05,171.0082550048828,176.1408490374331,170.7345178498846,175.5933747274367,94537600
2022-01-06,168.15353393554688,171.3797384422397,167.8015840817703,168.83787672968072,96904000
2022-01-07,168.3197479248047,170.24569386432273,167.20524242477114,169.02364770562122,86709100
2022-01-10,168.3393096923828,168.64237476166727,164.4092049558039,165.29885816519484,106765600
2022-01-11,171.16468811035156,171.26244286002324,166.99995985190662,168.46641535499305,76138300
2022-01-12,171.60462951660156,173.21772467571947,170.91051556767007,172.1814317936139,74805200
2022-01-13,168.3393096923828,172.67023424322653,167.94824595979313,171.8490227811223,84505800
2022-01-14,169.19967651367188,169.8937905683483,167.2639441267619,167.508353425533,80440800
2022-01-18,166.00277709960938,168.6814931182034,165.6214992398613,167.67452813175186,90956700
2022-01-19,162.51260375976562,167.25414945182573,162.22909557704548,166.19829964047344,94815000
2022-01-20,160.83106994628906,165.8854518373375,160.50844792121475,163.24583471657064,91420500
2022-01-21,158.77806091308594,162.61039693927614,158.6705202245997,160.74310631081485,122848900
2022-01-24,158.00570678710938,158.67050778679211,151.24045969712583,156.44149634340394,162294600
2022-01-25,156.20681762695312,159.12017131763488,153.50854524070638,155.42470514878522,115798400
2022-01-26,156.1188507080078,160.713741500623,154.2906743409117,159.84364519078215,108275300
2022-01-27,155.6593780517578,160.1760566161972,154.74039680395836,158.8171416631375,121954600
2022-01-28,166.52093505859375,166.54049197821774,159.15932862262193,162.00425626677838,179935700
2022-01-31,170.8714141845703,171.0864955438015,165.71926239899202,166.35473547583268,115541600
2022-02-01,170.70521545410156,170.93006781127377,168.45664712970438,170.1186272242385,86213900
2022-02-02,171.90769958496094,171.94681342176997,169.45383589849953,170.84207875406224,84914300
2022-02-03,169.033447265625,172.29876649074853,168.27089152715305,170.57811566132818,89418100
2022-02-04,168.7495880126953,170.4234840013588,167.07569202403184,168.05457472378333,82465400
2022-02-07,168.0350341796875,170.2766693416208,167.34002078176565,169.20969061631618,77251200
2022-02-08,171.13803100585938,171.64705409326743,167.80982151011347,168.10348925040896,74829200
2022-02-09,172.5574188232422,172.9196005956565,171.20655609241282,172.33228001362485,71285000
2022-02-10,168.48526000976562,171.77430598076174,167.92730472233933,170.46260694632986,90865900
2022-02-11,165.07876586914062,169.42500712943504,164.49143031742815,168.6908451580762,98670700
2022-02-14,165.31370544433594,165.99892030677,163.04269054419584,163.83558309476697,86185500
2022-02-15,169.14114379882812,169.29776862360237,166.65478818594016,167.3595849608588,62527400
2022-02-16,168.9062042236328,169.67951494494773,166.45899759893967,168.2209893560315,61177400
2022-02-17,165.31370544433594,168.27971865617212,164.91235997613748,167.4182971510757,69589300
2022-02-18,163.76707458496094,166.93864489391834,162.68051421778296,166.23386310925557,82772700
2022-02-22,160.8499755859375,163.16992227378196,158.72578746937097,161.4960266681506,91162800
2022-02-23,156.6897735595703,162.64136771002168,156.3765239008277,162.04424861753867,90009200
2022-02-24,159.3033447265625,159.41102239990326,148.79014121364656,149.357894860665,141147500
2022-02-25,161.36883544921875,161.63312305071847,157.472871153436,160.3801542624622,91974200
2022-02-28,161.6331024169922,161.9267702066246,158.99990563300975,159.6166064975814,95056600
2022-03-01,159.75367736816406,163.08188800417662,158.54965565066482,161.2220016361372,83474400
2022-03-02,163.0426788330078,163.82578787806702,159.50891214996344,160.91850544375748,79724800
2022-03-03,162.7196502685547,165.3430634011942,162.05401727070716,164.91235266773373,76678400
2022-03-04,159.7242889404297,162.0540345545001,158.67689221468046,161.01642127862274,83737200
2022-03-07,155.93603515625,161.53524604361925,155.68151606537282,159.91029698865853,96418800
2022-03-08,154.1152801513672,159.44040392728598,152.50991327214726,155.46614292973925,131148300
2022-03-09,159.5089111328125,159.959203685233,156.04367342146804,158.06995256595388,91454900
2022-03-10,155.1724853515625,157.0029911685478,152.6861150001443,156.81700107101284,105342000
2022-03-11,151.46249389648438,155.91641251914996,151.23735509056115,155.57379764949783,96970100
2022-03-14,147.43930053710938,150.86538982544317,146.9302923114544,148.25177493215907,108732100
2022-03-15,151.8148956298828,152.28477002224423,147.2043670461277,147.71337523300835,92964300
2022-03-16,156.21986389160156,156.62120932527256,151.19820652447248,153.73350876565036,102300200
2022-03-17,157.2281494140625,157.6001296550613,154.3012994227279,155.26060037752023,75615400
2022-03-18,160.5171661376953,161.0066074424884,156.3862803303168,157.1204422875064,123511700
2022-03-21,161.8876190185547,162.83713639325782,159.56765695852218,160.05709828830467,95811400
2022-03-22,165.25498962402344,165.84231029999864,161.42755456550663,162.01487524148183,81532000
2022-03-23,166.61563110351562,168.99430889731204,164.1096788423283,164.44251031244588,98062700
2022-03-24,170.3941192626953,170.46263328488442,166.61563143205333,167.4476727675763,90131400
2022-03-25,171.03041076660156,171.57858276640368,169.10201037950475,170.20815276689837,80546200
2022-03-28,171.8917999267578,172.0190445148475,168.36781639958284,168.53422465828777,90371900
2022-03-29,175.1808319091797,175.22976408859992,172.61614940998814,172.95876428530602,100589400
2022-03-30,174.01597595214844,175.81711647524634,172.96856432856262,174.77950323773482,92633200
2022-03-31,170.92271423339844,174.27049138056105,170.7171422878286,174.0845012718467,103049300
2022-04-01,170.62901306152344,171.18698327855927,168.30906622272897,170.35492714540266,78751300
2022-04-04,174.67181396484375,174.72076108227714,170.75628355518236,170.8835430731966,76468400
2022-04-05,171.36322021484375,174.53480585728352,170.7367358216346,173.75169663163055,73401800
2022-04-06,168.20138549804688,169.96337702443967,166.53728819844997,168.72019203962893,89058800
2022-04-07,168.50486755371094,169.69910564386342,166.26323274049562,167.54556668896316,77594700
2022-04-08,166.4981689453125,168.15248323813117,165.6269638660641,168.15248323813117,76575500
2022-04-11,162.24981689453125,165.46055114101816,162.0050962053992,165.14731642594322,72246700
2022-04-12,164.11949157714844,166.2828141709391,163.12102695263263,164.4718899777678,79265200
2022-04-13,166.8015899658203,167.42807423573976,163.24825626550125,163.8551587010773,70618900
2022-04-14,161.79949951171875,167.65322825491936,161.55477886000992,167.01694559853848,75329400
2022-04-18,161.5841827392578,163.08187215208477,160.1158586140106,160.45845861462905,69023900
2022-04-19,163.86492919921875,164.2760730051198,160.4486387361769,161.53519893963082,67723800
2022-04-20,163.6985321044922,165.31369734743882,162.59240492951264,165.19622127922986,67929800
2022-04-21,162.90567016601562,167.90776176039836,162.40644532626558,165.3430936610523,87227800
2022-04-22,158.37344360351562,164.32505289369502,158.08957416008516,162.94483948037262,84882400
2022-04-25,159.44036865234375,159.7242379736947,155.11371027579008,157.71752608449836,96046400
2022-04-26,153.48880004882812,158.91180327087787,153.41048764569481,158.82370741856425,95623200
2022-04-27,153.26364135742188,156.4156292897006,152.09876878373368,152.61757531774515,88063200
2022-04-28,160.18435668945312,161.04577820352466,155.57381282317428,155.88706244158715,130216800
2022-04-29,154.32086181640625,162.6903124384376,153.9293146853147,158.42238298865084,131747600
2022-05-02,154.6243133544922,154.88860092145774,150.0333512355366,153.4007100151784,123055300
2022-05-03,156.1122283935547,157.31626501989302,153.01897002538345,154.81031244687898,88966500
2022-05-04,162.5140838623047,162.9643614673084,155.89682831665468,156.29817374379095,108256500
2022-05-05,153.4594268798828,160.61505617925764,151.6778534074066,160.38991736716943,130525300
2022-05-06,154.18487548828125,156.3023722983105,151.14587460582203,152.93986371222095,116124600
2022-05-09,149.06759643554688,152.76341048572758,148.50882129057032,151.8811126841976,131577900
2022-05-10,151.4694061279297,153.65553292727364,149.92049701176046,152.45954000160515,115366700
2022-05-11,143.61700439453125,152.39087300235883,142.9405806152843,150.47925033829725,142689800
2022-05-12,139.7545623779297,143.32293029647687,136.0685607235715,139.96043637411066,182602000
2022-05-13,144.2150115966797,145.18553469561974,140.2937279042498,141.74459868206603,113990900
2022-05-16,142.67588806152344,144.61693408926746,141.34265112461745,142.68570084334092,86643800
2022-05-17,146.30308532714844,146.82265416778552,143.79345144967377,145.93055862687706,78336300
2022-05-18,138.04879760742188,144.46008977155722,137.14688920750964,143.9601314929513,109742900
2022-05-19,134.64710998535156,138.87229156176298,133.9118691553446,137.12732118856076,136095600
2022-05-20,134.8823699951172,137.93116906609265,130.00037534307543,136.3528515735585,137426100
2022-05-23,140.293701171875,140.4407432989188,134.94114336987113,135.07838767461445,117726300
2022-05-24,137.59786987304688,139.176187438702,134.6274981436638,138.03901137531423,104132700
2022-05-25,137.7547149658203,138.99971190055481,135.61760734755066,135.70583264997845,92482700
2022-05-26,140.9505615234375,141.4995389264538,134.44123025043575,134.68631051667606,90601500
2022-05-27,146.6952362060547,146.7344424649416,142.40142537012454,142.52887188890233,90978500
2022-05-31,145.9109649658203,147.69515625482543,143.95032308788612,146.13644955191023,103718400
2022-06-01,145.7835235595703,148.75389460714223,144.7737792988703,146.95009283292427,74286600
2022-06-02,148.2343292236328,148.2931460840145,143.96992734384497,144.9208398093746,72348100
2022-06-03,142.51905822753906,145.05808578629097,141.6171647882395,144.0091352358549,88570300
2022-06-06,143.2641143798828,145.64630225545608,142.04851092055418,144.13659949613532,71598400
2022-06-07,145.7835235595703,146.06781003090646,141.26424373812605,141.50932395629872,67808200
2022-06-08,145.04827880859375,146.9206802540853,144.55811838609154,145.6560729457736,53950200
2022-06-09,139.83297729492188,145.0384790561678,139.72514139394366,144.18560463111925,69473000
2022-06-10,134.431396484375,137.98995082700978,134.36276684809005,137.51940103001422,91437900
2022-06-13,129.28472900390625,132.53938671229503,128.85338540144875,130.25523715092532,122207100
2022-06-14,130.14739990234375,131.25516732822615,128.89259032192393,130.5101288143863,84784300
2022-06-15,132.76483154296875,134.63724775917188,129.5591934714462,131.64726649009233,91533000
2022-06-16,127.50052642822266,129.78467578709342,126.50059498012912,129.48077871917013,108123900
2022-06-17,128.9709930419922,130.46108474224513,127.25543176187765,127.51032472551074,134520300
2022-06-21,133.19619750976562,134.36278178825876,130.69639115129178,130.79441426737327,81000500
2022-06-22,132.6864471435547,135.04900927487205,131.2747825760473,132.13745484401576,73409200
2022-06-23,135.54898071289062,135.86267563561398,132.96093402675356,134.1275183400123,72433800
2022-06-24,138.87225341796875,139.117333627322,137.01944763359853,137.1468791706762,89116800
2022-06-27,138.87225341796875,140.66624234545563,138.19582964679236,139.89178050713437,70207900
2022-06-28,134.73533630371094,140.5976523771425,134.61770255675322,139.33304472180774,67083400
2022-06-29,136.49008178710938,137.90174634957765,133.98046254650382,134.75492447437682,66242400
2022-06-30,134.0294647216797,135.64698810352084,131.1375212724895,134.5490335635321,98964500
2022-07-01,136.1959686279297,136.3038045198631,132.9903302157903,133.36284196732555,71051600
2022-07-05,138.7742156982422,138.82323473193733,134.2353254229341,135.05880629688934,73353800
2022-07-06,140.10745239257812,141.28383440664965,138.30366564043456,138.56835645511603,74064300
2022-07-07,143.46998596191406,143.66604717243726,140.4603932776671,140.47019110271424,66253700
2022-07-08,144.1463623046875,144.646335480772,142.14651447587394,142.4013924960781,64547800
2022-07-11,142.01910400390625,143.75427642973983,140.95055766241197,142.80336382609462,63141600
2022-07-12,142.98959350585938,145.5286208059207,142.19553604555907,142.89155544175705,77588800
2022-07-13,142.6269073486328,143.56800712971256,139.3232154144063,140.17610485424197,71185600
2022-07-14,145.5482177734375,146.01876752832248,140.43094244372892,141.2446104323155,78140700
2022-07-15,147.2147674560547,147.89119117713278,145.28353435270415,146.83244295612025,76259900
2022-07-18,144.17576599121094,148.58720894116726,143.81303717687484,147.7735410020435,81420900
2022-07-19,148.0284423828125,148.25391198084102,144.01893385798232,145.0090524915063,82982400
2022-07-20,150.02830505371094,150.6949310490213,147.41085002655058,148.14609070693865,64823400
2022-07-21,152.29283142089844,152.50850317822432,148.9499341408544,151.4595528168205,65086600
2022-07-22,151.05764770507812,153.20455292364784,150.3910366563313,152.33206789895848,66675400
2022-07-25,149.94009399414062,151.98896129458768,149.28328071900498,150.97923186102722,53623900
2022-07-26,148.61666870117188,150.07733740905365,147.8324089141252,149.26366918886245,55138700
2022-07-27,153.70449829101562,154.23387992265205,149.16562296270044,149.57735592146827,78620700
2022-07-28,154.25350952148438,154.53779601902812,151.37136349671525,153.89078059336344,81378700
2022-07-29,159.31195068359375,160.40992030893383,156.36119003723385,158.06695385906744,101786900
2022-08-01,158.3316192626953,160.3706884793457,157.72382510643268,157.84145882480365,67829400
2022-08-02,156.86114501953125,159.21392420256825,156.48863324172908,156.94938527079637,59907000
2022-08-03,162.8607177734375,163.311657015849,157.58658648416494,157.67481177613547,82507500
2022-08-04,162.54702758789062,163.89987539598906,161.19417977979222,162.7430888021846,55474100
2022-08-05,162.32118225097656,162.81202342502937,160.0142227412148,160.2203826252019,56697000
2022-08-08,161.8500213623047,164.7361708864107,161.19229575323052,163.32254540690658,60276900
2022-08-09,161.89910888671875,162.78263230320212,160.25970057725633,161.0156004495246,63135500
2022-08-10,166.1399688720703,166.23812814464867,163.8428202002786,164.60853143111325,70170500
2022-08-11,165.40371704101562,167.85792369494868,165.10920924668594,166.94495103045548,57149200
2022-08-12,168.94760131835938,169.01631131920942,166.2970460032489,166.70936592550703,68039400
2022-08-15,170.01760864257812,170.21394216296972,168.21131628811554,168.3782005294128,54091700
2022-08-16,169.8605499267578,170.52810192661653,168.51564947224608,169.61512926108554,56377100
2022-08-17,171.3527069091797,172.92339013736907,169.4089794863745,169.60531301748716,79542000
2022-08-18,170.9600372314453,171.69629926083016,169.9489052427666,170.56737014082248,62290100
2022-08-19,168.37820434570312,170.55754092380556,168.1720444080825,169.86053968443733,70346300
2022-08-22,164.50059509277344,166.74864212900974,164.07846369670224,166.58175784940187,69026800
2022-08-23,164.16676330566406,165.61966421752064,163.59738564765863,164.01951691966545,54147100
2022-08-24,164.46127319335938,165.03065085876125,163.20472075222654,164.2551282502834,53841500
2022-08-25,166.91549682617188,167.0234825149317,165.26627719342727,165.68839353539587,51218200
2022-08-26,160.62289428710938,167.91680343416758,160.56399573070382,167.44560000363606,78961000
2022-08-29,158.42393493652344,159.91608162954805,156.89251255304256,158.19813716461735,73314000
2022-08-30,155.99917602539062,159.58231130465205,154.8309714061125,159.16019500251252,77906200
2022-08-31,154.3401641845703,157.63861884578063,154.26162776653078,157.37356030730842,87991100
2022-09-01,155.0666046142578,155.51817026416148,151.836860169279,153.77077627080038,74229900
2022-09-02,152.95596313476562,157.42262194968552,152.13135334781393,156.82379496598037,76957800
2022-09-06,151.6993865966797,154.2124912520568,150.8747769402501,153.60385293125665,73714800
2022-09-07,153.1032257080078,153.80021196934476,150.79626559392008,151.9841081371773,87449600
2022-09-08,151.6306915283203,153.49588236025656,149.88328282837716,151.80738719524012,84923800
2022-09-09,154.4873809814453,154.92915012061422,151.91537744584716,152.62219009337275,68028800
2022-09-12,160.43637084960938,161.2511691580026,156.38203213199495,156.6667134786447,104956000
2022-09-13,151.02203369140625,157.5993035102858,150.5606417135221,156.97102730327344,122656600
2022-09-14,152.46510314941406,154.22232317214238,150.79624593389804,151.95462406702927,87965400
2022-09-15,149.57899475097656,152.3964344091801,148.6071384221947,151.8172302065752,90481100
2022-09-16,147.93954467773438,148.5776472684102,145.65222273370736,148.44021232229758,162278800
2022-09-19,151.65032958984375,151.72886599832884,146.36888718799335,146.5750321533895,81474200
2022-09-20,154.0260009765625,155.18439428665013,150.27598106267698,150.59011171978128,107689800
2022-09-21,150.90423583984375,155.83228620825895,150.78643873263653,154.45792171393398,101696800
2022-09-22,149.9421844482422,151.64049091114813,148.1457037475465,149.588778163199,86652500
2022-09-23,147.6745147705078,148.69547312127722,145.83877299693037,148.4206031759059,96029900
2022-09-26,148.00830078125,150.95334879982894,146.89899456754617,146.91863241520423,93339400
2022-09-27,148.9801483154297,151.88593544780034,147.20330517830297,149.9422080635759,84442700
2022-09-28,147.09532165527344,147.8806707549768,142.1869085062377,144.93562286555536,146691400
2022-09-29,139.87013244628906,144.03247205665744,138.1031007730531,143.42383363893248,128138200
2022-09-30,135.66856384277344,140.4788186878684,135.4722302730186,138.69214875072967,124925300
2022-10-03,139.84068298339844,140.44933637961338,135.1678792129988,135.67835835777296,114311700
2022-10-04,143.423828125,143.54162523892447,141.61752082886468,142.3734205948832,87830100
2022-10-05,143.7183074951172,144.6803670999918,140.39040452379436,141.43100052371705,79471000
2022-10-06,142.76609802246094,144.83744897574383,142.55995305808347,143.13914221609966,68402200
2022-10-07,137.52392578125,140.47880029356153,136.8956494527264,139.9290453992253,85925600
2022-10-10,137.84786987304688,139.29094450363405,136.03176603772727,137.84786987304688,74899000
2022-10-11,136.43423461914062,138.76083241469453,135.68816128454225,137.33738075448184,77033700
2022-10-12,135.80596923828125,137.78897231294513,135.62927355780315,136.58150689181417,70433700
2022-10-13,140.3708038330078,140.9598044199806,131.90868942611982,132.5173428390662,113224000
2022-10-14,135.84519958496094,141.872728224266,135.6586775538603,141.6665683532382,88598000
2022-10-17,139.8014373779297,140.282452315822,137.7006369919499,138.48598615048115,85250900
2022-10-18,141.1168670654297,144.0128276023933,138.03438444661543,142.82500010106065,99136600
2022-10-19,141.22488403320312,142.2949146585481,138.9081120945048,139.09463421767856,61758300
2022-10-20,140.76348876953125,143.21769564184982,140.03703814278057,140.4002709458009,64522000
2022-10-21,144.5723876953125,145.14176534962488,140.03700430524796,140.25297565616944,86548600
2022-10-24,146.71243286132812,147.47814394112922,143.32563155001017,144.49383601206912,75981900
2022-10-25,149.54953002929688,149.69679141311283,146.62411995147127,147.34074408565283,74732300
2022-10-26,146.61427307128906,149.20591401942318,145.32825653907994,148.1947823413551,88194300
2022-10-27,142.1476593017578,146.3198108162611,141.48993368404496,145.35776595535313,109180200
2022-10-28,152.8872528076172,154.61500878306214,145.11232844918345,145.4853576495381,164762400
2022-10-31,150.5312042236328,151.4147275390832,149.13721674827332,150.35450854811523,97943200
2022-11-01,147.89047241210938,152.60255171953904,146.3983256985316,152.2393339638939,80379300
2022-11-02,142.37344360351562,149.3826576212183,142.34399432027527,146.22163806624556,93604600
2022-11-03,136.33607482910156,140.18426855678922,136.20845130657773,139.45781809061094,97918500
2022-11-04,136.0706024169922,140.28900066971147,132.13735779737468,139.71867839937045,140814800
2022-11-07,136.60159301757812,136.82775039724396,133.40583154940404,134.82180210827255,83374600
2022-11-08,137.1719207763672,139.0697043062685,135.19547054516553,138.06673762400212,89908500
2022-11-09,132.61920166015625,136.23779535819637,132.343875672757,136.18862678813056,74917800
2022-11-10,144.41885375976562,144.41885375976562,137.17185789658723,138.8828241062473,118854000
2022-11-11,147.20167541503906,147.5064994693465,141.9606252113591,143.3864383750097,93979700
2022-11-14,145.80535888671875,147.77198095425382,144.96953850636208,146.48384590068005,73374100
2022-11-15,147.5360107421875,151.02676861885655,146.08071431905194,149.67963703147598,89868300
2022-11-16,146.30682373046875,147.36880131400713,144.83185736513215,146.6411608430867,64218300
2022-11-17,148.2046661376953,148.95197725260945,143.71092672522755,143.98625266251898,80389400
2022-11-18,148.76513671875,150.15160903599656,147.46717380781297,149.76811828911318,74829600
2022-11-21,145.53985595703125,147.86047052115927,145.25470236836378,147.65398361312236,58724100
2022-11-22,147.67367553710938,147.9096756373434,144.47791399161687,145.65789948864827,51804100
2022-11-23,148.54881286621094,149.29612388958984,146.84767388557262,146.95583870512687,58301400
2022-11-25,145.63821411132812,146.3953678932279,144.66473067745702,145.83487333926465,35195900
2022-11-28,141.81312561035156,144.19273663104678,140.98714790150922,142.71777000634125,69246000
2022-11-29,138.81402587890625,142.39327767480953,138.007718580844,141.8819517027843,83763800
2022-11-30,145.55953979492188,146.23802684928043,138.2043770255708,139.04018245155586,111380900
2022-12-01,145.83489990234375,146.64122238912947,144.16327365419926,145.7365777725353,71250400
2022-12-02,145.34320068359375,145.53003217962117,143.21924526160134,143.52408428382984,65447400
2022-12-05,144.18292236328125,148.40132070138284,143.33727415278167,145.30389650239576,68826400
2022-12-06,140.5249786376953,144.84171332835018,139.55149534602168,144.61555599946504,64727200
2022-12-07,138.58787536621094,140.97731424983792,137.66356048798676,139.8170142991394,69721100
2022-12-08,140.26930236816406,141.1247931057231,138.7451823842777,139.98414879173407,62128300
2022-12-09,139.7875213623047,143.14061609699272,138.5485396692002,139.9645101732408,76097000
2022-12-12,142.0786590576172,142.08848676939797,138.70589340342949,140.318523379747,70462700
2022-12-13,143.04226684570312,147.4671667934874,141.83279839446703,147.00500937638787,93886200
2022-12-14,140.8199920654297,144.21241242784126,138.80420126905452,142.92427726159215,82291200
2022-12-15,134.22198486328125,139.43353745953314,133.7598273780729,138.75505030022137,98931900
2022-12-16,132.26516723632812,135.35276341025192,131.49818579850947,134.40879318099954,160156900
2022-12-19,130.160888671875,132.94366095306307,129.12842399506934,132.85516655290323,79592600
2022-12-20,130.09207153320312,131.02621414919912,127.72228799900502,129.19725476241064,77432800
2022-12-21,133.18948364257812,134.52678732015247,130.5345467103143,130.76070405901197,85928000
2022-12-22,130.0232391357422,132.31435609146064,128.12545567267372,132.10786913644063,77852100
2022-12-23,129.65939331054688,130.21004508793624,127.47644161865645,128.73507853958517,63814900
2022-12-27,127.85991668701172,129.21689054689435,126.5717817929533,129.18739241986506,69007800
2022-12-28,123.93653106689453,128.84325132058044,123.76936998157427,127.50594763388183,85438400
2022-12-29,127.44696044921875,128.30243635978945,125.59833816334043,125.85399366425621,75703700
2022-12-30,127.76160430908203,127.78127473228464,125.30333405560762,126.26698223669045,77034200
2023-01-03,122.98272705078125,128.7154254385632,122.0977455022682,128.1057773178633,112117500
2023-01-04,124.25120544433594,126.51282423450827,122.99256829233606,124.77235918676689,89113600
2023-01-05,122.93354034423828,125.63764564758301,122.67788488068354,125.00832719533365,80962700
2023-01-06,127.456787109375,128.11560378272642,122.80572954739813,123.90704074173942,87754700
2023-01-09,127.97794342041016,131.18354745345354,127.72228791640812,128.292610198386,70790800
2023-01-10,128.54824829101562,129.06940194282927,125.98180587179891,128.08609090104719,63896200
2023-01-11,131.26219177246094,131.28184718963053,128.28276062052532,129.05956971451124,69458900
2023-01-12,131.1835479736328,132.019353473187,129.2464237509339,131.6457054280313,71379600
2023-01-13,132.51100158691406,132.6683349676498,129.46274610687883,129.8265664212103,57809700
2023-01-17,133.6713104248047,134.99877137842552,131.89151977321038,132.5798345273993,63646600
2023-01-18,132.95346069335938,136.29671143241532,132.77645694611428,134.5365916913309,69672800
2023-01-19,133.0124969482422,133.9761376268957,131.53753029546903,131.84235433638028,58280400
2023-01-20,135.569091796875,135.71659745917918,131.98001240951498,133.02231973826562,80223600
2023-01-23,138.75503540039062,140.92815961902411,135.59860004292767,135.81492969380113,81760300
2023-01-24,140.1513214111328,140.77081216801105,137.95854199183503,137.9683697007518,66435100
2023-01-25,139.4925079345703,140.0529874380773,136.49340619294276,138.53869500355867,65799300
2023-01-26,141.55746459960938,141.8426182007582,139.53183124401355,140.78064047196506,54105100
2023-01-27,143.49456787109375,144.77287517943125,140.69214050710963,140.77080718806803,70555800
2023-01-30,140.61349487304688,143.12094131391822,140.46600420175812,142.54079133466578,64015300
2023-01-31,141.88194274902344,141.93111130163894,139.9054929686203,140.31848180314623,65874500
2023-02-01,143.00291442871094,144.16322923439725,138.96152054070433,141.56728874190614,77663600
2023-02-02,148.30300903320312,148.6569866770964,145.69722523392414,146.41503824093917,118339000
2023-02-03,151.9215545654297,154.75349514117664,145.36287177724367,145.5595309829737,154357300
2023-02-06,149.1977996826172,150.5449461888697,148.2636570715711,150.02379246889225,69858300
2023-02-07,152.0690460205078,152.63936822302708,148.12597415973434,148.12597415973434,83322600
2023-02-08,149.38462829589844,152.00023955919008,148.64714493246836,151.3119247541495,64120100
2023-02-09,148.35211181640625,151.75437415824857,147.90962490884843,151.21355015828513,56007100
2023-02-10,148.71653747558594,149.04152741969745,146.95372962642622,147.19009004770194,57450700
2023-02-13,151.5133819580078,151.9171435900277,148.62787403653363,148.6574172040706,62199000
2023-02-14,150.8732452392578,151.4345954776921,148.56878800441328,149.80964612462722,61707600
2023-02-15,152.9709014892578,153.1383177826238,150.55811427879883,150.78461690781828,65573800
2023-02-16,151.3755340576172,153.95573796607766,151.02100096105386,151.17855953849067,68167900
2023-02-17,150.23313903808594,150.67630162569367,148.55896091432058,150.03617955770974,59144100
2023-02-21,146.22496032714844,149.00213887625634,146.15603126407484,147.9188390818426,58867200
2023-02-22,146.64842224121094,147.67262055430007,144.9250004924314,146.60902132895072,51011300
2023-02-23,147.13095092773438,148.0566768897737,145.0037677901394,147.810473815914,48394200
2023-02-24,144.48182678222656,144.95453250364176,143.50685714395402,144.87574571223192,55469600
2023-02-27,145.6734619140625,146.90447752822308,145.21059884097443,145.46665970602933,44998500
2023-02-28,145.1711883544922,146.81582313308783,144.5999954030627,144.81665531660641,50547000
2023-03-01,143.1031036376953,144.99394185647634,142.80765687884437,144.600022862706,55479000
2023-03-02,143.69400024414062,144.48185327566276,141.7145174362223,142.1872382713636,52238100
2023-03-03,148.73622131347656,148.81500811176437,145.09241829817535,145.79162671403117,70732300
2023-03-06,151.4937286376953,153.92621703534178,151.12935277334321,151.45432771735832,87558000
2023-03-07,149.29757690429688,151.69066400049135,148.83471383986452,151.36567408118486,56182000
2023-03-08,150.54827880859375,151.13917230662574,149.52408044265695,150.48919246419973,47204800
2023-03-09,148.3029022216797,152.1929083670859,147.9483691410299,151.2277963802791,53833600
2023-03-10,146.24464416503906,148.64758887079853,145.36816171354923,147.92868001277867,68572400
2023-03-13,148.18475341796875,150.8142012619364,145.45681830298673,145.56514829028342,84457100
2023-03-14,150.27252197265625,151.07021762009597,147.82034869008896,148.98242012042218,73695900
2023-03-15,150.66648864746094,150.92253451978002,147.6431066809658,148.89382292012243,77167900
2023-03-16,153.48301696777344,154.08375312665916,149.33695019463687,149.84905684492745,76161100
2023-03-17,152.64593505859375,154.35951419092353,151.93686886777078,153.70953434482817,98944600
2023-03-20,155.00946044921875,155.4230948668754,151.80882025865256,152.71486085947325,73641400
2023-03-21,156.86094665527344,156.97911935630492,154.16255477435743,154.93072241220443,73938300
2023-03-22,155.43296813964844,159.6775078686916,155.41326768087632,156.880643804934,75701800
2023-03-23,156.5162353515625,159.0964541870748,155.28521978995877,156.41776312286146,67622100
2023-03-24,157.81619262695312,157.90482213956633,155.45264879499626,156.44730394409444,59196500
2023-03-27,155.87612915039062,158.3283178086609,155.4723523985585,157.51092158923748,52390300
2023-03-28,155.25567626953125,156.0829301456233,153.6110412861723,155.57082346557496,45992200
2023-03-29,158.32830810546875,158.60405440029712,156.92987617396892,156.94956160428092,51305700
2023-03-30,159.89413452148438,160.0024644815908,158.82069266127598,159.07673846378026,49501700
2023-03-31,162.39556884765625,162.49405610459849,159.45098920585787,159.97293860815142,68749800
2023-04-03,163.6462860107422,163.76445869825218,161.7259047034759,161.77514833228696,56976200
2023-04-04,163.11448669433594,164.30610131295074,162.60238002597387,164.06975594835677,46278300
2023-04-05,161.27288818359375,162.54330471265868,159.34266411557562,162.2380152446489,51511700
2023-04-06,162.1592254638672,162.45467221127325,159.53962067833683,159.96308282888376,45390100
2023-04-10,159.5691680908203,159.5691680908203,157.6487867222166,158.96843186504725,47716900
2023-04-11,158.3578338623047,159.8941387722609,158.0722298566841,159.88429605818737,47644200
2023-04-12,157.66847229003906,159.59869619161648,157.35332510698044,158.77145737665472,50133100
2023-04-13,163.04556274414062,163.28192316496492,158.9684394039646,159.17525665056672,68445600
2023-04-14,162.70083618164062,163.79397836508667,161.33194777417597,162.0902423767061,49386500
2023-04-17,162.72056579589844,162.87813940299813,161.53879379674336,162.58269264644778,41516200
2023-04-18,163.94175720214844,164.86748346446845,163.13420364495934,163.57738134329617,49923000
2023-04-19,165.0841064453125,165.60605581206516,163.0258371209191,163.28189796071484,47720200
2023-04-20,164.11900329589844,165.3204757933169,163.04556123695718,163.56751067945328,52456400
2023-04-21,162.5137481689453,163.9220227028112,161.991798793606,162.5432913390932,58337300
2023-04-24,162.81903076171875,163.08493430890758,161.40089854610392,162.49404087672,41949600
2023-04-25,161.28273010253906,163.78414697340926,161.24332919160244,162.68116189989732,48714100
2023-04-26,161.27288818359375,162.7698073781101,160.32747660698578,160.58352244501583,45498800
2023-04-27,165.85226440429688,165.9999802574992,162.6811671878293,162.6811671878293,64902300
2023-04-28,167.1029815673828,167.27041291997128,165.33033104891717,165.93106728858945,55275900
2023-05-01,167.0143585205078,167.86129792357815,166.07878959348815,166.70906903109534,52472900
2023-05-02,165.98028564453125,167.76280882251325,164.9954731830596,167.50674796522142,48425700
2023-05-03,164.90684509277344,168.32414556576836,164.6212560883793,166.925713661642,65136000
2023-05-04,163.27206420898438,164.50307988258416,161.81454585901537,162.38573893481126,81235400
2023-05-05,170.9338836669922,171.65279246173276,168.16654839153733,168.38320830672657,113453200
2023-05-08,170.86495971679688,171.20965008439242,169.49607101524845,169.86044681233003,55962800
2023-05-09,169.16123962402344,170.9043468501181,168.993823309898,170.42179836441701,45326900
2023-05-10,170.92404174804688,171.38690478906514,169.28924951921832,170.39224965147537,53724500
2023-05-11,171.11117553710938,171.9384144483228,169.5551699505623,171.20966280003566,49514700
2023-05-12,170.1841583251953,171.653548851867,168.6358569767775,171.21962961924467,45533100
2023-05-15,169.69105529785156,170.81529363826058,169.09934457223466,170.76598190315437,37266700
2023-05-16,169.69105529785156,170.74625419954612,169.42478396654107,169.61215953124739,42110300
2023-05-17,170.302490234375,170.53916250241704,168.06386972955488,169.3360433616003,57951600
2023-05-18,172.62985229492188,172.81722786089622,170.19400003291315,170.60819152451643,65496700
2023-05-19,172.7383270263672,173.951317433895,172.52136743505932,173.951317433895,55809500
2023-05-22,171.79161071777344,172.2945693897219,171.05197977463047,171.57465110395842,43570900
2023-05-23,169.18814086914062,170.9829861706954,168.91201313779877,170.7364424785807,50747300
2023-05-24,169.4642333984375,170.03621645106807,168.16249079935005,168.7246024757336,45143500
2023-05-25,170.59835815429688,171.49576564962197,169.31632809947834,170.02637505144457,56058300
2023-05-26,173.00460815429688,173.33991896491864,170.71669083708804,170.92379413047703,54835000
2023-05-30,174.84873962402344,176.5153769153671,174.12883646161984,174.51344390978926,55964400
2023-05-31,174.7994384765625,176.87041104464083,174.3162075312564,174.87833424607143,99625300
2023-06-01,177.6001739501953,177.62975798334406,174.4838587106697,175.24321733975688,68901800
2023-06-02,178.44827270507812,179.26679934554073,176.78163539298924,178.52716847079088,61996900
2023-06-05,177.09722900390625,182.39298156722955,175.57851175717974,180.10506441660397,121946500
2023-06-06,176.73236083984375,177.62976831057978,174.97695616659206,177.4818481362361,64848400
2023-06-07,175.3616180419922,178.7047501623627,174.86853061982643,175.97304163017088,61944600
2023-06-08,178.07354736328125,178.3398036598064,175.00654388250445,175.44044804834044,50214900
2023-06-09,178.45816040039062,179.71059129506313,178.13272098000036,178.99068805786467,48900000
2023-06-12,181.24900817871094,181.34763164971682,178.46800386072707,178.76385922591572,54274900
2023-06-13,180.77566528320312,181.60404834381112,179.91769818813273,180.2727216495119,54929100
2023-06-14,181.40682983398438,181.84074910193183,179.50351991974284,180.8348467124019,57462900
2023-06-15,183.43833923339844,183.94129793003785,181.23917400121888,181.4166932611595,65433200
2023-06-16,182.3634033203125,184.40479194393566,181.72239585614398,184.14837692000424,101256200
2023-06-20,182.45216369628906,183.52710548415504,181.86046794433722,181.86046794433722,49799100
2023-06-21,181.41668701171875,182.84663717983523,180.0656175699355,182.34367850052172,49515700
2023-06-22,184.41465759277344,184.46396933431626,181.13069423738702,181.19973368511316,51245300
2023-06-23,184.0990753173828,184.96691381940127,182.45216546765664,182.98470820219737,53117000
2023-06-26,182.7085723876953,185.4501365723536,182.6691169769034,184.24700235631448,48088700
2023-06-27,185.4599609375,185.78540030520836,183.10300465121298,183.3199642296852,50730800
2023-06-28,186.63357543945312,187.27458302156515,185.00639308619472,185.33181751858015,51216800
2023-06-29,186.9688262939453,187.4422009047134,186.32781886596203,186.4658826988121,46347300
2023-06-30,191.2882843017578,191.79122791985353,188.6157445714927,188.98063939826477,85213200
2023-07-03,189.79917907714844,191.19954526937022,189.10884478636748,191.10092178559267,31458200
2023-07-05,188.68478393554688,190.311965971159,187.98459336367247,188.92147125163748,46920300
2023-07-06,189.1581573486328,189.36526064633148,186.5842409083175,187.21539208287066,45094300
2023-07-07,188.04376220703125,190.0062550438309,187.60985803081866,188.7636804868427,46815000
2023-07-10,186.0023956298828,187.36332142042107,184.4540942539423,186.6434031135775,59922200
2023-07-11,185.47972106933594,186.68285528837708,184.02018687082855,186.5447914459214,46638100
2023-07-12,187.14634704589844,189.04965668897157,185.864317131752,187.0575799007695,60750200
2023-07-13,187.9056854248047,188.5467078881079,187.15619821079162,187.86624506525828,41342300
2023-07-14,188.05364990234375,188.53686585918993,187.00830716161786,187.6000029338883,41616200
2023-07-17,191.3080291748047,191.6334686208352,189.1581605746784,189.2469126832782,50520200
2023-07-18,191.05162048339844,191.6433313227349,189.75973403360663,190.67688432979497,48288200
2023-07-19,192.40267944335938,195.48939585264796,189.9865395225249,190.4303301514657,80507300
2023-07-20,190.4599151611328,193.7537348839622,189.8386203157028,192.39280905028917,59581200
2023-07-21,189.28639221191406,192.2745006314432,188.5862014877049,191.41653337667736,71951700
2023-07-24,190.0851593017578,192.21530010696893,189.59207198839397,190.73603816687742,45377800
2023-07-25,190.943115234375,191.75178560391285,190.2527960456413,190.65713123041024,37283200
2023-07-26,191.8109588623047,192.9351972994816,190.64728006234532,190.99243214213982,47471900
2023-07-27,190.54864501953125,194.47361545879667,189.88790988625553,193.30993672945922,47460200
2023-07-28,193.1226043701172,193.91154718487954,191.45596662398776,191.97863804110338,48291400
2023-07-31,193.73399353027344,193.77344894031904,192.56044337061044,193.34938604539337,38824100
2023-08-01,192.90562438964844,194.01013518521242,192.5801849485631,193.52691923606866,35175100
2023-08-02,189.91751098632812,192.48155598125388,189.19760772385698,192.3434921357412,50389300
2023-08-03,188.52700805664062,189.71041463976601,188.0536484329567,188.92148694956984,61235200
2023-08-04,179.4739227294922,184.78940327661547,179.40488328381886,182.95511789971007,115956800
2023-08-07,176.37733459472656,180.59816071157974,174.89807268327345,179.6119861039443,97576100
2023-08-08,177.31417846679688,177.77768168655697,175.1248698685598,177.20569866966517,67823000
2023-08-09,175.7264404296875,178.42854898853972,174.56274666920834,178.36938092489027,60378500
2023-08-10,175.509521484375,178.2510860859084,175.14464164213348,176.99863993985085,54686900
2023-08-11,175.56874084472656,176.3883728930982,174.34424265962002,175.10462674008653,52036700
2023-08-14,177.21788024902344,177.44500246999712,175.09473274674426,175.74649049543365,43675600
2023-08-15,175.2329864501953,177.23762299403361,174.8379899652799,176.6451282666605,43622600
2023-08-16,174.36398315429688,176.30935657463468,174.29485048513217,174.9169842350172,46964900
2023-08-17,171.82611083984375,175.29225282363015,171.31260330101006,174.92688028330798,66062900
2023-08-18,172.3099822998047,172.91236175457905,169.81159252872837,170.14734105941557,61172200
2023-08-21,173.6431121826172,173.92949746098708,171.56935789788312,172.88274314562352,46311900
2023-08-22,175.01576232910156,175.46013721394584,174.04801023595033,174.8478880423005,42038900
2023-08-23,178.8571319580078,179.28176749229362,176.1019960768648,176.28962468028294,52722800
2023-08-24,174.17636108398438,178.83739189345877,173.81097351698816,178.41275636104422,54945800
2023-08-25,176.37850952148438,176.91175631972774,173.62337343895007,175.16388093182096,51449600
2023-08-28,177.93878173828125,178.33377827348758,176.31927183489213,177.8400250704037,43820700
2023-08-29,181.81967163085938,182.5899254092932,177.25739693272806,177.45489519701718,53003900
2023-08-30,185.30555725097656,185.50307057198083,182.43192527543482,182.62942352828824,60813900
2023-08-31,185.52281188964844,186.75719481874472,185.13768501849643,185.4931879048022,60794500
2023-09-01,187.09295654296875,187.54720101813678,185.92769123419916,187.12258052751662,45766500
2023-09-05,187.3299560546875,187.60645663383806,185.26607135025952,185.92769881238064,45280000
2023-09-06,180.62477111816406,186.49056063180015,179.2027597126584,186.0461707664675,81755800
2023-09-07,175.3415985107422,175.98348658181322,171.37181936653653,172.9913289322691,112488800
2023-09-08,175.953857421875,177.9881329660241,175.56873058484743,176.121746745329,65551300
2023-09-11,177.119140625,178.0473990105972,175.12437356668377,177.82027676778657,58953100
2023-09-12,174.09738159179688,177.8795329175836,172.63587633671216,177.2475294233725,90370200
2023-09-13,172.033447265625,175.08483755067667,171.80631000965792,174.3046992801155,84267900
2023-09-14,173.5443572998047,173.89986015970092,171.4113401404273,171.82609096561458,60895800
2023-09-15,172.8234405517578,174.29483009436805,171.64832092677912,174.27507575289644,109259500
2023-09-18,175.7465057373047,177.13889330258442,173.96899129951683,174.27511585610648,67257600
2023-09-19,176.83274841308594,177.38574949277796,174.91698390976052,175.30211073798526,51826900
2023-09-20,173.29750061035156,177.45489404541186,173.20861358406935,177.0203888259045,58436200
2023-09-21,171.75698852539062,174.0973890433764,171.68787090976878,172.36925276684747,63149100
2023-09-22,172.60623168945312,174.8676297137013,171.87548661966315,172.48773574692532,56725400
2023-09-25,173.88009643554688,174.75897636563758,171.97420160197885,172.02357992644104,46172700
2023-09-26,169.8115692138672,173.01107959102313,169.51531434646242,172.63583748924898,64588900
2023-09-27,168.30068969726562,170.87808171574733,166.93794126401278,170.46333088230946,66921800
2023-09-28,168.55746459960938,169.8807195182162,165.5258128129139,167.2243249736919,56294400
2023-09-29,169.0709991455078,170.9077618887565,168.2118582205317,169.87087702160497,51861100
2023-10-02,171.57920837402344,172.12233981703872,168.79443355791753,169.08081880430257,52164500
2023-10-03,170.24607849121094,171.46072207785286,168.6858318118607,170.1078282132375,49594600
2023-10-04,171.4903564453125,172.03348795172127,168.8339619515459,168.9524578917983,53020300
2023-10-05,172.7247314453125,173.2579782200924,170.52258153582127,171.61871413723316,48527900
2023-10-06,175.27249145507812,175.76624458491796,171.016326818613,171.6285909459562,57266700
2023-10-09,176.75375366210938,176.81300162773064,173.60360623261292,174.60098214625398,42390800
2023-10-10,176.16127014160156,177.47465549196244,175.72676490471198,175.87489990900735,43698000
2023-10-11,177.5536346435547,177.60301297187604,175.3811238107674,175.9736185461729,47551100
2023-10-12,178.4522705078125,180.06189553412176,176.80312172309905,177.82026707710477,56743100
2023-10-13,176.6155242919922,179.65703072033497,175.91438812346496,179.15340788479125,51427100
2023-10-16,176.4871368408203,176.84263973108403,174.3047411678942,174.54174811745375,52517000
2023-10-17,174.93670654296875,176.19084355891263,172.61607615659224,174.44295347333787,57549400
2023-10-18,173.6431121826172,175.36137864838344,172.9222367694585,173.3863659573123,54764400
2023-10-19,173.2678680419922,175.61812287122567,173.00123711265553,173.84060845589931,59302900
2023-10-20,170.72010803222656,173.2283676109075,170.48310107616433,173.11974130623128,64244000
2023-10-23,170.83859252929688,171.8359684831129,167.80694090892598,168.77470794688867,55980100
2023-10-24,171.27310180664062,171.50022404547477,169.30795876796012,170.88797493724758,43816600
2023-10-25,168.96234130859375,170.89784530264086,168.51795139973865,169.73259505065448,57157000
2023-10-26,164.80491638183594,169.23882483986895,163.60015755926395,168.24143389027685,70625300
2023-10-27,166.11831665039062,166.8490767618186,164.7456834493569,164.82468576422622,58499100
2023-10-30,168.16246032714844,169.03147079181505,166.76020302980592,166.90833803254793,51131000
2023-10-31,168.63644409179688,168.764809656098,165.8022909489589,167.23418704526227,44846000
2023-11-01,171.7964630126953,172.0532092124064,167.99455793411695,168.86356825336904,56934900
2023-11-02,175.35150146484375,175.5588693503195,173.26786256268767,173.32711052996643,77334800
2023-11-03,174.44297790527344,174.61086723243213,171.1842192438163,172.06309922812656,79829200
2023-11-06,176.99075317382812,177.18825142381783,174.00849494223715,174.17636920813592,63841300
2023-11-07,179.54840087890625,180.1606499568927,176.73400192517136,176.9413698079054,70530000
2023-11-08,180.6050262451172,181.15802736111343,179.32126504404005,180.07177947416378,49340300
2023-11-09,180.13101196289062,181.81963914926845,179.5385022077218,180.67414339377055,53763500
2023-11-10,184.3136749267578,184.48178544542026,181.475802800193,181.9108804268445,66133400
2023-11-13,182.73159790039062,183.94782669363863,182.1482051958573,183.74018560328048,43627500
2023-11-14,185.34205627441406,186.0045554032819,184.21481647353394,185.59914075952597,60108400
2023-11-15,185.9056396484375,187.3789678351275,185.67821821290843,185.74744196041772,53790500
2023-11-16,187.58665466308594,188.82266388785246,186.5385061665612,187.4482222334322,54412900
2023-11-17,187.56683349609375,188.24911285385338,186.45937429973029,188.1205630942755,50922700
2023-11-20,189.30712890625,189.76198684131353,187.75470950144614,187.7645921414258,46505100
2023-11-21,188.5062255859375,189.37638084971888,187.61630503925363,189.2676114417462,38134500
2023-11-22,189.16873168945312,190.77059476808083,188.69410838615653,189.34672485819107,39617700
2023-11-24,187.8437042236328,188.76328767363577,187.13176183550132,188.733624664797,24048300
2023-11-27,187.6657257080078,188.53588093642713,186.78568783853885,187.79427548166112,40552600
2023-11-28,188.26893615722656,188.94133308224764,187.2801286877285,187.65588035429923,38415400
2023-11-29,187.25045776367188,189.9400151741752,186.85494082777598,188.7633319210795,43014200
2023-11-30,187.82394409179688,188.18981305356235,186.08364867108205,187.71517468500207,48794400
2023-12-01,189.09951782226562,189.4159283197641,187.11200544734405,188.19969953750024,45704800
2023-12-04,187.3097381591797,187.92280887485518,185.35190415389414,187.85358512953687,43389500
2023-12-05,191.255126953125,192.2241539878595,188.05138552105933,188.0810636242485,66628400
2023-12-06,190.1674346923828,192.58011192579394,189.95977851245675,192.27358406476233,41089700
2023-12-07,192.09559631347656,192.81742141001197,191.42319951100376,191.46276025185608,47477700
2023-12-08,193.51951599121094,193.79638087491043,191.50234030939515,192.02640705982665,53406400
2023-12-11,191.017822265625,191.32436525918584,189.2775265277558,190.94861358759854,60943700
2023-12-12,192.53067016601562,192.54055280703432,189.57413099725628,190.9189094878757,52696900
2023-12-13,195.7443084716797,195.78385412672148,192.66911702808835,192.90642113434447,70404200
2023-12-14,195.89263916015625,197.38573293709894,193.96446770304377,195.80365011321348,66831600
2023-12-15,195.35867309570312,196.1793699091571,194.79504567055722,195.3191123528845,128538400
2023-12-18,193.69747924804688,194.42920214917604,192.21426816132805,193.89523770867535,55751900
2023-12-19,194.7357177734375,194.7456004150459,193.69746706046115,193.96444926391277,40714100
2023-12-20,192.64935302734375,195.46744514462725,192.64935302734375,194.69617655774934,52242800
2023-12-21,192.50099182128906,194.87413831888384,191.33420648650613,193.90511142023345,46482500
2023-12-22,191.43310546875,193.2228443252002,190.81015202156473,192.9954077755279,37149600
2023-12-26,190.88925170898438,191.719846217368,190.6717128965979,191.44298138124012,28919300
2023-12-27,190.98812866210938,191.33421726083122,188.95118798803827,190.33552729492325,48087700
2023-12-28,191.41331481933594,192.48122849088116,191.00790021395272,191.96704448132198,34049900
2023-12-29,190.37509155273438,192.22415660179112,189.58404259835586,191.72975289130503,42672100
2024-01-02,183.56219482421875,186.33085840634024,181.83178197139316,185.05528848269014,82488700
2024-01-03,182.187744140625,183.79950485996184,181.37691491631995,182.15808112880916,58414500
2024-01-04,179.8739471435547,181.04073256447913,178.85547678867908,180.1112512492328,71983600
2024-01-05,179.152099609375,180.7144169560074,178.15340966673114,179.95304619735901,62379700
2024-01-08,183.48309326171875,183.52265400582175,179.46853775144191,180.05193047893468,59144500
2024-01-09,183.0677947998047,183.07767744176536,180.68476543102267,181.8614486084712,42841800
2024-01-10,184.10601806640625,184.31365913260458,181.8614214601624,182.28661640904596,46792900
2024-01-11,183.5127410888672,184.9564063690912,181.5647895230864,184.4521049955326,49128400
2024-01-12,183.83905029296875,184.64987951630312,183.11722519297732,183.97748271061099,40477800
2024-01-16,181.57467651367188,182.19761480887055,178.90488492167398,180.1211286782067,65603000
2024-01-17,180.6352996826172,180.88250149305736,178.2819487070673,179.24109293861534,47317400
2024-01-18,186.51870727539062,187.0229935165519,183.75004409317066,184.00712853391946,78005800
2024-01-19,189.41590881347656,189.80154302609114,186.7065866846462,187.21087293560348,68903000
2024-01-22,191.71983337402344,193.14371820043874,190.1080727596782,190.14763349819026,60133900
2024-01-23,192.99542236328125,193.55904982724218,191.66054141727486,192.83722464512005,42355600
2024-01-24,192.32302856445312,194.18199120084623,192.16481576816378,193.23272951111284,53631300
2024-01-25,191.9967041015625,194.07320538533628,190.9485708187439,193.0349547434494,54822100
2024-01-26,190.26629638671875,192.58010181757646,189.7916731135176,192.09559590318426,44594000
2024-01-29,189.58401489257812,190.04875551955823,187.4580852833725,189.86087972294905,47145600
2024-01-30,185.9353485107422,189.65327422408475,185.37173610317973,188.80289920326751,55859400
2024-01-31,182.33607482910156,185.00586682539145,182.28664653050623,184.94652570867123,55467800
2024-02-01,184.76853942871094,184.85752846784007,181.76257176566293,181.93066720224104,64885400
2024-02-02,183.76983642578125,185.2332669548565,177.24370243482153,177.84687547061628,102551700
2024-02-05,185.579345703125,187.1317803970082,183.75994390321247,186.0440863383638,69668800
2024-02-06,187.18124389648438,187.1911265388062,184.67956238073768,184.76855142564483,43490800
2024-02-07,187.29000854492188,188.91165203661865,186.49895962721544,188.50623739169367,53439000
2024-02-08,186.2122039794922,187.418535043408,185.2530596605407,187.27021997882892,40962000
2024-02-09,186.9745635986328,188.10324181676,186.1329987846296,186.77653768433356,45155200
2024-02-12,185.2914276123047,186.79633688725167,184.93500212895557,186.54881961012742,41781900
2024-02-13,183.20237731933594,184.36077144619387,181.68757282391297,183.92513863049606,56529500
2024-02-14,182.32122802734375,183.68752828939827,180.62821823999963,183.47962222785034,54630500
2024-02-15,182.03408813476562,182.65783644316613,179.5490203671251,181.72716915991907,65434500
2024-02-16,180.49949645996094,183.0142804515248,179.86585283584154,181.5984737728991,49752500
2024-02-20,179.75694274902344,180.6182980286837,178.2124373755958,179.98465441119404,53665600
2024-02-21,180.50941467285156,181.07374623255754,178.8658962581704,180.13318356154335,41371400
2024-02-22,182.5390167236328,183.12316891523534,180.6479964148563,181.65785591778803,52292200
2024-02-23,180.70742797851562,183.2023913936763,180.42029946099493,183.17269052734747,45119700
2024-02-26,179.36093139648438,180.94503297704767,178.85598645977296,180.4302078946742,40867400
2024-02-27,180.8163299560547,182.09351248592515,177.77681047698752,179.30152539649055,54318900
2024-02-28,179.61830139160156,181.3014155316966,178.34111913385524,180.6974728870872,48953900
2024-02-29,178.95498657226562,180.75691955299587,177.74710108364005,179.4698267249393,136682600
2024-03-01,177.87582397460938,178.7371792855814,175.61846756104012,177.76691576574171,73563100
2024-03-04,173.361083984375,175.14319605787904,172.06408093389737,174.40064432483445,81510100
2024-03-05,168.43055725097656,170.33148818677603,167.93552268101038,169.06420089624305,95132400
2024-03-06,167.44046020507812,169.53941670485264,167.00482743895031,169.36119643359416,68587700
2024-03-07,167.32167053222656,169.0344857697736,166.81674075207243,167.47017484778516,71765100
2024-03-08,169.03445434570312,171.9749601051527,167.26223771139365,167.3216394265741,76267000
2024-03-11,171.03443908691406,172.6482565736913,170.34139373001014,171.2225546353428,60139500
2024-03-12,171.50965881347656,172.3017170819102,169.31170429451927,171.43045147590772,59825400
2024-03-13,169.43052673339844,171.4700666239107,169.06419090034882,171.05423942259554,52488700
2024-03-14,171.2819366455078,172.57892461566286,170.34137411890524,171.1928340614332,72913500
2024-03-15,170.90573120117188,170.90573120117188,168.5988682774061,169.47013396047814,121752700
2024-03-18,171.99481201171875,175.94519331439105,171.79680120539754,173.82644596151624,75604200
2024-03-19,174.3313446044922,174.85607994565953,171.31163124958826,172.6086191723699,55215200
2024-03-20,176.89564514160156,176.89564514160156,173.35119593354977,173.97494430389506,53423100
2024-03-21,169.66815185546875,175.72738555690037,169.14341639458797,175.2917526971676,106181300
2024-03-22,170.56907653808594,171.33143385532912,168.37112227286767,170.05423645695066,71160100
2024-03-25,169.15330505371094,170.2324767040703,167.76719930445816,168.87608692531137,54288300
2024-03-26,168.0246124267578,169.71762191427138,167.89589862566189,168.3117257823714,57388400
2024-03-27,171.58885192871094,171.87598039200594,168.42063422483255,168.7176579392829,60273300
2024-03-28,169.77703857421875,170.51959037094832,168.81667037520143,170.0443614510728,65672700
2024-04-01,168.34144592285156,169.54933141950085,167.79690490268092,169.48992969134684,46240500
2024-04-02,167.1632537841797,167.65828830624176,166.55931106297376,167.40087579338118,49329500
2024-04-03,167.96519470214844,168.98496453257434,166.90582876011774,167.11373478373662,47691700
2024-04-04,167.14346313476562,170.21266810452119,167.14346313476562,168.59885072968464,53704400
2024-04-05,167.89593505859375,168.69788868535903,167.27218663455102,167.90583031188157,42104800
2024-04-08,166.77716064453125,167.51971257536823,166.5692545639612,167.35140261724945,37425500
2024-04-09,167.9849853515625,168.3909172188155,166.67810228343993,167.02461732769677,42373800
2024-04-10,166.11378479003906,167.4107728345435,165.45044033625643,167.12365945587084,49709300
2024-04-11,173.30169677734375,173.7175391133101,166.49003132152566,166.66823651643443,91070300
2024-04-12,174.7967071533203,176.58872985356905,172.47994902506244,172.52944039553972,101670900
2024-04-15,170.97499084472656,174.87586450170738,170.78687534747343,173.61847284158247,73531800
2024-04-16,167.69790649414062,172.0343988146065,166.59892920522176,170.04436539186383,73711200
2024-04-17,166.3316192626953,168.95529649982927,166.3316192626953,167.92563121825307,50901200
2024-04-18,165.38113403320312,166.96525061902096,164.89600984807865,166.36130787024413,43122900
2024-04-19,163.3614044189453,164.7474951408098,162.4505426435407,164.55939469854349,68149400
2024-04-22,164.1930389404297,165.59893510418706,163.13367296874276,163.8762247169617,48116400
2024-04-23,165.24252319335938,165.39104261951863,163.28219064755024,163.70792820716713,49537800
2024-04-24,167.3414764404297,167.6186945681344,164.55938480415762,164.88609429896647,48251800
2024-04-25,168.2028350830078,168.9156860278579,166.4801094484109,167.84640961058278,50558300
2024-04-26,167.6186981201172,169.63843239437367,167.49987955768663,168.19293999888993,44838400
2024-04-29,171.77696228027344,174.2818355072499,171.38094074443057,171.64824848286057,68169400
2024-04-30,168.6384735107422,173.2521991943247,168.31174889120035,171.60868084411632,65934800
2024-05-01,167.6186981201172,170.99483730573115,167.43058257791944,167.8959162536964,50383100
2024-05-02,171.3116455078125,171.69777183075684,169.19289835753364,170.79680537480178,94214900
2024-05-03,181.55885314941406,185.14289799826793,180.84600228009177,184.796367814728,163224100
2024-05-06,179.90548706054688,182.37074978323574,178.62828928930975,180.53913076567568,78569700
2024-05-07,180.5885772705078,183.0637497391675,179.5193160584302,181.62815272879564,77305800
2024-05-08,180.92523193359375,181.25195654794928,179.6480343404535,181.03414013837894,45057100
2024-05-09,182.737060546875,182.82616313989396,180.30148392023486,180.74701199258516,48983000
2024-05-10,181.47796630859375,183.50044009541958,180.56586910059414,183.31206939842306,50759500
2024-05-13,184.68020629882812,185.4931713127623,183.03445892506747,183.84742393900163,72044800
2024-05-14,185.8203125,186.68285108112164,184.69010361608505,185.8996272619275,52393600
2024-05-15,188.09068298339844,189.01268886802714,185.76085876781028,186.2962297111884,70400000
2024-05-16,188.20962524414062,189.45881387860598,188.03117836935675,188.83421956137332,52845200
2024-05-17,188.23936462402344,189.17129419091543,187.55528802161362,187.88245575005936,41282900
2024-05-20,189.3993377685547,190.2717851507536,187.38677266186554,187.70403175639103,44361300
2024-05-21,190.69808959960938,191.07481584379752,189.28036268210627,189.44890089382775,42309400
2024-05-22,189.26052856445312,191.16405275409193,188.63594934473116,190.61877317517173,34648500
2024-05-23,185.27505493164062,189.35966699130785,185.0272019643745,189.33983451815809,51005900
2024-05-24,188.34841918945312,188.94327235106317,186.4250777783575,187.19839293954828,36327000
2024-05-28,188.3583526611328,191.34249703943843,187.47599667367734,189.86528785982966,52280100
2024-05-29,188.65579223632812,190.59896650948673,187.88249204796585,187.98163930401122,53068000
2024-05-30,189.64718627929688,190.52954231443272,188.99286588586446,189.12173915319045,49889100
2024-05-31,190.5989532470703,190.9162123421418,188.27905284340878,189.7959119633218,75158300
2024-06-03,192.3636474609375,193.31540952983562,190.86662095571478,191.24334718637152,50080500
2024-06-04,192.680908203125,193.64257895328527,191.37223723797064,192.96841099700254,47471400
2024-06-05,194.18785095214844,195.20900403542353,193.19643901671662,193.72188613227584,54156800
2024-06-06,192.80979919433594,194.8124556459051,192.5024638984892,194.0094143560484,41181800
2024-06-07,195.19908142089844,195.2486550396786,192.4726987931798,192.9783133981505,53103900
2024-06-10,191.4614715576172,195.60558138834554,190.49980075281104,195.20900753042525,97010200
2024-06-11,205.3709716796875,205.38089548057218,191.96709351098235,191.98691085726122,172373300
2024-06-12,211.24014282226562,218.30889945026047,205.1231180281253,205.58908283581826,198134300
2024-06-13,212.4000701904297,214.88850837078886,209.78274363476027,212.8957760920924,97862700
2024-06-14,210.66514587402344,213.32212283006638,209.48536314811375,212.01346682824212,70122700
2024-06-17,214.80921936035156,217.06963733267014,210.8931452933454,211.5375569916551,93728300
2024-06-18,212.44964599609375,216.7523850703462,211.17073132176122,215.7213082393038,79943300
2024-06-20,207.87925720214844,212.40010854906527,207.0563985691976,212.09275812722348,86172500
2024-06-21,205.70806884765625,210.07027533194446,205.33132746963062,208.58315742215362,241805100
2024-06-24,206.35247802734375,210.87331399723786,204.8157865138524,205.93608683303725,80727000
2024-06-25,207.27450561523438,209.5646648210329,206.81844945769743,207.35380525957078,55549700
2024-06-26,211.41859436035156,213.01476817493463,208.8310086144187,209.68362348048936,66213200
2024-06-27,212.26129150390625,213.88720639689362,210.52632069800987,212.84622088780682,49772700
2024-06-28,208.81118774414062,214.2143951724623,208.49394377490637,213.91696855097956,82542700
2024-07-01,214.88853454589844,215.64200216221636,210.10001313722785,210.26855134899324,60402900
2024-07-02,218.37831115722656,218.4873670751859,213.25271326862932,214.2936836981781,58046200
2024-07-03,219.64730834960938,219.64730834960938,217.14894613859082,218.11061688690268,37369800
2024-07-05,224.3961639404297,224.5052198536283,219.7464397478406,219.7464397478406,60412400
2024-07-08,225.86346435546875,225.89320550199054,221.3327047505454,225.13972278278513,59085900
2024-07-09,226.71607971191406,227.42989753320916,224.4259205051531,225.97252074204383,48076100
2024-07-10,230.97914123535156,231.07828847688273,227.28117906796422,227.3307526887298,62627700
2024-07-11,225.61563110351562,230.39422897123262,223.83108651749725,229.40281699319425,64710600
2024-07-12,228.56008911132812,230.64206011910093,226.71606240173486,226.9540066999144,53046500
2024-07-15,232.38694763183594,235.1926451763578,231.08820043911544,234.44908623752588,62631300
2024-07-16,232.80337524414062,234.2409196318231,230.3347538954296,232.98182214446476,43234300
2024-07-17,226.9143829345703,229.47222770464353,224.6936146131452,227.4794799069808,57345900
2024-07-18,222.25469970703125,228.46094752609622,220.36111458394757,228.30231800055432,66034600
2024-07-19,222.38360595703125,224.8522270905052,221.36245288688534,222.88923571935766,49151500
2024-07-22,222.03660583496094,225.8237912569016,221.17406723372827,225.06039989232605,48201800
2024-07-23,223.07760620117188,224.9910392063895,220.7676144514488,222.44310313331528,39960300
2024-07-24,216.6631622314453,222.86941075843336,215.26528287042115,222.07627816799848,61777600
2024-07-25,215.62217712402344,218.95332167523742,212.77681471652627,217.0497975364767,51391200
2024-07-26,216.08816528320312,217.60502442671483,214.15489978899527,216.82180047841348,41601300
2024-07-29,216.36573791503906,217.41663210574902,213.89711684474761,215.0967318967012,36311800
2024-07-30,216.92092895507812,218.43778796730905,214.2639371695869,217.3075789949067,41643800
2024-07-31,220.17276000976562,221.89782218872546,218.7352157578384,219.53825698895486,50036300
2024-08-01,216.48471069335938,222.55214689360594,215.15622233135366,222.44309097566543,62501000
2024-08-02,217.97183227539062,223.66254232334134,215.84030263063204,217.2679231335739,105568600
2024-08-05,207.47279357910156,211.6664621054212,194.3167520967801,197.3802115476467,119548600
2024-08-06,205.4502716064453,208.18657796978488,199.3431861620261,203.53685401433648,69660500
2024-08-07,208.01808166503906,211.8052677945223,204.61753049861642,205.12314519344287,63516400
2024-08-08,211.4780731201172,212.36042911915672,207.03655197769595,211.27979376271134,47161100
2024-08-09,214.3829345703125,214.91829038971974,210.1496011292121,210.27848952903548,42201600
2024-08-12,215.91146850585938,217.8767320905019,213.9958359256548,214.4623401059105,38028100
2024-08-13,219.6236572265625,220.2390393048837,217.380462936734,217.380462936734,44155300
2024-08-14,220.07028198242188,221.37053243582614,218.06530765715263,218.9288446755302,41960600
2024-08-15,223.04795837402344,223.67327566716008,221.1025352094067,222.9288560878089,46414000
2024-08-16,224.36807250976562,225.14226768918678,221.98592068094572,222.25391598005478,44340200
2024-08-19,224.20925903320312,224.30852103873067,221.38045847347976,224.0405257400108,40687800
2024-08-20,224.82464599609375,225.47973889834265,223.7725353535306,224.0901616619868,30299000
2024-08-21,224.7154541015625,226.2836998547364,223.37550792716294,224.83457153469638,34765500
2024-08-22,222.859375,226.64102413052154,222.2340576918725,226.09511339685906,43695300
2024-08-23,225.15219116210938,226.52192810531062,222.66087229355688,223.98097823318813,38677300
2024-08-26,225.48965454101562,225.58891654674125,222.22414052811973,225.0727813784282,30602200
2024-08-27,226.33334350585938,227.14724957253156,223.21670725505913,224.31844891527626,35934600
2024-08-28,224.8048095703125,228.149730282918,224.00082364270057,226.22416240429726,38052200
2024-08-29,228.0802459716797,231.18696212304621,227.1770283167567,228.3879521456165,51906300
2024-08-30,227.29612731933594,228.68570457235603,225.78743262658827,228.4772755570311,52990800
2024-09-03,221.1124725341797,227.29611365629745,219.52437135882835,226.84946493362216,50190600
2024-09-04,219.20675659179688,220.1298295937355,215.86182100754215,220.01072730838987,43840200
2024-09-05,220.7253875732422,223.80231295165626,219.87178579311316,219.9809679444758,36615400
2024-09-06,219.17698669433594,223.56409767944487,218.13479623481732,222.28368749781316,48423000
2024-09-09,219.26632690429688,219.6236489368284,215.09757995493325,219.17700018247805,67180000
2024-09-10,218.47225952148438,219.83206111139577,215.1174037589381,217.29111136152258,51591000
2024-09-11,221.00331115722656,221.4301044903715,216.26879790334314,219.81224273641337,44587100
2024-09-12,221.1124725341797,221.88666769221828,218.18442519080247,220.8444772424724,37455600
2024-09-13,220.844482421875,222.37301734416337,220.25887596851652,221.91644846858938,36766600
2024-09-16,214.71047973632812,215.60377723416104,212.32832783334672,214.92882889414335,59357400
2024-09-17,215.17698669433594,215.28616885496612,212.9040318988166,214.14473138540643,45519300
2024-09-18,219.04795837402344,221.05293280374121,215.92138686335736,215.9313221513165,59894900
2024-09-19,227.16709899902344,228.11004268622213,222.95865620671253,223.31597824995185,66781300
2024-09-20,226.50205993652344,231.35567496568984,225.9263736470506,228.25889437635817,318679900
2024-09-23,224.7849578857422,227.74278104335218,224.12986496132828,225.64847983003366,54146000
2024-09-24,225.67823791503906,227.64351653597865,224.05044101841318,226.94871280288095,43556100
2024-09-25,224.6856689453125,225.59882178569194,222.35316341740713,223.25638097071698,42308700
2024-09-26,225.8271484375,226.79985253593196,223.73284722402752,225.608784129346,36636700
2024-09-27,226.09510803222656,227.81224676693589,225.60876359989413,226.76013618443497,34026000
2024-09-30,231.26637268066406,231.26637268066406,227.94129216556473,228.32838978012126,54541900
2024-10-01,224.5269012451172,227.94129335648356,222.0752779583648,227.81227091446172,63285000
2024-10-02,225.09263610839844,225.67824256269316,221.360617941662,224.20925878310885,32880600
2024-10-03,223.9908905029297,225.12240767637772,221.65838486968212,223.46483520314058,34044200
2024-10-04,225.11248779296875,226.3035561118749,222.46235586119454,226.20429410810965,37245100
2024-10-07,220.04052734375,224.01076551273388,219.68320530273118,222.8296172342201,39505400
2024-10-08,224.09014892578125,224.29857792676054,221.58889489724396,222.63108533790577,31855700
2024-10-09,227.83209228515625,228.0405364361267,223.15714569962594,223.55416342639623,33591100
2024-10-10,227.3358154296875,227.7923994519787,225.47973405841245,226.0851959438118,28183500
2024-10-11,225.85691833496094,227.70307961960657,225.6484741750507,227.5938974682738,31759200
2024-10-14,229.5790252685547,230.00581860221664,226.89911753216435,226.99836439928595,39882100
2024-10-15,232.11004638671875,235.7229623804217,230.6410474142004,231.87182665313995,64751400
2024-10-16,230.055419921875,230.39288648800354,228.1298522341637,229.87676649695567,34082200
2024-10-17,230.4226837158203,232.11004699556463,228.8048220166126,231.69315867439417,32993800
2024-10-18,233.25149536132812,234.4227083661851,232.2688559498539,234.4227083661851,46431500
2024-10-21,234.720458984375,235.08771628667242,232.7055644739604,232.7055644739604,36254500
2024-10-22,234.10508728027344,234.4624093106695,230.86934872103873,232.14974382855843,38846600
2024-10-23,229.04302978515625,233.39044533687328,226.0653512199268,232.33833466706656,52287000
2024-10-24,228.8544464111328,229.10258628095696,226.71051430099084,228.26882480795348,31109500
2024-10-25,229.68820190429688,231.484732210271,227.86189602437614,228.03062932515897,38802300
2024-10-28,231.6633758544922,232.98348177622344,230.81970938626554,231.5839844241638,36087100
2024-10-29,231.93136596679688,232.5864588417728,230.59141979007921,231.36561495313973,35417200
2024-10-30,228.387939453125,231.7328600109945,227.8420287171323,230.87925826342104,47070900
2024-10-31,224.22911071777344,228.11994197442104,223.693120129287,227.63358238786932,64370100
2024-11-01,221.25143432617188,223.67328184782377,218.6310779402587,219.32586653780092,65276700
2024-11-04,220.35812377929688,221.13231895883285,218.0752491010658,219.34572401852256,44944500
2024-11-05,221.78738403320312,222.28366370888506,219.49457435479323,220.14966716155428,28111300
2024-11-06,221.06285095214844,224.387931303672,219.54423614319148,220.95366880237512,54561100
2024-11-07,225.7874298095703,226.18446269494834,222.89909318788202,222.95864433437472,42137700
2024-11-08,225.5191650390625,227.20836966100222,224.97265364792685,225.72782337627459,38328800
2024-11-11,222.80645751953125,224.26712634517858,220.0937933412938,223.5715733715174,42005600
2024-11-12,222.80645751953125,224.15782408060912,221.94198562097503,223.1244332571579,40398300
2024-11-13,223.69082641601562,225.2111120360391,221.34580821096,222.58787261698694,48566200
2024-11-14,226.77114868164062,227.41701609796436,223.57158960851197,223.59146688403666,44923900
2024-11-15,223.57159423828125,225.47940335635096,222.8462328667566,224.96270031544069,47923700
2024-11-18,226.57241821289062,228.28149999782985,223.74050538640262,223.8199993254601,44633700
2024-11-19,226.83074951171875,228.69881907074455,225.22103903072198,225.53899960732684,36211800
2024-11-20,227.54620361328125,228.4702922716314,224.45594670445817,226.61216873586113,35169600
2024-11-21,227.0692596435547,228.6988476019872,224.27710117470866,227.42697481306035,42108300
2024-11-22,228.41065979003906,229.25526960886552,226.6121530455377,226.6121530455377,38168300
2024-11-25,231.3916015625,231.76919395430343,228.28148292479264,229.99056458191066,90152800
2024-11-26,233.56771850585938,234.07449047305911,231.84870566104107,231.84870566104107,45986200
2024-11-27,233.43853759765625,234.1937224347506,232.32565277909848,232.9814664022851,33498400
2024-11-29,235.8233184814453,236.3002669685808,232.48464874765904,233.31931239062584,28481400
2024-12-02,238.06895446777344,239.26133321145704,235.654388648958,235.76369091824088,48137100
2024-12-03,241.10952758789062,241.21882985808793,237.3833345065081,238.28756099978403,38861000
2024-12-04,241.4672393798828,242.5602620666903,239.71841824290905,241.32812877991805,44383900
2024-12-05,241.4970703125,242.98754766386446,240.59285890906452,242.44105143123323,40033900
2024-12-06,241.29832458496094,243.0769692456264,240.5431549096241,241.36788746709487,36870600
2024-12-09,245.1835174560547,245.67041216886827,240.21525975684386,240.29475369946152,44649200
2024-12-10,246.19705200195312,246.63426111556626,243.78247081974237,245.3226337747269,36914800
2024-12-11,244.92515563964844,249.2077910379196,244.69660488558225,246.38582450957213,45205800
2024-12-12,246.38583374023438,247.1608807008323,244.12029436088807,245.32261935264157,32777500
2024-12-13,246.5547637939453,247.7073880681415,244.676762972136,246.24673423955153,33155300
2024-12-16,249.44625854492188,249.78411156803347,246.07778066556844,246.41563368868003,51694800
2024-12-17,251.8707733154297,252.21855739876366,248.19426586582333,248.49236434269267,51356400
2024-12-18,246.47528076171875,252.66572594292316,246.16725119368886,250.55918941684527,56774100
2024-12-19,248.20420837402344,250.4001849209636,245.52135228225407,245.92875304737495,60882300
2024-12-20,252.87437438964844,253.38113119374523,244.13023820234332,246.46531011815415,147495300
2024-12-23,253.64939880371094,254.02697602810866,251.84094596601008,253.15257310041957,40858800
2024-12-24,256.56085205078125,256.5707679464462,253.6693071300515,253.86804957710976,23234700
2024-12-26,257.3755798339844,258.44874034869076,255.99442012888886,256.55086249805703,27237100
2024-12-27,253.96737670898438,257.05764856283577,251.45343969164696,256.19314630806485,42355300
2024-12-30,250.59890747070312,251.890657464443,249.15811581542044,250.6287158030117,35557500
2024-12-31,248.8302001953125,251.6720440162376,247.84647977817443,250.83738041728796,39480700
2025-01-02,242.30191040039062,247.51858047528103,240.28479918438643,247.34964638751123,55740700
2025-01-03,241.8150177001953,242.6298040057451,240.3543488544026,241.8150177001953,40244100
2025-01-06,243.44461059570312,245.75982034447205,241.65603491404494,242.75898865424097,45045600
2025-01-07,240.67234802246094,243.9911405526811,239.81780708502322,241.4374487975533,40856000
2025-01-08,241.1592254638672,242.1628232218062,238.52605495049286,240.38417847646193,37628900
2025-01-10,235.3463592529297,238.63534322792128,231.52079498772144,238.48628640867517,61710900
2025-01-13,232.91189575195312,233.180185891021,228.26161420500546,232.04742383507855,49630700
2025-01-14,231.79901123046875,234.62097773623856,230.9941559742804,233.2596800887061,39435300
2025-01-15,236.35987854003906,237.4429702030776,232.94171493841435,233.1503884256181,39832000
2025-01-16,226.81089782714844,236.4990004602556,226.58236221549976,235.8432019589194,71759100
2025-01-17,228.5199737548828,230.8153063545454,227.02949646555186,230.6463874145182,68488300
2025-01-21,221.22657775878906,222.99527628303537,217.9872792040061,222.57794445660952,98070400
2025-01-22,222.40902709960938,222.6971793763667,218.39466636780546,218.39466636780546,64126500
2025-01-23,222.24009704589844,225.58869773276695,220.88873040600683,223.3132424800993,60234800
2025-01-24,221.36569213867188,224.19760513427786,220.00439436057442,223.35299524803202,54697900
2025-01-27,228.40074157714844,230.67619691244207,222.55806572164707,222.59782027357136,94863400
2025-01-28,236.74742126464844,238.66517670855166,229.34471998625472,229.38447454034346,75707600
2025-01-29,237.8404083251953,238.33723404319062,232.52436707787834,232.63366934231402,45486100
2025-01-30,236.08164978027344,239.26133146080375,235.7040725307193,237.1547951903121,55658300
2025-01-31,234.5017547607422,245.62071750771995,231.95800933839706,245.62071750771995,100959800
2025-02-03,226.56248474121094,230.35824094469035,224.2671520837408,228.52992572925916,73063300
2025-02-04,231.32208251953125,231.64998934854387,225.21111642561868,225.80731341689966,45067300
2025-02-05,230.9941864013672,231.19291368703577,226.82085275464706,227.0791967098242,39620300
2025-02-06,231.73941040039062,232.31573010563136,228.96711414866223,229.8216550685821,29925300
2025-02-07,226.18490600585938,232.5144614947352,225.81724462416,231.12335539671392,39707200
2025-02-10,226.45346069335938,229.378010419489,226.00582893863492,228.36338248973718,33115600
2025-02-11,231.3973388671875,233.99362125199642,226.93094812871882,227.000572314181,53718400
2025-02-12,235.625,235.71453849328682,229.4675323792709,229.98480349517558,45243300
2025-02-13,240.26052856445312,241.06626881430705,234.33186254170715,235.66481592241834,53614100
2025-02-14,243.3143768310547,244.25938055012708,239.7233505557091,239.9819785190441,40896200
2025-02-18,243.18505859375,243.89131830963376,240.56887710589865,242.86673323889264,48822500
2025-02-19,243.5829620361328,244.716969605811,241.88195827091008,243.37407429304395,32204200
2025-02-20,244.53790283203125,245.4829065325138,243.00598867544505,243.6525813389452,32316900
2025-02-21,244.25938415527344,247.38287960480025,243.93111682470231,244.6572756706751,53197400
2025-02-24,245.80125427246094,247.55199828948733,243.1353323966777,243.64264638435856,51326400
2025-02-25,245.74154663085938,248.68599549611233,243.62275227067275,246.69650753214344,48013300
2025-02-26,239.09666442871094,243.6923767743236,237.87313357927937,243.04579925662603,44433600
2025-02-27,236.05274963378906,241.1856322165831,235.81400561415145,238.15166004001364,41153600
2025-02-28,240.5688934326172,240.8175794410065,228.9900734891547,235.70459571566596,56833400
2025-03-03,236.77891540527344,242.74737946323825,234.8690087281554,240.51914741730602,47184000
2025-03-04,234.68997192382812,238.80822713414068,233.44654177924315,236.46063041402056,53798100
2025-03-05,234.50096130371094,235.30670153327668,228.0251680036218,234.18263593082168,47227600
2025-03-06,234.0930938720703,236.60979483297604,231.9345013377031,233.20777237015392,45170400
2025-03-07,237.81346130371094,240.10136041796665,233.5261018066448,233.87426828677374,46273600
2025-03-10,226.2843475341797,234.91873283818802,223.041487749586,234.30198127309518,72071200
2025-03-11,219.67926025390625,224.65298022983382,216.30707871737093,222.63365113389432,76137400
2025-03-12,215.83956909179688,220.58450266635003,213.78045671174684,218.98296406915986,62547500
2025-03-13,208.5779266357422,215.70029772842102,207.3245545879158,214.81497612462363,61368300
2025-03-14,212.36790466308594,212.8254784087618,208.4784519318959,210.13967261110687,60107600
2025-03-17,212.87521362304688,214.0888025037831,208.8663965620962,212.18883784213668,48073400
2025-03-18,211.5720977783203,214.01915944879542,210.37840804794794,213.03437263106773,42432400
2025-03-19,214.10870361328125,217.6101915579757,212.6265295918345,213.0940604852241,54385400
2025-03-20,212.97470092773438,216.3468825511506,211.10457731145533,212.86527847830126,48862900
2025-03-21,217.12277221679688,217.68976839110027,210.16950634984832,210.4480334492585,94127800
2025-03-24,219.56983947753906,220.3158974796034,217.4311459430569,219.8384246082871,44299500
2025-03-25,222.573974609375,222.92214108802088,218.92326587520165,219.6096416779903,34493600
2025-03-26,220.3656463623047,223.83730853242594,219.3112201065871,222.33523531503357,34466100
2025-03-27,222.67344665527344,223.80745418869535,219.40073045135125,220.22636977863218,37094800
2025-03-28,216.7547149658203,222.6336557419088,216.5358700680628,220.504904155295,39818600
2025-03-31,220.96249389648438,224.43414081005062,215.09349507460487,215.86939419548492,65299300
2025-04-01,222.0169219970703,222.50433685640354,217.749461617725,218.65468232589998,36412700
2025-04-02,222.71322631835938,224.0063965120705,219.85831598824518,220.15674221426906,35905900
2025-04-03,202.12200927734375,206.39941095201831,200.1922037418915,204.4596482635752,103419000
2025-04-04,187.389892578125,198.82944937179326,186.35535024633944,192.87092693410324,125910900
2025-04-07,180.50625610351562,193.12954493623218,173.70219548773406,176.26863687444822,160466300
2025-04-08,171.51376342773438,189.33957458197378,168.32064359895526,185.71870692843436,120859500
2025-04-09,197.8048553466797,199.55559936553783,170.98654976711688,171.04623198001363,184395900
2025-04-10,189.4191436767578,193.7562279640405,182.03814529024513,188.07624843340898,121880000
2025-04-11,197.10850524902344,198.4911987157403,185.08205468111316,185.12185293864357,87435900
2025-04-14,201.45556640625,211.8207974391945,200.10271391024364,210.32868138530173,101352900
2025-04-15,201.07754516601562,202.44033954558066,198.74984792281177,200.7990180691496,51343900
2025-04-16,193.24893188476562,199.64512887500646,191.35890907242805,197.31743142832593,59732400
2025-04-17,195.9446563720703,197.78493872612725,193.39811432307044,196.16350125239885,52164700
2025-04-21,192.14476013183594,192.78139570274652,188.8123615658979,192.25418258208256,46742500
2025-04-22,198.69017028808594,200.53043756485187,194.93998119085117,195.08918671811182,52976400
2025-04-23,203.52462768554688,206.9067512010516,201.7340854567431,204.9172632087338,52929200
2025-04-24,207.27481079101562,207.73239972806866,201.87335793866913,203.81310578126346,47311000
2025-04-25,208.18002319335938,208.6475540878433,205.1162098506388,205.28531450927932,38222300
2025-04-28,209.03550720214844,210.38835967290976,206.3696005213303,208.89624364686077,38743100
2025-04-29,210.0998992919922,211.12448445804597,207.27481462988695,207.59314001435672,36827600
2025-04-30,211.3831024169922,212.4574277707069,205.5837430092506,208.19992461631293,52286500
2025-05-01,212.19879150390625,213.43226431553572,207.8020097882055,207.98107159612528,57365700
2025-05-02,204.27069091796875,205.9020705063368,201.09745506032002,205.0067917796952,101010600
2025-05-05,197.84461975097656,203.02724230800965,197.168201163887,202.0324983774042,69018500
2025-05-06,197.46661376953125,199.59536519080132,195.9844550154461,197.1682027308483,51216500
2025-05-07,195.218505859375,198.39174158064424,192.23427392267118,198.1231564563361,68536700
2025-05-08,196.45201110839844,198.99855348942916,193.65676753221484,196.68079799363124,50478900
2025-05-09,197.4865264892578,199.48595647897335,196.50172445806652,197.95405738682032,36453900
2025-05-12,209.95704650878906,210.435160708662,205.93301745006437,210.13634313336473,63775800
2025-05-13,212.08859252929688,212.55673652410627,208.17412935394688,209.59847136477597,51909300
2025-05-14,211.490966796875,213.09460539099953,209.7478820292828,211.5905625216416,49325800
2025-05-15,210.61444091796875,212.11848379882832,208.71198473801002,210.11641669484823,45029500
2025-05-16,210.42520141601562,211.73003772257164,208.94109887256835,211.52086084946143,54737900
2025-05-19,207.9550018310547,208.65223273202483,203.45285841572866,207.0884445111699,46140500
2025-05-20,206.04258728027344,207.64622592622177,204.2198167548668,206.84938410987283,42496600
2025-05-21,201.2914276123047,206.22186440009241,199.91689108628387,204.3592586621154,59211800
2025-05-22,200.56431579589844,201.94882252859867,198.91087172706415,199.91689038506837,46742400
2025-05-23,194.49839782714844,196.9187884239126,192.69555244631704,192.9047141233614,78432900
2025-05-27,199.4188690185547,199.94677348688452,196.64984031499387,197.51641281084125,56288500
2025-05-28,199.62803649902344,201.9289060786693,199.11008702875665,199.79736291846774,45339700
2025-05-29,199.15988159179688,203.0046291598645,197.72556941325453,202.77554227533128,51396800
2025-05-30,200.05633544921875,201.1619498266407,196.00241099917397,198.5821728136608,70819900
2025-06-02,200.90298461914062,201.3312933884623,199.3292261245183,199.4885975362889,35423300
2025-06-03,202.46676635742188,202.9647905668523,200.16589694161215,200.55435521702816,46381600
2025-06-04,202.0185546875,205.42503857555045,201.30139858491114,202.10819540070028,43604000
2025-06-05,199.83718872070312,203.9409031289377,199.35907456166248,202.69584267027508,55126100
2025-06-06,203.11419677734375,204.8871617909174,201.2515910514923,202.19783403313102,46607700
2025-06-09,200.65394592285156,205.18596915505242,199.22960401477,203.58233063284266,72862600
2025-06-10,201.869140625,203.54250994980842,199.77744796710627,199.8073282051838,54672600
2025-06-11,197.9945068359375,203.69190510411792,197.62597377823997,202.69585666840098,60989900
2025-06-12,198.41285705566406,198.890956077424,196.58013147350607,198.29333609984755,43904600
2025-06-13,195.6737060546875,199.57821397711425,194.92666975119658,198.94074360607502,51447300
2025-06-16,197.6359405517578,197.90487790098294,195.78328974313985,196.52037110088898,43020700
2025-06-17,194.86691284179688,197.60604600468164,194.43861931524052,196.42074594971083,38856200
2025-06-18,195.80322265625,196.78931617646225,194.29919484122428,195.16575220236885,45394700
2025-06-20,200.20574951171875,200.90298042554332,196.08210930882012,197.45666110928434,96813500
2025-06-23,200.70376586914062,201.50060768152076,198.17380945321412,200.83325703321927,55814300
2025-06-24,199.5084991455078,202.63609053842802,199.40888822531906,201.78944331230142,54064000
2025-06-25,200.7635040283203,202.8651666655851,199.82721614273908,200.6539381013163,39525700
2025-06-26,200.20574951171875,201.8392684520338,198.67184150130464,200.63404307360597,50799100
2025-06-27,200.28543090820312,202.41697405518968,199.20969672208463,201.09222774816857,73188600
2025-06-30,204.35926818847656,206.570497066428,198.47261792694385,201.21175129212304,91912800
2025-07-01,206.99879455566406,209.35942450018746,205.3254252695324,205.85332972802502,78788900
2025-07-02,211.6005401611328,212.49697770796604,207.31752868499885,208.08449026524102,67941800
2025-07-03,212.70616149902344,213.80180573654258,210.97303162710094,211.31168447150716,34955800
2025-07-07,209.12037658691406,215.37555986284275,207.97492690746134,211.83958469799765,50229000
2025-07-08,209.18014526367188,210.59453234535175,207.62631199643187,209.26980118177752,42848900
2025-07-09,210.3056640625,210.49491569520316,206.40115605631001,208.70202548866368,48749400
2025-07-10,211.5706787109375,212.63644276910486,209.20007826975964,209.67817732396114,44443600
2025-07-11,210.32559204101562,211.29176024279,209.03072603053,209.73792710960444,39765800
2025-07-14,207.79563903808594,210.0765986782557,206.71990480407712,209.10046017794556,38840100
2025-07-15,208.28369140625,211.05270487364396,208.09443976951917,208.39325734338402,42296300
2025-07-16,209.3295440673828,211.5606828488181,207.8155461810567,209.4689902412225,47490500
2025-07-17,209.1901092529297,210.9630743588066,208.7618004967043,209.7379389650813,48068100
2025-07-18,210.34552001953125,210.95311022715865,208.87137245947412,210.03674740882613,48974600
2025-07-21,211.64036560058594,214.92732845073886,210.7937335563828,211.2618775331451,51377400
2025-07-22,213.55279541015625,214.1006251327807,211.39137195770533,212.29777975345726,46404100
2025-07-23,213.3037872314453,214.29983576430007,211.5706725113145,214.15043456376964,46989300
2025-07-24,212.91531372070312,214.83769515517375,212.68622683006964,213.05475989741393,46022600
2025-07-25,213.0348663330078,214.38949295365802,212.55675209148805,213.85161823157193,40268800
2025-07-28,213.2041778564453,214.00101967144602,212.2180844005514,213.18425263148458,37858000
2025-07-29,210.43515014648438,213.96115480223384,209.9869314052821,213.33363944545516,51411700
2025-07-30,208.2239227294922,211.55072076453234,206.89917652304968,211.06265157316113,45512500
2025-07-31,206.74978637695312,209.01080544085684,206.3414028602417,207.66614913739534,80698400
2025-08-01,201.58029174804688,212.73603143542957,200.7037642416869,210.03673342752194,104434500
2025-08-04,202.54647827148438,207.058576977071,200.88306382200804,203.70188303605903,75109300
2025-08-05,202.11813354492188,204.52856877803342,201.3611422546983,202.59623250724772,44155100
2025-08-06,212.40733337402344,214.52892145014,204.77759854868273,204.81744899810374,108483100
2025-08-07,219.16055297851562,219.9773200540019,215.7241886502616,218.01510326859565,90224800
2025-08-08,228.44374084472656,230.08721487155407,218.38364441813084,219.95740294972967,113854000
2025-08-11,226.53909301757812,228.91238364576833,224.12592192869855,227.27701087414155,61806100
2025-08-12,229.00210571289062,230.14887046423402,226.42939779448272,227.36673308681236,55626200
2025-08-13,232.6717529296875,234.33703985510917,229.77992501054072,230.4181341091737,69878500
2025-08-14,232.12330627441406,234.4567012802976,230.19875827485632,233.39969406647393,51916300
2025-08-15,230.93666076660156,233.61907447658757,228.69300821277216,233.3398655982593,56038700
2025-08-18,230.23863220214844,232.46233685580373,229.46083388892833,231.04634466466607,37476200
2025-08-19,229.90957641601562,232.21305735738468,228.70299840660482,230.6275464777077,39402600
2025-08-20,225.3723907470703,229.81981519856654,225.13307755654054,229.33119207499826,42263900
2025-08-21,224.26551818847656,225.88095827873425,223.14868274098328,225.63166356522294,30621200
2025-08-22,227.11744689941406,228.44369658121065,224.77408575714253,225.53193619713707,42477800
2025-08-25,226.5191650390625,228.65312729963858,225.59178073979155,225.84107546750252,30983100
2025-08-26,228.6630859375,228.84258604761433,224.05612439304167,226.22996704217394,54575100
2025-08-27,229.8397674560547,230.24859923631865,227.6160475796746,227.96506627689797,31259500
2025-08-28,231.90391540527344,232.7515235304584,228.692998228932,230.16883391080088,38074700
2025-08-29,231.485107421875,232.7216147258446,230.71727541448905,231.85405874294378,39418400
2025-09-02,229.07192993164062,230.19874691737337,226.3296880547272,228.60325464814514,44075600
2025-09-03,237.79725646972656,238.17618932549604,233.69885053091846,236.5408165177042,66427800
2025-09-04,239.1035614013672,239.2232180033205,236.07214416452067,237.77731160532718,47549400
2025-09-05,239.0137939453125,240.63920029193574,237.81718240373485,239.32291694518142,54870400
2025-09-08,237.2089080810547,239.47249309970456,235.67324414176576,238.62490021245955,48999500
2025-09-09,233.68887329101562,238.1063683630383,232.70166073618753,236.33139119913957,66313900
2025-09-10,226.15020751953125,231.7643298806428,225.31258085277642,231.53498298240493,83440800
2025-09-11,229.3810577392578,229.7998710451417,226.010588238333,226.23995033725743,50208600
2025-09-12,233.40966796875,233.84841389514688,228.3739115767776,228.5733443098202,55824200
2025-09-15,236.03224182128906,237.5180438551372,234.36695488957946,236.33139853346725,42699500
2025-09-16,237.4781494140625,240.53949594661788,235.65332541334,236.51088466190768,63421100
2025-09-17,238.3157958984375,239.42266510979977,237.05934071942244,238.2958480596019,46508000
2025-09-18,237.2089080810547,240.51953392817583,235.98236714862816,239.2930082114909,44249600
2025-09-19,244.80740356445312,245.60514967420656,239.53233423145286,240.54944568604057,163741300
2025-09-22,255.35755920410156,255.9160073848096,247.42002368458668,247.5995237986898,105517400
2025-09-23,253.71221923828125,256.6140134777918,252.86462630601793,255.15814081026073,60275200
2025-09-24,251.59820556640625,255.01853710208397,250.33178410429736,254.49999981420794,42303700
2025-09-25,256.1453552246094,256.44452717224715,250.99992334214926,252.4956917858775,55202100
2025-09-26,254.73931884765625,256.87328100426123,253.06405044687503,253.38315498635407,46076300
2025-09-29,253.71221923828125,254.28061851263055,252.29622703166862,253.84185736381545,40127700
2025-09-30,253.9116668701172,255.1980209495745,252.39595068950493,254.1410137555297,37704300
2025-10-01,254.72935485839844,258.05994405161016,254.21081755391603,254.3205078449461,48713900
2025-10-02,256.40460205078125,257.45162766856953,253.43299812845933,255.85613542550084,42630200
2025-10-03,257.2920837402344,258.5086431914624,253.23357360959045,253.9515436206674,49155600
2025-10-06,255.96585083007812,258.3391414491699,254.33047806472084,257.2621712100349,44664100
2025-10-07,255.75643920898438,256.67382669789566,254.70938317067183,256.0854948355218,31955800
2025-10-08,257.3320007324219,257.7906945345413,255.38748958216482,255.79633660873378,36496900
2025-10-09,253.3233184814453,257.2721535801604,252.42586356688122,257.082687156571,38322000
2025-10-10,244.57806396484375,255.6567217403356,243.3116425485481,254.2207817432353,61999100
2025-10-13,246.96131896972656,248.98559082884384,244.86723728717817,248.6764678182016,38142900
2025-10-14,247.07101440429688,248.14796941642882,244.00966795095763,245.90431694508948,35478000
2025-10-15,248.63658142089844,251.10959602979932,246.77186176083558,248.78616738422895,33893600
2025-10-16,246.75192260742188,248.33743345063007,244.43847540742667,247.54966879270205,39777000
2025-10-17,251.5782470703125,252.66518358811555,246.57242016484557,247.3203043073955,49147000
2025-10-20,261.50018310546875,263.63416054313814,254.90884523128253,255.168106265739,90483000
2025-10-21,262.0287170410156,264.54162761794373,261.0913663387469,261.1412435480521,46695900
2025-10-22,257.72088623046875,262.1084670888602,254.70938662410154,261.9090191460537,45015300
2025-10-23,258.8476867675781,259.8847613495841,257.28213901467177,259.206686997747,32754900
2025-10-24,262.07855224609375,263.3848541030092,258.44880663072195,260.4531458541269,38253700
2025-10-27,268.0516662597656,268.36078929414754,263.90339825112477,264.13276036080543,44888200
2025-10-28,268.2411193847656,269.12862319727753,267.39351124836816,268.23113785786586,41534800
2025-10-29,268.93914794921875,270.6443152614699,266.35642794866993,268.5203194424725,51086700
2025-10-30,270.63433837890625,273.36662916750566,267.72259312931254,271.2226702585742,69886500
2025-10-31,269.6072692871094,276.53767519933945,268.40069127196034,276.2085891024436,86167100
2025-11-03,268.29095458984375,270.08589475979994,265.49886601188945,269.65711516237894,50194600
2025-11-04,269.2781982421875,270.72408938596277,266.86501191822913,267.5730004152706,49274800
2025-11-05,269.3779296875,270.9335263776032,266.17696342424256,267.8522167164328,43683100
2025-11-06,269.0089416503906,272.6287059365568,267.1342708755924,267.1342708755924,51204000
2025-11-07,267.7126159667969,271.5218466038475,266.0173996929098,269.03885049148494,48227400
2025-11-10,268.93035888671875,273.22240319845355,266.96401085683,268.46122924118225,41312400
2025-11-11,274.73956298828125,275.3983427074405,269.2996575494418,269.3096487524697,46208300
2025-11-12,272.9628601074219,275.2186787593472,271.19615348009904,274.49002155435767,48398000
2025-11-13,272.44384765625,276.1868935731559,271.5854266195937,273.6016697208788,49602800
2025-11-14,271.9048156738281,275.44821996704485,269.10002929321837,270.54732197227213,47431300
2025-11-17,266.9639892578125,269.98836893107386,265.237217022597,268.3214829895084,45018300
2025-11-18,266.9440612792969,270.2079864201871,264.8279974843966,269.48932037088264,45677300
2025-11-19,268.06195068359375,271.7051756343288,265.00762791735707,265.0375710636542,40424500
2025-11-20,265.7562561035156,274.91922505965954,265.42688147061517,270.327749378444,45823600
2025-11-21,270.98651123046875,272.8230952896135,265.17732758833057,265.4568071090486,59030800
2025-11-24,275.4083251953125,276.4863089537433,270.397615191446,270.397615191446,65585800
2025-11-25,276.4563903808594,279.8600705608694,274.73957871594786,274.75953066216096,46914200
2025-11-26,277.0352783203125,279.01161742605893,276.1170014953278,276.44637611579356,33431400
2025-11-28,278.3328857421875,278.4826014787427,275.4781737009374,276.7458380127342,20135600
2025-12-01,282.57501220703125,282.89442609469603,275.62792768573877,277.4944549964911,46587700
2025-12-02,285.6592712402344,286.86701880065203,282.10587559562896,282.47518456741903,53669500
2025-12-03,283.623046875,288.0847586222564,282.77461708045536,285.6692634925469,43538700
2025-12-04,280.179443359375,284.20196835267484,278.07334059490756,283.5731318378766,43989100
2025-12-05,278.26300048828125,280.6186397013617,277.53434330937836,280.01974631085085,47265800
2025-12-08,277.3746643066406,279.15136205700173,275.6378704438954,277.6142094762677,38211800
2025-12-09,276.66595458984375,279.5106752769474,276.40645748061854,277.64414811825674,32193300
2025-12-10,278.26300048828125,279.2312028389952,275.92734368017386,277.23491184461454,33038300
2025-12-11,277.514404296875,279.07150890817053,273.3022288840155,278.5824273392719,33248000
2025-12-12,277.7639465332031,278.70220580092337,276.30666253778065,277.38464634485007,39532900
2025-12-15,273.6016540527344,279.63046152672615,272.33402020742307,279.63046152672615,50409100
2025-12-16,274.1007385253906,274.9891026980292,271.2859911871425,272.3140798989353,37648600
2025-12-17,271.33587646484375,275.6478724530811,271.13626563598973,274.50001118897205,50138700
2025-12-18,271.68524169921875,273.12257373871984,266.4549687260805,273.1025913325419,51630700
2025-12-19,273.1625061035156,274.09077415448866,269.399477884542,271.6453053723066,144632000
2025-12-22,270.4674987792969,273.37210596231955,270.00836035897595,272.3539780142796,36571800
2025-12-23,271.85491943359375,271.99467443806464,269.06012395403746,270.3377490962612,29642000
2025-12-24,273.3022155761719,274.9192064044749,271.69521595033444,271.8349404799371,17910600
2025-12-26,272.8929748535156,274.859322715931,272.35396775197984,273.65157518449314,21521800
2025-12-29,273.2523498535156,273.8512128461511,271.8449608988494,272.1843267483383,23715200
2025-12-30,272.5735778808594,273.5717234473003,271.77507361210075,272.304089543875,22139600
2025-12-31,271.3558349609375,273.17246717497864,271.24605357156486,272.553621806917,27293600
2026-01-02,270.5074157714844,277.32473598417806,268.5011336129586,271.75509761912826,37838100
2026-01-05,266.7643737792969,271.0064921177503,265.6464557026853,270.1381104139889,45647200
2026-01-06,261.8734436035156,267.0538212812338,261.6338984265986,266.504853430471,52352100
2026-01-07,259.8471984863281,263.1909919246956,259.32817380451803,262.71190159101934,48309800
2026-01-08,258.55963134765625,258.80916773471864,255.22581364132833,256.5433578451618,50419300
2026-01-09,258.8890075683594,259.7274461787287,255.74485516422806,258.5995368285105,39997000
2026-01-12,259.76739501953125,260.8154357257053,256.32378048041085,258.6794199598783,45263800
2026-01-13,260.5658874511719,261.3244878277737,257.9108470550362,258.24022168851656,45730800
2026-01-14,259.4779052734375,261.33447181199796,256.23393227813756,259.0087756526009,40019400
2026-01-15,257.73114013671875,260.5559089501236,256.5732877053955,260.1666175851947,39388600
2026-01-16,255.05613708496094,258.41988279267105,254.45724364888233,257.4217372195352,72142800
2026-01-20,246.2425079345703,254.31750190322293,242.9685916985444,252.26132447540706,80267500
2026-01-21,247.1907501220703,251.09350304772093,244.72532928784554,248.23880604127606,54641700
2026-01-22,247.8894500732422,250.53452965267718,247.68980878155546,248.737864640942,39708300
2026-01-23,247.58001708984375,248.94748685874615,244.22624741136653,246.86136630134166,41689000
2026-01-26,254.9363555908203,256.08421686766076,249.336758511775,251.01363570547153,55969200
2026-01-27,257.791015625,261.46421404872183,257.73112933459527,258.68937090303496,49648300
2026-01-28,255.96446228027344,258.3799575946877,254.03803333601454,257.17220993748055,41288000
2026-01-29,257.801025390625,259.16847988830324,253.93820707645818,257.52154586161765,67253000
2026-01-30,258.9988098144531,261.41430490835,251.7123292610244,254.69678984095313,92443400
2026-02-02,269.5093078613281,269.98839826257677,258.7293169184304,259.5478036352127,73913400
2026-02-03,268.98028564453125,271.3758289780004,267.11372779647115,268.70080609664296,64394700
2026-02-04,275.97723388671875,278.432693698261,271.7850411492978,271.7850411492978,90545700
2026-02-05,275.3983459472656,278.98168486317746,272.72332314901723,277.6142303156022,52977400
2026-02-06,277.6042175292969,280.3890519626743,276.4164219647768,276.6060720438839,50453400
2026-02-09,274.3672180175781,277.9439398399519,271.4499228389202,277.6541982366954,44623400
2026-02-10,273.4280700683594,275.11651686144285,272.68876099546605,274.6369782150198,34376900
2026-02-11,275.24639892578125,279.92208361183503,274.1973776592452,274.44714753122867,51931300
2026-02-12,261.4891052246094,275.46621856633783,259.94051360693726,275.3363333447182,81077200
2026-02-13,255.5445556640625,261.9886306947134,255.21485759663088,261.7688319830923,56290700
2026-02-17,263.6371154785156,266.0449008431299,255.30478047881587,257.8124646511843,58469100
2026-02-18,264.106689453125,266.57441720150126,262.20844437502524,263.35737977838915,34203300
2026-02-19,260.3401184082031,264.2365527856389,259.81060750150084,262.35827847824623,30845300
2026-02-20,264.3364562988281,264.5063132392292,257.9223826043077,258.73163460792017,42070500
2026-02-23,265.9349670410156,269.1819753311392,263.13755670993424,263.24744081710827,37308200
2026-02-24,271.8895263671875,274.6369951599546,267.46358073991865,267.61343657617186,47014600
2026-02-25,273.97760009765625,274.6869380517792,270.8005039088116,271.5298429675081,33714300
2026-02-26,272.6987609863281,275.8558253670768,270.55071567552415,274.6969199809464,32345100
2026-02-27,263.93682861328125,272.5588900215503,262.6480379442022,272.5588900215503,72366500
2026-03-02,264.476318359375,266.2846497598317,259.960490133898,262.16844722421786,41827900
2026-03-03,263.5072326660156,265.31556422164516,259.8905695547566,263.23749216234586,38568900
2026-03-04,262.2783508300781,265.9050144519466,261.179387723623,264.4063951364299,39803100
2026-03-05,260.0504150390625,261.3192350446657,257.01320478174756,260.54995479568396,49658600
2026-03-06,257.2229919433594,258.53178361058343,254.13584003818684,258.39192833924307,41120000
2026-03-09,259.6407775878906,260.9095975388004,253.44647267699952,255.45463216869055,38218500
2026-03-10,260.58990478515625,262.2384104290217,256.71350175461305,257.4128391437035,30590800
2026-03-11,260.5699157714844,261.888707997661,259.3110658747261,260.8496568052655,26218900
2026-03-12,255.52456665039062,258.71164792954545,253.94601921584928,258.4219063383753,40794000
2026-03-13,249.8897705078125,256.0940459350445,249.29033192864068,255.24483747003174,36930000
2026-03-16,252.58729553222656,253.6563027081548,249.6499992581203,251.87794235419486,32074200
2026-03-17,253.99598693847656,254.89516767044782,251.94787083452104,252.72716690012706,32361600
2026-03-18,249.70994567871094,254.70534343896443,248.7708084606242,252.3974721128864,35757900
2026-03-19,248.73085021972656,251.5982036354298,247.0723745163624,249.17043241392184,34864100
2026-03-20,247.76173400878906,248.97061168291066,245.77356028907465,247.7517334570195,88331100
2026-03-23,251.25851440429688,254.3656523266213,250.0496214753341,253.73622734962268,40546100
2026-03-24,251.4083709716797,254.5954370944537,249.32029842391177,250.1195650925759,45152300
2026-03-25,252.38746643066406,254.76528059453105,251.3684162845015,253.86611511385965,28476700
2026-03-26,252.6572265625,256.76344411909713,250.53918279672283,251.88793104116345,41796700
2026-03-27,248.57098388671875,255.2548282141602,247.8416601166152,253.666280215245,47900000
2026-03-30,246.40298461914062,250.63907198816298,245.28400520065438,249.83982057534305,39446200
2026-03-31,253.55638122558594,255.24482803058763,246.87255213324852,247.6818040942864,49598100
2026-04-01,255.3946990966797,255.94418062939917,253.096813183035,253.8461228128272,40059400
2026-04-02,255.68443298339844,255.89424639361263,250.4192795609811,253.96601496217014,31289400
2026-04-06,258.6217041015625,261.9186847371787,256.2239194053331,256.27389167390277,29329900
2026-04-07,253.26666259765625,255.96418954301222,245.47383916108728,255.92421782448065,62148000
2026-04-08,258.66168212890625,259.51090582044134,256.29386854025813,258.2121146377317,41032800
2026-04-09,260.2502136230469,260.879638597066,255.8342992320816,258.7615948993736,28121600
2026-04-10,260.240234375,261.94865175168746,258.78155637925676,259.7406946341393,31291500
2026-04-13,258.96142578125,259.9405042051452,256.4237552437805,259.49093671136296,36234700
2026-04-14,258.59173583984375,261.68888841493145,256.9532612999924,259.01136264890187,48370700
2026-04-15,266.18475341796875,266.3146386359468,257.57269269729437,257.92237663273806,49913500
2026-04-16,263.15753173828125,266.91408037974617,261.0294875448873,266.55439590858066,43323100
2026-04-17,269.98126220703125,272.0493335842862,266.47448343207725,266.7142527536172,61436200
2026-04-20,272.79864501953125,274.0275237795767,270.04120633500696,270.08114756253855,36590200
2026-04-21,265.9250183105469,272.5488901425708,265.1557075406741,271.250098918132,50209800
2026-04-22,272.9185791015625,273.48803128351057,266.62435952726383,267.5734973129919,43249200
2026-04-23,273.1783142089844,275.5161566987003,271.39995382845746,274.79681820267325,33399600
2026-04-24,270.81048583984375,272.80864483253174,269.4017800912603,272.50893317942314,38157100
2026-04-27,267.3636474609375,268.1129570778125,264.8260075108844,265.84505761361925,41466800
2026-04-28,270.4608154296875,272.97851539952296,268.4127145556596,272.0893199684016,40018900
2026-04-29,269.92132568359375,270.7905199823619,266.7942019267937,267.3037117460274,30047900
2026-04-30,271.1002502441406,275.7459641951834,267.893213328058,270.25102650288807,91848200
2026-05-01,279.88214111328125,286.95561044034525,278.1137509144006,278.6032901046287,79915400
2026-05-04,276.5751647949219,280.3716851917065,274.60697695873915,279.4025768563376,46668400
2026-05-05,283.9184265136719,284.30808218316156,276.2455026895375,276.6750995896243,49311700
2026-05-06,287.245361328125,287.76487170009636,280.8112868075762,281.66051049385584,58336100
2026-05-07,287.1754150390625,291.8611003514943,285.5169394038565,289.00371711581823,45224300
2026-05-08,293.0500183105469,294.4886952888782,289.7330669166447,289.7430674686918,52692800
2026-05-11,292.67999267578125,293.8800048828125,290.2300109863281,291.9800109863281,42247300
2026-05-12,294.79998779296875,295.2699890136719,292.55999755859375,292.55999755859375,45748100
2026-05-13,298.8699951171875,300.9200134277344,293.5,293.5,52684300
2026-05-14,298.2099914550781,300.45001220703125,295.3800048828125,299.82000732421875,35324900
2026-05-15,300.2300109863281,303.20001220703125,296.5199890136719,297.8999938964844,54862800
2026-05-18,297.8399963378906,300.6600036621094,294.9100036621094,300.239990234375,34483000
2026-05-19,298.9700012207031,300.510009765625,296.3500061035156,296.9700012207031,42243600
2026-05-20,302.25,302.79998779296875,298.0799865722656,298.17999267578125,38188800
